iteration,latency_ns,round_trip_us
0,642,4195.1
1,642,3872.6
2,642,4135.0
3,642,4013.2
4,642,3777.6
5,642,3933.0
6,642,4252.0
7,642,3998.2
8,642,3993.8
9,642,4229.4
10,642,3800.3
11,642,3803.9
12,642,4119.4
13,642,3712.7
14,642,3918.6
15,642,3978.5
16,642,4011.7
17,642,3939.3
18,642,3752.1
19,642,3736.0
20,642,3753.0
21,642,3946.3
22,642,3926.8
23,642,4228.2
24,642,3644.6
25,642,4036.8
26,642,4272.6
27,642,4190.7
28,642,3881.9
29,642,3990.4
30,642,3963.7
31,642,3994.4
32,642,3817.2
33,642,4136.2
34,642,4059.2
35,642,3976.5
36,642,4006.1
37,642,4192.3
38,642,3829.2
39,642,3734.2
40,642,4173.8
41,642,4020.3
42,642,3970.3
43,642,3997.1
44,642,4206.0
45,642,3821.9
46,642,3796.4
47,642,4139.8
48,642,3994.8
49,642,4012.6
50,642,3974.0
51,642,4113.6
52,642,4076.7
53,642,3624.4
54,642,4120.7
55,642,4047.1
56,642,3735.2
57,642,3863.0
58,642,4021.7
59,642,4268.6
60,642,3807.5
61,642,4180.8
62,642,4052.8
63,642,3749.5
64,642,3963.2
65,642,3987.8
66,642,4016.8
67,642,4285.2
68,642,3708.5
69,642,3968.6
70,642,4004.2
71,642,3978.4
72,642,3998.7
73,642,4212.9
74,642,4041.2
75,642,4223.3
76,642,3812.9
77,642,4139.5
78,642,3869.3
79,642,3596.2
80,642,4252.9
81,642,4026.6
82,642,3992.3
83,642,3727.2
84,642,4145.2
85,642,4108.0
86,642,3833.4
87,642,3837.8
88,642,4277.3
89,642,4021.2
90,642,4006.9
91,642,3885.6
92,642,4078.5
93,642,4131.3
94,642,3882.3
95,642,4093.8
96,642,3900.3
97,642,3712.6
98,642,3994.7
99,642,3924.4
100,642,4250.5
101,642,4047.6
102,642,4006.7
103,642,3683.4
104,642,4245.5
105,642,4045.2
106,642,3987.0
107,642,4080.3
108,642,3948.2
109,642,3955.3
110,642,4095.5
111,642,3908.3
112,642,3797.7
113,642,4139.5
114,642,4025.4
115,642,3977.7
116,642,3998.8
117,642,3865.6
118,642,4102.6
119,642,3728.8
120,642,4218.8
121,642,4054.9
122,642,4034.4
123,642,3911.7
124,642,3811.3
125,642,4168.3
126,642,4119.4
127,642,3918.4
128,642,3794.7
129,642,3966.0
130,642,3833.8
131,642,4058.1
132,642,4216.6
133,642,4044.9
134,642,3683.1
135,642,4232.5
136,642,4173.7
137,642,3879.6
138,642,3641.2
139,642,4229.1
140,642,4078.8
141,642,3995.7
142,642,3995.0
143,642,4009.9
144,642,3991.2
145,642,3786.3
146,642,4165.0
147,642,3720.0
148,642,4240.2
149,642,4032.1
150,642,3850.4
151,642,4113.0
152,642,3681.0
153,642,4310.4
154,642,4017.0
155,642,3982.1
156,642,3997.6
157,642,3829.3
158,642,3782.3
159,642,4276.6
160,642,4062.6
161,642,4160.1
162,642,3945.8
163,642,3904.3
164,642,3728.2
165,642,4201.1
166,642,4018.6
167,642,4001.6
168,642,3986.1
169,642,4073.8
170,642,3925.5
171,642,3838.2
172,642,4123.5
173,642,4720.5
174,642,3925.7
175,642,4240.8
176,642,3802.2
177,642,3923.4
178,642,4061.0
179,642,4228.3
180,642,4096.0
181,642,3794.0
182,642,4112.1
183,642,3688.4
184,642,3918.5
185,642,4350.3
186,642,4017.9
187,642,3992.1
188,642,3818.0
189,642,4146.8
190,642,4046.3
191,642,3969.3
192,642,3771.4
193,642,4207.0
194,642,3995.7
195,642,3708.0
196,642,4247.9
197,642,4037.3
198,642,3981.3
199,642,4003.6
200,642,4060.7
201,642,3919.6
202,642,3789.2
203,642,4229.2
204,642,4006.1
205,642,3951.2
206,642,3965.3
207,642,3791.7
208,642,3832.5
209,642,3983.5
210,642,3986.1
211,642,3939.4
212,642,3177.0
213,642,3859.6
214,642,3960.7
215,642,3123.9
216,642,3897.5
217,642,3967.8
218,642,3157.1
219,642,3859.9
220,642,3950.0
221,642,3168.9
222,642,3900.3
223,642,3919.5
224,642,3229.9
225,642,3857.2
226,642,3929.4
227,642,3955.8
228,642,3160.7
229,642,3894.4
230,642,4012.7
231,642,4196.2
232,642,4104.0
233,642,3860.2
234,642,4116.7
235,642,4004.3
236,642,4192.7
237,642,3832.6
238,642,4009.8
239,642,3948.4
240,642,3778.5
241,642,4147.4
242,642,4032.2
243,642,3988.1
244,642,4002.0
245,642,4034.8
246,642,3947.4
247,642,3664.9
248,642,4318.5
249,642,3742.9
250,642,4196.3
251,642,4036.4
252,642,3986.1
253,642,4004.9
254,642,3710.8
255,642,4222.2
256,642,4089.4
257,642,4044.2
258,642,3919.1
259,642,3824.4
260,642,4132.8
261,642,3976.8
262,642,3995.0
263,642,3998.0
264,642,4143.5
265,642,3870.9
266,642,3773.5
267,642,4152.6
268,642,3997.3
269,642,4022.4
270,642,3989.5
271,642,3973.3
272,642,3682.4
273,642,3943.2
274,642,3983.4
275,642,3927.5
276,642,3266.8
277,642,3761.1
278,642,3105.8
279,642,3909.5
280,642,4030.6
281,642,4038.0
282,642,4011.4
283,642,4221.3
284,642,3831.2
285,642,4180.6
286,642,4112.0
287,642,3965.2
288,642,3948.3
289,642,3713.0
290,642,4239.0
291,642,4025.7
292,642,4015.2
293,642,3963.4
294,642,4120.4
295,642,3883.1
296,642,3750.5
297,642,4175.4
298,642,4018.6
299,642,4069.8
300,642,3929.2
301,642,4008.6
302,642,3975.0
303,642,3660.1
304,642,4267.0
305,642,3833.7
306,642,4162.1
307,642,4030.8
308,642,3842.7
309,642,4121.2
310,642,3712.5
311,642,3945.8
312,642,4238.8
313,642,3855.6
314,642,4161.5
315,642,3821.1
316,642,3934.4
317,642,4228.9
318,642,4028.7
319,642,4152.4
320,642,4125.7
321,642,3768.6
322,642,3773.7
323,642,4128.8
324,642,4108.8
325,642,3917.9
326,642,3969.3
327,642,4350.1
328,642,3687.5
329,642,3752.7
330,642,4130.6
331,642,3732.8
332,642,4292.2
333,642,3998.3
334,642,4101.2
335,642,3908.1
336,642,3751.3
337,642,4184.9
338,642,3812.8
339,642,3946.1
340,642,3921.6
341,642,3979.7
342,642,4267.9
343,642,3855.7
344,642,4153.0
345,642,4159.4
346,642,3954.2
347,642,3889.9
348,642,3748.0
349,642,4176.2
350,642,3672.1
351,642,4238.1
352,642,3931.1
353,642,4256.2
354,642,3904.5
355,642,3778.3
356,642,4150.6
357,642,4022.6
358,642,3991.0
359,642,3989.1
360,642,4129.8
361,642,3892.5
362,642,3727.3
363,642,4127.0
364,642,3994.8
365,642,3720.8
366,642,4251.1
367,642,4019.8
368,642,4097.5
369,642,3838.9
370,642,4029.2
371,642,4127.3
372,642,3883.8
373,642,3963.5
374,642,3889.1
375,642,4102.6
376,642,4105.5
377,642,3873.8
378,642,3752.4
379,642,4231.5
380,642,3984.8
381,642,3919.6
382,642,4073.8
383,642,4002.3
384,642,4111.4
385,642,3910.0
386,642,4153.7
387,642,3832.5
388,642,3769.7
389,642,4153.9
390,642,3703.7
391,642,4216.6
392,642,4040.8
393,642,4158.1
394,642,3900.5
395,642,3848.6
396,642,4111.8
397,642,4000.4
398,642,3987.5
399,642,3997.2
400,642,3860.3
401,642,4091.3
402,642,3664.0
403,642,4218.0
404,642,4093.6
405,642,3986.5
406,642,4023.7
407,642,3797.2
408,642,3840.8
409,642,4281.7
410,642,4009.5
411,642,4005.9
412,642,3719.6
413,642,3960.9
414,642,4067.2
415,642,4186.6
416,642,3738.5
417,642,4235.6
418,642,4034.6
419,642,4056.7
420,642,3933.7
421,642,3860.1
422,642,4105.9
423,642,4006.2
424,642,3990.7
425,642,3990.8
426,642,3909.9
427,642,4063.8
428,642,3721.0
429,642,4278.1
430,642,3988.5
431,642,3986.2
432,642,4017.9
433,642,3849.3
434,642,4106.8
435,642,3715.1
436,642,4279.5
437,642,4017.9
438,642,3974.1
439,642,3994.2
440,642,3791.8
441,642,4159.4
442,642,4114.0
443,642,3954.3
444,642,3966.2
445,642,4160.4
446,642,3825.8
447,642,3723.4
448,642,4195.9
449,642,3844.0
450,642,4277.4
451,642,3665.9
452,642,4362.7
453,642,3872.6
454,642,3952.3
455,642,3995.7
456,642,3994.9
457,642,3994.0
458,642,3986.3
459,642,3779.1
460,642,3871.6
461,642,3962.3
462,642,3957.8
463,642,3133.8
464,642,3822.4
465,642,3180.3
466,642,3853.7
467,642,3926.1
468,642,3141.5
469,642,3920.4
470,642,3922.0
471,642,3188.8
472,642,3862.2
473,642,3132.6
474,642,3901.7
475,642,3926.2
476,642,3158.5
477,642,3857.7
478,642,3934.4
479,642,3204.9
480,642,3843.1
481,642,4000.5
482,642,4028.2
483,642,4285.2
484,642,4051.3
485,642,4108.0
486,642,3888.6
487,642,3789.8
488,642,4176.1
489,642,3987.5
490,642,3999.9
491,642,4303.0
492,642,3826.5
493,642,3867.1
494,642,3697.5
495,642,4309.6
496,642,3965.5
497,642,3962.9
498,642,3989.1
499,642,3933.4
500,642,4189.5
501,642,3586.6
502,642,4227.0
503,642,4097.5
504,642,3943.9
505,642,3976.8
506,642,3786.6
507,642,3889.0
508,642,4263.7
509,642,4022.8
510,642,3997.2
511,642,4186.6
512,642,3845.4
513,642,3732.8
514,642,4174.7
515,642,4052.7
516,642,3959.8
517,642,3999.2
518,642,4096.8
519,642,3916.9
520,642,3858.5
521,642,4078.5
522,642,4083.1
523,642,3930.3
524,642,3964.5
525,642,3955.2
526,642,3873.7
527,642,3826.1
528,642,3997.8
529,642,4189.0
530,642,3838.2
531,642,3890.7
532,642,3937.9
533,642,3213.3
534,642,3850.6
535,642,4257.8
536,642,4139.1
537,642,3956.9
538,642,3689.4
539,642,3920.4
540,642,3989.7
541,642,4110.7
542,642,4345.7
543,642,3911.9
544,642,3952.8
545,642,3985.8
546,642,4244.7
547,642,3809.2
548,642,3793.2
549,642,4106.0
550,642,3840.3
551,642,4130.1
552,642,4041.7
553,642,3985.0
554,642,3689.4
555,642,3948.7
556,642,4037.5
557,642,4253.8
558,642,4019.1
559,642,4043.3
560,642,3598.9
561,642,4274.0
562,642,3841.4
563,642,4163.7
564,642,4046.6
565,642,3726.1
566,642,4205.8
567,642,3830.1
568,642,4193.4
569,642,3703.5
570,642,4343.3
571,642,3823.3
572,642,3940.8
573,642,3924.7
574,642,3932.8
575,642,4249.3
576,642,4032.6
577,642,3986.4
578,642,3696.2
579,642,4270.4
580,642,4036.9
581,642,3792.2
582,642,4135.9
583,642,3722.9
584,642,4258.7
585,642,3728.1
586,642,4104.8
587,642,4152.8
588,642,3765.5
589,642,4191.3
590,642,4058.8
591,642,4050.4
592,642,3758.5
593,642,3964.2
594,642,4147.5
595,642,3774.1
596,642,4198.9
597,642,4060.1
598,642,3971.5
599,642,4014.0
600,642,3813.3
601,642,4119.1
602,642,4096.2
603,642,3930.0
604,642,3972.3
605,642,4063.8
606,642,3950.4
607,642,3761.6
608,642,4159.9
609,642,4017.2
610,642,4015.5
611,642,3961.4
612,642,4138.2
613,642,3896.7
614,642,3697.3
615,642,4212.4
616,642,4028.8
617,642,3993.7
618,642,4010.5
619,642,3981.4
620,642,3986.6
621,642,3804.5
622,642,4147.7
623,642,4025.7
624,642,4161.3
625,642,3858.1
626,642,3756.6
627,642,4173.3
628,642,4078.6
629,642,3941.0
630,642,3989.4
631,642,4281.4
632,642,3619.5
633,642,3838.1
634,642,4050.9
635,642,4128.0
636,642,4088.3
637,642,3736.7
638,642,4306.7
639,642,3887.9
640,642,3797.6
641,642,4188.0
642,642,3709.4
643,642,4208.3
644,642,4048.3
645,642,4227.6
646,642,3787.6
647,642,3731.5
648,642,4201.4
649,642,4001.8
650,642,3983.1
651,642,3995.1
652,642,3823.8
653,642,3869.8
654,642,3994.6
655,642,4288.3
656,642,4011.4
657,642,3984.5
658,642,3976.2
659,642,3775.0
660,642,4174.2
661,642,4102.1
662,642,3687.9
663,642,3964.9
664,642,3945.4
665,642,4015.0
666,642,3935.9
667,642,4260.3
668,642,4005.2
669,642,4057.1
670,642,3979.9
671,642,4162.1
672,642,3848.6
673,642,3831.7
674,642,4111.4
675,642,4023.7
676,642,3980.8
677,642,3994.7
678,642,4038.2
679,642,3641.2
680,642,3945.7
681,642,4255.1
682,642,3804.0
683,642,4227.6
684,642,4030.3
685,642,3880.5
686,642,4174.8
687,642,3592.9
688,642,4220.6
689,642,4097.3
690,642,4139.7
691,642,3864.1
692,642,3763.5
693,642,4200.7
694,642,3770.8
695,642,4186.1
696,642,4008.9
697,642,4044.5
698,642,3950.0
699,642,3768.3
700,642,4180.7
701,642,4019.8
702,642,3991.1
703,642,3966.2
704,642,4087.7
705,642,3925.5
706,642,3790.9
707,642,4150.8
708,642,3796.2
709,642,4188.6
710,642,4021.7
711,642,3645.6
712,642,3965.9
713,642,3924.4
714,642,3222.1
715,642,3834.3
716,642,3955.4
717,642,3170.4
718,642,3846.9
719,642,3981.6
720,642,3946.3
721,642,3129.7
722,642,3883.0
723,642,3117.1
724,642,3856.7
725,642,3151.0
726,642,3859.5
727,642,3113.3
728,642,3906.5
729,642,3932.1
730,642,3210.7
731,642,3846.4
732,642,3986.9
733,642,4008.6
734,642,3888.1
735,642,3293.7
736,642,3880.3
737,642,3976.0
738,642,4246.0
739,642,4149.3
740,642,3958.4
741,642,3867.1
742,642,4178.0
743,642,3896.5
744,642,4003.0
745,642,3965.0
746,642,4092.5
747,642,3886.9
748,642,3648.6
749,642,4229.3
750,642,3888.5
751,642,4158.8
752,642,4035.3
753,642,3610.2
754,642,4296.9
755,642,4070.7
756,642,3715.4
757,642,3944.8
758,642,3991.7
759,642,3986.5
760,642,3939.3
761,642,4288.5
762,642,3763.4
763,642,4251.1
764,642,4018.9
765,642,3809.2
766,642,4147.0
767,642,3821.7
768,642,3965.8
769,642,4176.5
770,642,4041.8
771,642,3999.7
772,642,4494.5
773,642,3577.5
774,642,3762.9
775,642,4118.2
776,642,4018.9
777,642,3978.9
778,642,3993.3
779,642,3861.1
780,642,4122.1
781,642,3762.7
782,642,4185.1
783,642,4044.9
784,642,3988.7
785,642,3981.0
786,642,3788.0
787,642,4194.8
788,642,4066.2
789,642,4095.5
790,642,3523.2
791,642,3941.5
792,642,3932.8
793,642,3154.1
794,642,4207.5
795,642,3913.2
796,642,4105.9
797,642,3701.2
798,642,4248.2
799,642,4032.2
800,642,4174.2
801,642,3837.9
802,642,3797.6
803,642,4249.9
804,642,3919.9
805,642,3968.9
806,642,4012.9
807,642,3968.7
808,642,3981.8
809,642,3751.7
810,642,4094.0
811,642,4005.9
812,642,3985.1
813,642,4133.4
814,642,3871.0
815,642,4121.1
816,642,3822.0
817,642,4157.7
818,642,4023.4
819,642,3961.0
820,642,3744.7
821,642,3958.5
822,642,4248.1
823,642,4034.2
824,642,3698.6
825,642,4102.9
826,642,3998.0
827,642,4138.6
828,642,3688.0
829,642,4251.2
830,642,4051.7
831,642,4011.7
832,642,3989.2
833,642,4027.7
834,642,4007.5
835,642,3641.8
836,642,4249.5
837,642,4033.0
838,642,4009.7
839,642,3989.3
840,642,3667.1
841,642,4217.1
842,642,3866.1
843,642,4176.8
844,642,4047.4
845,642,3975.2
846,642,3990.6
847,642,3835.0
848,642,4120.7
849,642,4107.7
850,642,3917.8
851,642,4003.4
852,642,3968.2
853,642,3976.2
854,642,3892.6
855,642,4115.8
856,642,3726.2
857,642,4212.0
858,642,4046.4
859,642,4141.2
860,642,3868.3
861,642,3793.3
862,642,4150.9
863,642,4047.5
864,642,3986.7
865,642,3957.2
866,642,4116.6
867,642,3939.8
868,642,3749.6
869,642,3800.5
870,642,3978.4
871,642,4047.8
872,642,3945.0
873,642,3921.2
874,642,4071.4
875,642,3982.4
876,642,4247.3
877,642,3851.9
878,642,3962.9
879,642,4207.7
880,642,3826.7
881,642,3963.2
882,642,3926.2
883,642,4040.0
884,642,4227.7
885,642,4147.4
886,642,3900.5
887,642,3923.3
888,642,4031.5
889,642,3994.6
890,642,3996.6
891,642,4008.5
892,642,4044.1
893,642,3935.2
894,642,3813.2
895,642,4143.1
896,642,4005.2
897,642,4001.2
898,642,4041.5
899,642,3876.2
900,642,4038.8
901,642,3731.7
902,642,3904.6
903,642,4231.7
904,642,4067.2
905,642,3770.9
906,642,4006.5
907,642,4219.3
908,642,3796.0
909,642,4186.0
910,642,4062.2
911,642,3967.2
912,642,3973.6
913,642,3799.2
914,642,4196.6
915,642,4002.8
916,642,3971.5
917,642,3770.3
918,642,3832.6
919,642,3954.0
920,642,3798.4
921,642,3701.4
922,642,3775.1
923,642,4099.2
924,642,4007.4
925,642,3983.4
926,642,4336.0
927,642,3575.9
928,642,3819.2
929,642,3913.3
930,642,4029.5
931,642,4250.7
932,642,4028.0
933,642,4092.0
934,642,3706.6
935,642,4145.7
936,642,3777.6
937,642,4180.1
938,642,4054.2
939,642,3983.8
940,642,3967.2
941,642,4786.1
942,642,4191.1
943,642,4050.5
944,642,3986.0
945,642,4093.9
946,642,3790.7
947,642,4066.3
948,642,3994.8
949,642,4047.1
950,642,3968.2
951,642,4037.3
952,642,3957.8
953,642,3638.3
954,642,4222.2
955,642,4054.5
956,642,4026.1
957,642,3992.0
958,642,4026.5
959,642,3960.0
960,642,3755.7
961,642,4209.2
962,642,4016.1
963,642,4000.7
964,642,3680.2
965,642,3939.7
966,642,3958.6
967,642,3977.1
968,642,3973.6
969,642,3174.9
970,642,3841.1
971,642,3937.6
972,642,3228.8
973,642,3870.6
974,642,3908.3
975,642,3132.4
976,642,3844.9
977,642,3174.6
978,642,4072.2
979,642,3795.4
980,642,3989.9
981,642,3953.9
982,642,4031.3
983,642,3958.2
984,642,3192.5
985,642,3851.5
986,642,4011.8
987,642,4331.0
988,642,3977.3
989,642,3828.8
990,642,4145.0
991,642,3982.0
992,642,4023.7
993,642,3965.7
994,642,4044.7
995,642,3974.3
996,642,3724.6
997,642,4214.6
998,642,4023.1
999,642,3996.9
1000,642,4054.7
1001,642,3743.8
1002,642,4125.7
1003,642,4112.4
1004,642,3979.9
1005,642,3965.1
1006,642,3961.0
1007,642,4001.5
1008,642,3769.5
1009,642,4205.9
1010,642,3979.6
1011,642,4010.7
1012,642,4073.2
1013,642,4067.8
1014,642,3865.6
1015,642,3818.2
1016,642,4260.4
1017,642,3901.0
1018,642,3975.8
1019,642,4006.5
1020,642,4206.4
1021,642,3783.3
1022,642,3708.9
1023,642,4240.0
1024,642,4024.4
1025,642,3955.1
1026,642,3964.9
1027,642,4093.8
1028,642,3598.6
1029,642,3992.4
1030,642,3956.1
1031,642,4253.5
1032,642,3835.7
1033,642,4201.0
1034,642,3863.6
1035,642,4129.8
1036,642,3826.5
1037,642,4162.4
1038,642,4031.1
1039,642,3977.9
1040,642,4041.9
1041,642,3723.3
1042,642,4194.6
1043,642,4008.2
1044,642,4021.3
1045,642,3981.4
1046,642,3762.0
1047,642,4021.0
1048,642,3787.6
1049,642,4019.2
1050,642,3975.0
1051,642,4005.2
1052,642,4044.5
1053,642,4622.1
1054,642,3717.8
1055,642,3837.0
1056,642,4100.1
1057,642,4025.9
1058,642,3949.9
1059,642,4010.5
1060,642,3801.8
1061,642,4152.4
1062,642,3826.2
1063,642,4225.2
1064,642,4985.1
1065,642,3802.7
1066,642,4140.1
1067,642,3823.7
1068,642,4275.2
1069,642,3672.1
1070,642,3947.1
1071,642,3962.5
1072,642,4066.4
1073,642,4184.8
1074,642,4021.7
1075,642,4056.2
1076,642,3956.7
1077,642,4141.3
1078,642,3853.8
1079,642,3788.8
1080,642,4129.2
1081,642,4040.5
1082,642,3976.2
1083,642,3997.9
1084,642,4178.6
1085,642,3822.4
1086,642,3668.5
1087,642,4254.5
1088,642,4028.0
1089,642,3987.9
1090,642,3740.5
1091,642,4101.9
1092,642,4112.9
1093,642,3699.0
1094,642,3967.8
1095,642,4254.9
1096,642,4060.1
1097,642,4011.5
1098,642,3788.5
1099,642,4156.9
1100,642,4117.9
1101,642,3879.8
1102,642,4096.0
1103,642,3899.7
1104,642,3973.8
1105,642,3766.8
1106,642,4473.6
1107,642,3806.5
1108,642,3928.0
1109,642,3968.4
1110,642,4068.0
1111,642,3938.9
1112,642,3785.6
1113,642,4162.1
1114,642,4036.2
1115,642,3959.2
1116,642,4020.1
1117,642,3978.6
1118,642,4006.8
1119,642,3741.1
1120,642,4178.2
1121,642,3882.1
1122,642,4100.2
1123,642,4009.7
1124,642,3880.2
1125,642,4179.3
1126,642,3656.3
1127,642,4228.2
1128,642,4048.1
1129,642,4060.2
1130,642,3944.5
1131,642,3758.2
1132,642,4172.8
1133,642,3737.1
1134,642,4240.7
1135,642,4180.8
1136,642,4015.2
1137,642,3861.4
1138,642,3773.3
1139,642,3949.6
1140,642,4162.8
1141,642,3838.5
1142,642,4233.6
1143,642,4182.6
1144,642,3802.5
1145,642,3743.7
1146,642,4222.2
1147,642,3976.6
1148,642,3980.8
1149,642,4001.9
1150,642,3984.9
1151,642,3997.3
1152,642,3909.9
1153,642,3734.6
1154,642,4257.3
1155,642,4081.9
1156,642,3758.5
1157,642,4015.4
1158,642,4175.1
1159,642,4114.7
1160,642,3924.2
1161,642,3967.3
1162,642,3985.1
1163,642,3999.5
1164,642,3808.4
1165,642,4145.0
1166,642,4021.1
1167,642,3991.9
1168,642,3774.0
1169,642,4354.4
1170,642,3870.1
1171,642,3835.9
1172,642,4124.6
1173,642,3994.4
1174,642,4000.4
1175,642,3991.9
1176,642,4062.3
1177,642,3978.7
1178,642,3823.6
1179,642,4094.3
1180,642,4029.5
1181,642,3956.4
1182,642,3998.7
1183,642,3764.8
1184,642,4178.9
1185,642,3757.5
1186,642,4223.4
1187,642,4076.9
1188,642,3942.4
1189,642,3993.9
1190,642,3825.6
1191,642,4134.1
1192,642,3770.6
1193,642,4208.8
1194,642,4022.1
1195,642,4039.4
1196,642,3970.6
1197,642,3855.5
1198,642,4100.2
1199,642,4131.0
1200,642,3887.1
1201,642,3957.5
1202,642,4063.9
1203,642,3982.8
1204,642,3838.8
1205,642,4082.6
1206,642,4028.8
1207,642,3676.6
1208,642,4242.3
1209,642,4082.2
1210,642,3989.3
1211,642,3713.9
1212,642,4180.6
1213,642,3860.3
1214,642,4121.8
1215,642,3668.5
1216,642,3964.3
1217,642,3999.8
1218,642,4013.3
1219,642,3932.6
1220,642,3174.6
1221,642,3844.2
1222,642,3954.2
1223,642,3133.2
1224,642,3887.2
1225,642,3950.4
1226,642,3187.6
1227,642,3859.0
1228,642,4075.1
1229,642,3924.3
1230,642,3909.5
1231,642,3162.9
1232,642,3893.4
1233,642,3984.5
1234,642,3968.8
1235,642,3142.7
1236,642,3884.2
1237,642,4290.8
1238,642,4182.7
1239,642,3950.0
1240,642,3641.6
1241,642,4231.1
1242,642,3789.2
1243,642,4183.4
1244,642,4031.7
1245,642,4006.9
1246,642,3989.2
1247,642,3768.8
1248,642,4174.7
1249,642,4033.7
1250,642,3979.1
1251,642,3992.1
1252,642,3883.6
1253,642,4093.2
1254,642,3802.2
1255,642,4142.0
1256,642,4047.0
1257,642,3987.5
1258,642,3973.6
1259,642,3788.4
1260,642,4239.2
1261,642,3636.8
1262,642,4234.7
1263,642,4085.8
1264,642,4163.3
1265,642,3851.4
1266,642,3825.4
1267,642,3818.1
1268,642,4275.0
1269,642,4067.9
1270,642,3957.8
1271,642,4120.6
1272,642,3876.1
1273,642,3777.3
1274,642,4225.8
1275,642,4003.6
1276,642,3953.1
1277,642,3987.4
1278,642,3879.4
1279,642,4092.4
1280,642,3732.6
1281,642,4204.9
1282,642,4042.5
1283,642,3976.2
1284,642,3996.3
1285,642,3795.4
1286,642,4150.0
1287,642,3701.5
1288,642,4232.2
1289,642,4206.6
1290,642,3891.1
1291,642,3964.4
1292,642,3856.3
1293,642,4116.8
1294,642,4033.8
1295,642,3951.7
1296,642,4011.3
1297,642,4065.2
1298,642,3622.4
1299,642,3888.4
1300,642,4315.1
1301,642,4272.5
1302,642,3829.1
1303,642,3975.5
1304,642,3998.6
1305,642,4095.8
1306,642,3613.9
1307,642,3837.0
1308,642,3179.1
1309,642,4166.3
1310,642,3797.9
1311,642,4188.8
1312,642,4046.5
1313,642,3875.3
1314,642,4081.0
1315,642,3725.6
1316,642,4237.4
1317,642,4020.1
1318,642,4006.2
1319,642,3989.5
1320,642,3776.3
1321,642,3903.5
1322,642,4328.9
1323,642,3973.3
1324,642,4031.2
1325,642,3694.1
1326,642,4199.1
1327,642,3766.7
1328,642,4217.9
1329,642,4120.3
1330,642,3924.2
1331,642,3971.5
1332,642,4136.7
1333,642,3618.1
1334,642,3871.5
1335,642,4260.4
1336,642,4203.7
1337,642,3793.4
1338,642,4016.0
1339,642,4031.5
1340,642,4008.5
1341,642,3708.5
1342,642,4238.4
1343,642,4043.9
1344,642,3980.8
1345,642,3996.9
1346,642,3805.8
1347,642,4137.4
1348,642,3707.6
1349,642,3911.0
1350,642,4307.3
1351,642,4164.3
1352,642,4000.7
1353,642,3735.0
1354,642,4129.6
1355,642,4006.6
1356,642,3719.0
1357,642,4239.8
1358,642,3844.8
1359,642,3891.1
1360,642,4117.4
1361,642,4129.7
1362,642,3868.5
1363,642,4118.3
1364,642,3783.4
1365,642,4350.7
1366,642,3887.8
1367,642,3820.9
1368,642,3848.3
1369,642,4299.1
1370,642,3986.9
1371,642,3982.3
1372,642,3780.5
1373,642,4167.4
1374,642,3801.7
1375,642,4187.4
1376,642,4023.9
1377,642,3998.1
1378,642,3987.4
1379,642,3845.4
1380,642,4123.2
1381,642,4116.5
1382,642,3918.5
1383,642,3994.2
1384,642,4016.7
1385,642,3952.0
1386,642,3828.1
1387,642,4121.2
1388,642,4015.7
1389,642,3993.2
1390,642,3977.2
1391,642,4056.8
1392,642,4020.6
1393,642,3722.5
1394,642,4135.5
1395,642,4029.4
1396,642,3973.4
1397,642,4032.6
1398,642,3999.4
1399,642,4009.4
1400,642,3775.3
1401,642,4145.6
1402,642,4028.3
1403,642,4041.4
1404,642,3950.4
1405,642,3871.8
1406,642,4079.1
1407,642,3729.7
1408,642,4228.1
1409,642,4035.8
1410,642,3984.5
1411,642,3978.0
1412,642,3833.6
1413,642,4128.2
1414,642,4082.3
1415,642,4081.0
1416,642,3648.6
1417,642,4169.3
1418,642,4024.8
1419,642,3616.1
1420,642,4038.8
1421,642,4217.9
1422,642,4074.6
1423,642,4000.8
1424,642,4066.9
1425,642,3952.5
1426,642,3846.2
1427,642,4112.2
1428,642,3991.3
1429,642,4044.2
1430,642,3963.3
1431,642,3935.8
1432,642,4023.4
1433,642,3891.3
1434,642,4086.6
1435,642,4018.6
1436,642,3992.0
1437,642,3987.3
1438,642,3864.6
1439,642,4067.0
1440,642,3672.0
1441,642,4275.9
1442,642,4031.4
1443,642,3992.1
1444,642,4006.9
1445,642,3854.4
1446,642,4109.4
1447,642,4033.4
1448,642,3962.2
1449,642,3991.2
1450,642,3992.8
1451,642,3980.1
1452,642,3769.8
1453,642,4186.6
1454,642,4034.3
1455,642,3975.2
1456,642,3988.8
1457,642,4055.3
1458,642,3999.7
1459,642,3784.9
1460,642,4112.1
1461,642,4001.6
1462,642,4002.9
1463,642,3993.5
1464,642,3899.2
1465,642,4115.1
1466,642,3675.2
1467,642,3895.3
1468,642,3977.4
1469,642,3995.2
1470,642,3983.2
1471,642,3175.3
1472,642,3835.8
1473,642,3933.3
1474,642,3250.3
1475,642,3864.5
1476,642,3859.5
1477,642,3212.0
1478,642,3839.3
1479,642,3970.3
1480,642,3147.1
1481,642,3877.5
1482,642,3988.3
1483,642,3929.9
1484,642,3205.7
1485,642,3819.0
1486,642,3155.5
1487,642,3842.1
1488,642,3984.0
1489,642,3219.0
1490,642,3888.4
1491,642,4231.1
1492,642,3842.9
1493,642,4144.1
1494,642,3732.9
1495,642,4263.0
1496,642,4036.7
1497,642,4002.9
1498,642,4091.0
1499,642,3647.1
1500,642,4200.7
1501,642,3803.7
1502,642,3893.8
1503,642,4041.6
1504,642,3874.4
1505,642,4272.6
1506,642,3880.1
1507,642,4193.2
1508,642,4023.5
1509,642,3979.8
1510,642,3985.7
1511,642,3988.7
1512,642,4012.1
1513,642,4011.9
1514,642,3960.5
1515,642,3962.4
1516,642,3868.7
1517,642,3865.7
1518,642,4000.9
1519,642,4224.9
1520,642,4041.3
1521,642,3977.1
1522,642,4000.6
1523,642,4181.1
1524,642,3833.0
1525,642,3761.0
1526,642,4015.7
1527,642,3956.0
1528,642,4184.5
1529,642,4087.1
1530,642,3568.9
1531,642,4016.6
1532,642,3990.8
1533,642,4314.1
1534,642,4032.2
1535,642,3962.6
1536,642,3994.8
1537,642,4052.4
1538,642,3944.6
1539,642,4114.8
1540,642,3900.8
1541,642,3815.8
1542,642,4111.4
1543,642,4028.5
1544,642,3870.3
1545,642,4097.2
1546,642,3990.6
1547,642,3998.5
1548,642,3994.9
1549,642,4054.3
1550,642,3943.3
1551,642,3747.0
1552,642,4193.0
1553,642,4033.7
1554,642,3971.3
1555,642,4010.3
1556,642,4333.0
1557,642,3692.4
1558,642,3779.6
1559,642,4132.8
1560,642,4004.9
1561,642,3970.6
1562,642,3994.1
1563,642,3955.1
1564,642,4177.5
1565,642,3587.9
1566,642,3923.5
1567,642,3914.0
1568,642,3168.0
1569,642,3945.3
1570,642,4006.6
1571,642,4266.3
1572,642,3843.7
1573,642,4136.7
1574,642,4071.6
1575,642,3948.9
1576,642,3720.8
1577,642,4306.5
1578,642,3954.6
1579,642,3817.5
1580,642,4171.2
1581,642,4015.0
1582,642,3973.9
1583,642,3981.8
1584,642,3724.1
1585,642,4195.7
1586,642,3829.6
1587,642,4166.2
1588,642,4098.4
1589,642,4021.9
1590,642,3906.6
1591,642,3861.5
1592,642,3818.3
1593,642,4034.6
1594,642,3994.8
1595,642,4194.1
1596,642,3775.0
1597,642,4043.9
1598,642,4020.9
1599,642,4138.5
1600,642,3744.8
1601,642,4236.1
1602,642,4037.1
1603,642,4184.0
1604,642,3900.0
1605,642,3739.5
1606,642,4113.4
1607,642,3665.1
1608,642,4229.7
1609,642,3813.6
1610,642,4389.0
1611,642,3657.9
1612,642,3952.0
1613,642,4197.7
1614,642,4035.8
1615,642,3999.9
1616,642,3995.4
1617,642,4122.0
1618,642,3892.1
1619,642,3741.6
1620,642,4175.5
1621,642,4022.9
1622,642,3951.2
1623,642,4029.7
1624,642,4140.1
1625,642,3882.6
1626,642,3784.6
1627,642,4158.0
1628,642,4016.6
1629,642,3996.9
1630,642,4120.1
1631,642,3727.7
1632,642,4093.8
1633,642,3862.1
1634,642,4211.3
1635,642,3938.2
1636,642,3979.9
1637,642,3987.5
1638,642,3743.6
1639,642,4207.1
1640,642,4011.5
1641,642,4045.4
1642,642,4192.7
1643,642,4002.1
1644,642,3775.0
1645,642,3714.0
1646,642,4297.9
1647,642,3961.8
1648,642,3971.6
1649,642,3981.6
1650,642,4241.4
1651,642,3777.2
1652,642,3861.9
1653,642,4098.0
1654,642,3999.4
1655,642,3973.1
1656,642,3985.3
1657,642,3772.7
1658,642,3879.0
1659,642,3921.0
1660,642,4352.2
1661,642,4051.7
1662,642,3990.9
1663,642,3726.3
1664,642,3994.2
1665,642,4233.0
1666,642,3728.0
1667,642,4242.8
1668,642,4037.7
1669,642,3976.1
1670,642,3993.4
1671,642,3889.6
1672,642,4080.7
1673,642,3703.2
1674,642,4273.5
1675,642,4010.6
1676,642,4040.2
1677,642,3711.9
1678,642,3835.5
1679,642,3295.6
1680,642,3930.4
1681,642,4130.7
1682,642,4030.3
1683,642,3972.1
1684,642,4000.1
1685,642,4045.1
1686,642,3949.5
1687,642,3710.1
1688,642,4209.2
1689,642,3731.5
1690,642,4300.9
1691,642,3998.0
1692,642,3813.5
1693,642,4282.1
1694,642,3629.8
1695,642,4195.0
1696,642,4041.0
1697,642,3983.3
1698,642,4000.5
1699,642,3771.1
1700,642,4192.4
1701,642,4086.8
1702,642,3941.7
1703,642,3965.7
1704,642,3831.0
1705,642,4144.5
1706,642,3855.0
1707,642,4128.2
1708,642,4022.0
1709,642,3972.7
1710,642,3986.8
1711,642,4057.0
1712,642,3942.3
1713,642,3803.0
1714,642,4164.6
1715,642,4015.7
1716,642,3986.2
1717,642,3999.1
1718,642,3648.3
1719,642,3953.3
1720,642,4003.1
1721,642,3976.7
1722,642,3993.5
1723,642,3997.9
1724,642,3993.3
1725,642,3937.1
1726,642,3207.5
1727,642,3856.7
1728,642,3935.6
1729,642,3217.8
1730,642,3792.8
1731,642,3970.0
1732,642,3144.4
1733,642,3913.2
1734,642,3954.4
1735,642,3963.1
1736,642,3136.9
1737,642,3928.5
1738,642,3916.7
1739,642,3194.3
1740,642,3852.4
1741,642,4031.2
1742,642,3909.2
1743,642,3477.2
1744,642,3943.0
1745,642,3679.9
1746,642,4229.7
1747,642,4037.2
1748,642,3997.2
1749,642,3779.1
1750,642,4172.4
1751,642,3780.1
1752,642,4197.3
1753,642,4037.4
1754,642,3988.5
1755,642,3985.0
1756,642,3816.7
1757,642,4149.7
1758,642,3717.7
1759,642,4242.2
1760,642,4055.1
1761,642,3980.4
1762,642,4012.6
1763,642,3869.2
1764,642,4099.2
1765,642,4008.8
1766,642,3980.4
1767,642,3986.5
1768,642,4183.8
1769,642,3617.5
1770,642,4109.9
1771,642,4050.5
1772,642,4100.8
1773,642,3903.0
1774,642,3991.1
1775,642,4176.8
1776,642,3894.5
1777,642,3748.6
1778,642,4187.7
1779,642,3776.2
1780,642,3937.3
1781,642,4184.2
1782,642,3854.5
1783,642,4137.9
1784,642,3784.8
1785,642,4198.6
1786,642,4029.0
1787,642,3982.0
1788,642,3652.0
1789,642,3990.3
1790,642,4216.0
1791,642,3841.4
1792,642,4143.8
1793,642,3795.4
1794,642,4187.6
1795,642,4083.5
1796,642,3831.1
1797,642,4119.5
1798,642,4031.8
1799,642,4024.0
1800,642,3985.8
1801,642,3705.1
1802,642,4223.3
1803,642,3776.4
1804,642,4235.1
1805,642,4011.0
1806,642,3996.2
1807,642,4058.7
1808,642,3838.4
1809,642,3877.7
1810,642,3939.2
1811,642,3926.5
1812,642,4271.7
1813,642,4036.3
1814,642,3988.1
1815,642,3802.3
1816,642,4161.7
1817,642,3871.0
1818,642,4122.9
1819,642,4061.6
1820,642,3956.2
1821,642,3985.0
1822,642,3837.6
1823,642,4118.3
1824,642,4096.0
1825,642,3926.3
1826,642,3982.9
1827,642,3966.0
1828,642,4344.5
1829,642,3556.3
1830,642,4079.1
1831,642,3731.5
1832,642,4232.2
1833,642,4028.7
1834,642,4063.3
1835,642,3935.0
1836,642,3750.1
1837,642,4196.0
1838,642,4038.7
1839,642,3962.6
1840,642,4008.0
1841,642,3822.0
1842,642,4204.9
1843,642,3656.0
1844,642,4029.0
1845,642,3966.0
1846,642,4025.1
1847,642,4179.6
1848,642,3902.0
1849,642,4150.4
1850,642,3682.6
1851,642,4273.0
1852,642,3859.5
1853,642,4143.4
1854,642,3982.1
1855,642,3860.6
1856,642,4106.9
1857,642,4110.6
1858,642,3605.6
1859,642,4015.7
1860,642,4238.4
1861,642,4011.4
1862,642,3780.4
1863,642,4184.7
1864,642,3971.3
1865,642,4041.9
1866,642,3984.4
1867,642,4223.9
1868,642,3837.9
1869,642,3722.6
1870,642,4161.8
1871,642,4015.6
1872,642,3983.3
1873,642,3996.6
1874,642,4155.4
1875,642,3835.8
1876,642,3673.8
1877,642,4237.0
1878,642,4014.8
1879,642,4018.5
1880,642,3694.9
1881,642,4007.5
1882,642,4222.5
1883,642,3841.1
1884,642,4152.1
1885,642,3871.2
1886,642,4109.9
1887,642,4034.8
1888,642,3834.0
1889,642,4139.6
1890,642,4097.9
1891,642,3910.1
1892,642,3987.2
1893,642,4139.5
1894,642,3864.7
1895,642,3835.5
1896,642,4117.2
1897,642,4240.8
1898,642,3811.2
1899,642,3961.4
1900,642,4153.2
1901,642,3876.4
1902,642,3783.2
1903,642,4127.2
1904,642,3985.4
1905,642,4086.1
1906,642,3915.7
1907,642,3966.8
1908,642,3999.9
1909,642,3669.7
1910,642,3985.4
1911,642,4008.1
1912,642,4213.6
1913,642,4089.8
1914,642,3886.0
1915,642,3763.8
1916,642,3957.9
1917,642,3988.3
1918,642,3998.1
1919,642,3973.6
1920,642,4015.7
1921,642,3963.1
1922,642,4024.1
1923,642,3977.8
1924,642,4011.5
1925,642,4027.2
1926,642,3962.2
1927,642,3977.8
1928,642,3993.1
1929,642,4014.7
1930,642,3955.0
1931,642,3146.7
1932,642,3874.1
1933,642,3960.9
1934,642,3151.2
1935,642,3867.9
1936,642,3146.3
1937,642,4079.0
1938,642,4008.9
1939,642,3927.5
1940,642,4140.5
1941,642,3771.6
1942,642,4110.2
1943,642,4136.2
1944,642,4048.1
1945,642,3957.4
1946,642,3837.2
1947,642,4118.2
1948,642,4225.8
1949,642,3815.9
1950,642,3969.6
1951,642,3977.8
1952,642,4107.1
1953,642,3645.0
1954,642,4009.0
1955,642,4106.9
1956,642,4144.1
1957,642,3734.2
1958,642,4321.7
1959,642,3884.0
1960,642,3725.6
1961,642,4207.5
1962,642,4030.0
1963,642,3997.0
1964,642,3986.6
1965,642,4622.9
1966,642,4322.6
1967,642,4137.9
1968,642,3908.3
1969,642,3964.7
1970,642,3690.6
1971,642,3964.4
1972,642,3977.3
1973,642,3968.7
1974,642,3961.6
1975,642,3174.7
1976,642,3835.1
1977,642,3969.3
1978,642,3122.7
1979,642,3893.8
1980,642,3948.9
1981,642,3143.0
1982,642,3848.0
1983,642,3120.9
1984,642,3849.6
1985,642,3174.0
1986,642,3890.7
1987,642,3961.7
1988,642,4023.5
1989,642,3927.2
1990,642,3194.5
1991,642,3891.1
1992,642,3905.8
1993,642,3157.6
1994,642,3962.1
1995,642,4246.1
1996,642,4042.5
1997,642,3982.2
1998,642,3797.2
1999,642,4167.1
2000,642,4044.1
2001,642,3970.6
2002,642,3993.4
2003,642,3981.5
2004,642,3991.7
2005,642,3786.0
2006,642,4886.8
2007,642,4348.4
2008,642,3822.0
2009,642,4089.5
2010,642,4133.3
2011,642,3925.7
2012,642,3594.6
2013,642,4017.4
2014,642,3996.5
2015,642,3998.2
2016,642,4234.6
2017,642,4040.5
2018,642,4004.1
2019,642,3998.8
2020,642,4135.9
2021,642,3873.0
2022,642,3779.3
2023,642,4141.1
2024,642,4077.3
2025,642,3938.9
2026,642,3997.2
2027,642,4182.3
2028,642,3833.5
2029,642,3780.6
2030,642,4147.1
2031,642,4072.3
2032,642,3958.7
2033,642,3970.7
2034,642,3993.6
2035,642,3624.3
2036,642,3991.4
2037,642,4255.2
2038,642,4081.7
2039,642,3990.7
2040,642,4014.1
2041,642,3790.6
2042,642,4161.9
2043,642,3717.5
2044,642,4253.9
2045,642,4040.7
2046,642,3995.1
2047,642,4965.2
2048,642,4019.2
2049,642,3973.7
2050,642,3761.2
2051,642,4324.2
2052,642,3903.9
2053,642,3829.9
2054,642,4221.3
2055,642,3938.9
2056,642,3988.2
2057,642,4033.9
2058,642,3760.6
2059,642,3806.5
2060,642,3971.5
2061,642,4194.7
2062,642,3839.8
2063,642,3941.1
2064,642,4000.5
2065,642,3979.5
2066,642,3139.5
2067,642,3824.3
2068,642,3164.8
2069,642,4018.7
2070,642,4186.1
2071,642,3797.9
2072,642,4173.0
2073,642,3819.0
2074,642,3906.7
2075,642,3958.0
2076,642,3888.5
2077,642,3161.0
2078,642,3945.0
2079,642,4233.3
2080,642,4067.7
2081,642,4011.0
2082,642,3999.3
2083,642,4054.8
2084,642,3976.2
2085,642,3821.6
2086,642,4099.1
2087,642,3999.5
2088,642,5033.3
2089,642,3996.1
2090,642,3819.4
2091,642,4096.6
2092,642,4004.4
2093,642,4186.3
2094,642,3939.9
2095,642,3650.5
2096,642,3940.8
2097,642,4060.0
2098,642,3923.0
2099,642,4205.7
2100,642,4029.2
2101,642,3737.3
2102,642,3953.9
2103,642,3971.4
2104,642,4078.5
2105,642,3920.0
2106,642,3946.4
2107,642,4248.1
2108,642,4061.5
2109,642,3780.1
2110,642,4223.2
2111,642,3980.2
2112,642,3841.5
2113,642,3827.6
2114,642,3940.8
2115,642,3978.1
2116,642,3152.7
2117,642,3886.2
2118,642,3949.0
2119,642,4006.1
2120,642,4001.8
2121,642,3963.9
2122,642,4308.8
2123,642,4160.2
2124,642,3925.1
2125,642,3807.1
2126,642,4135.0
2127,642,4030.2
2128,642,3825.9
2129,642,4123.4
2130,642,3798.6
2131,642,4179.9
2132,642,3810.6
2133,642,4197.0
2134,642,4141.0
2135,642,3870.8
2136,642,3738.4
2137,642,4017.9
2138,642,4298.8
2139,642,3618.9
2140,642,4000.1
2141,642,3873.5
2142,642,4050.1
2143,642,4230.5
2144,642,3811.5
2145,642,4222.0
2146,642,4015.5
2147,642,4007.9
2148,642,3962.2
2149,642,4271.4
2150,642,3773.5
2151,642,3762.1
2152,642,4150.7
2153,642,3888.3
2154,642,4105.3
2155,642,4023.2
2156,642,4038.2
2157,642,3961.2
2158,642,3738.3
2159,642,4224.8
2160,642,3998.1
2161,642,3992.0
2162,642,3985.1
2163,642,3869.3
2164,642,4109.0
2165,642,3764.5
2166,642,4207.6
2167,642,4033.9
2168,642,3984.2
2169,642,3998.9
2170,642,3868.8
2171,642,4089.9
2172,642,4017.2
2173,642,3971.0
2174,642,3711.5
2175,642,4339.9
2176,642,3658.4
2177,642,4004.4
2178,642,4249.3
2179,642,4002.4
2180,642,3995.3
2181,642,3773.3
2182,642,4333.8
2183,642,3896.7
2184,642,3612.4
2185,642,3940.1
2186,642,3183.1
2187,642,3862.4
2188,642,3925.6
2189,642,3155.1
2190,642,3875.1
2191,642,3952.3
2192,642,3129.5
2193,642,3848.0
2194,642,3167.5
2195,642,3858.6
2196,642,3961.3
2197,642,3155.4
2198,642,3909.8
2199,642,3917.6
2200,642,3158.6
2201,642,3864.9
2202,642,4001.5
2203,642,3983.5
2204,642,4000.5
2205,642,3999.3
2206,642,3996.6
2207,642,4151.0
2208,642,3950.3
2209,642,4098.8
2210,642,4022.7
2211,642,4018.2
2212,642,4051.7
2213,642,4111.0
2214,642,3926.8
2215,642,3792.4
2216,642,4441.1
2217,642,3668.5
2218,642,3952.1
2219,642,3980.7
2220,642,4164.4
2221,642,3952.2
2222,642,3813.2
2223,642,4099.9
2224,642,3679.5
2225,642,3933.9
2226,642,3133.5
2227,642,3921.9
2228,642,3942.9
2229,642,3954.2
2230,642,3177.7
2231,642,3881.2
2232,642,3926.4
2233,642,3149.8
2234,642,3885.4
2235,642,3950.7
2236,642,3144.8
2237,642,3886.4
2238,642,3943.9
2239,642,3212.7
2240,642,3873.7
2241,642,3953.4
2242,642,3997.1
2243,642,3935.2
2244,642,3860.2
2245,642,3313.0
2246,642,3899.0
2247,642,4287.9
2248,642,4179.3
2249,642,3866.6
2250,642,3966.9
2251,642,4071.3
2252,642,4164.2
2253,642,3645.5
2254,642,3881.2
2255,642,3971.2
2256,642,3950.5
2257,642,4009.9
2258,642,4169.2
2259,642,4052.6
2260,642,3729.0
2261,642,4225.4
2262,642,4048.1
2263,642,3985.8
2264,642,4013.3
2265,642,3836.6
2266,642,4115.7
2267,642,4090.5
2268,642,3687.5
2269,642,4171.8
2270,642,4075.8
2271,642,3967.6
2272,642,3748.1
2273,642,4170.5
2274,642,4020.7
2275,642,3980.8
2276,642,3707.7
2277,642,3943.9
2278,642,3967.1
2279,642,3983.0
2280,642,3985.9
2281,642,4014.5
2282,642,3991.4
2283,642,4002.8
2284,642,4007.7
2285,642,4260.7
2286,642,3868.3
2287,642,4291.4
2288,642,3929.1
2289,642,3973.5
2290,642,4026.2
2291,642,4006.5
2292,642,3961.4
2293,642,3737.0
2294,642,4183.8
2295,642,3685.0
2296,642,4033.6
2297,642,4025.6
2298,642,4030.2
2299,642,4262.3
2300,642,3641.1
2301,642,3987.4
2302,642,4058.6
2303,642,3900.6
2304,642,4260.0
2305,642,3806.3
2306,642,4183.8
2307,642,3896.4
2308,642,4123.4
2309,642,4022.7
2310,642,4118.4
2311,642,3901.0
2312,642,3789.6
2313,642,4146.5
2314,642,4001.5
2315,642,3993.7
2316,642,3983.2
2317,642,4034.9
2318,642,3969.3
2319,642,3743.2
2320,642,4333.8
2321,642,3696.2
2322,642,3938.4
2323,642,4163.1
2324,642,3784.1
2325,642,4232.4
2326,642,4211.8
2327,642,3824.2
2328,642,3990.5
2329,642,3981.8
2330,642,4141.3
2331,642,3702.6
2332,642,4130.6
2333,642,3996.1
2334,642,4367.9
2335,642,3671.9
2336,642,3701.3
2337,642,3935.8
2338,642,3991.5
2339,642,3996.2
2340,642,4236.8
2341,642,4021.9
2342,642,3729.4
2343,642,4339.5
2344,642,3924.6
2345,642,3833.2
2346,642,3878.9
2347,642,3921.4
2348,642,4237.3
2349,642,4089.0
2350,642,3756.7
2351,642,4195.2
2352,642,3773.1
2353,642,4188.4
2354,642,4034.8
2355,642,3995.4
2356,642,3993.8
2357,642,3822.6
2358,642,4121.4
2359,642,3835.7
2360,642,4169.1
2361,642,4026.8
2362,642,3679.4
2363,642,4251.9
2364,642,3820.5
2365,642,4177.0
2366,642,4024.1
2367,642,3983.0
2368,642,3993.5
2369,642,4152.9
2370,642,3558.8
2371,642,4132.1
2372,642,4089.3
2373,642,3985.9
2374,642,3995.3
2375,642,4080.1
2376,642,4037.5
2377,642,3899.3
2378,642,3833.8
2379,642,4101.2
2380,642,4006.8
2381,642,4102.3
2382,642,3904.5
2383,642,3955.6
2384,642,4002.0
2385,642,3920.2
2386,642,4051.0
2387,642,4056.4
2388,642,3957.9
2389,642,3972.7
2390,642,3850.1
2391,642,4125.0
2392,642,4043.1
2393,642,3712.2
2394,642,3989.0
2395,642,4209.3
2396,642,4031.7
2397,642,3959.9
2398,642,4035.9
2399,642,3984.9
2400,642,3973.3
2401,642,3999.6
2402,642,4169.5
2403,642,3843.3
2404,642,3802.8
2405,642,4141.2
2406,642,4059.8
2407,642,3957.2
2408,642,3698.9
2409,642,4225.5
2410,642,4045.2
2411,642,3825.5
2412,642,3825.5
2413,642,4009.6
2414,642,4254.9
2415,642,4043.6
2416,642,4003.8
2417,642,3977.4
2418,642,3759.4
2419,642,4167.6
2420,642,4036.6
2421,642,3997.9
2422,642,3996.2
2423,642,3782.5
2424,642,4207.3
2425,642,4071.1
2426,642,3690.2
2427,642,3954.2
2428,642,3956.5
2429,642,4011.4
2430,642,4010.9
2431,642,4226.4
2432,642,4074.4
2433,642,3955.4
2434,642,3979.9
2435,642,4041.7
2436,642,3949.2
2437,642,3826.8
2438,642,4132.5
2439,642,4012.5
2440,642,3655.6
2441,642,3919.1
2442,642,4185.3
2443,642,4179.5
2444,642,3762.6
2445,642,4211.3
2446,642,3889.1
2447,642,4117.4
2448,642,4153.7
2449,642,3725.5
2450,642,4096.5
2451,642,4173.7
2452,642,3849.7
2453,642,3982.4
2454,642,3979.6
2455,642,4111.5
2456,642,3668.6
2457,642,4311.6
2458,642,3877.6
2459,642,3689.1
2460,642,4255.1
2461,642,4085.2
2462,642,3985.9
2463,642,3691.4
2464,642,4223.6
2465,642,4023.0
2466,642,3979.6
2467,642,4121.2
2468,642,3972.7
2469,642,3896.7
2470,642,3779.6
2471,642,4164.5
2472,642,4011.0
2473,642,3967.9
2474,642,4040.2
2475,642,3641.8
2476,642,3955.2
2477,642,3967.7
2478,642,4014.0
2479,642,3962.0
2480,642,3147.0
2481,642,3866.4
2482,642,3963.2
2483,642,3164.7
2484,642,3890.6
2485,642,3918.2
2486,642,3165.9
2487,642,3863.2
2488,642,3934.5
2489,642,3168.9
2490,642,3913.6
2491,642,3964.6
2492,642,3964.5
2493,642,3149.7
2494,642,3869.3
2495,642,3946.3
2496,642,3207.3
2497,642,3851.7
2498,642,4248.8
2499,642,4196.6
2500,642,3885.4
2501,642,3788.6
2502,642,4161.1
2503,642,4214.5
2504,642,3844.6
2505,642,3977.0
2506,642,3955.4
2507,642,4061.3
2508,642,3744.2
2509,642,4148.2
2510,642,4015.5
2511,642,3708.2
2512,642,4247.0
2513,642,3890.8
2514,642,4108.0
2515,642,3792.0
2516,642,4226.5
2517,642,3997.6
2518,642,3962.5
2519,642,4006.9
2520,642,3858.6
2521,642,4113.8
2522,642,4023.7
2523,642,3932.0
2524,642,4032.6
2525,642,4129.4
2526,642,3860.3
2527,642,3699.7
2528,642,3938.9
2529,642,4215.4
2530,642,4089.6
2531,642,3679.8
2532,642,4098.0
2533,642,3910.7
2534,642,4032.7
2535,642,4257.5
2536,642,4002.5
2537,642,3988.8
2538,642,4110.6
2539,642,4107.2
2540,642,3792.6
2541,642,3826.5
2542,642,3829.2
2543,642,3982.9
2544,642,4267.4
2545,642,3757.7
2546,642,3908.9
2547,642,4002.2
2548,642,4010.5
2549,642,4032.3
2550,642,3948.9
2551,642,4197.1
2552,642,4145.6
2553,642,3907.1
2554,642,4010.3
2555,642,4044.7
2556,642,3990.5
2557,642,4050.8
2558,642,4015.7
2559,642,3920.0
2560,642,3850.9
2561,642,4136.9
2562,642,3979.8
2563,642,3971.3
2564,642,4016.3
2565,642,4025.3
2566,642,3931.9
2567,642,3783.5
2568,642,4185.7
2569,642,4019.1
2570,642,3802.8
2571,642,4134.3
2572,642,3817.4
2573,642,3922.2
2574,642,3914.8
2575,642,4236.3
2576,642,4135.4
2577,642,3977.6
2578,642,3984.5
2579,642,3837.0
2580,642,4123.4
2581,642,3678.1
2582,642,4225.6
2583,642,4088.6
2584,642,3994.7
2585,642,3660.1
2586,642,3876.0
2587,642,3169.9
2588,642,3854.7
2589,642,3159.1
2590,642,3851.5
2591,642,4264.1
2592,642,4081.1
2593,642,4013.2
2594,642,3731.4
2595,642,4367.1
2596,642,3912.8
2597,642,3843.2
2598,642,4091.3
2599,642,3704.1
2600,642,4252.0
2601,642,4047.2
2602,642,4013.2
2603,642,3967.5
2604,642,3672.5
2605,642,4199.4
2606,642,4091.6
2607,642,3991.5
2608,642,3992.7
2609,642,3810.4
2610,642,4150.8
2611,642,4148.5
2612,642,3636.4
2613,642,3943.5
2614,642,3992.8
2615,642,3924.0
2616,642,3957.6
2617,642,4347.9
2618,642,4037.6
2619,642,3975.8
2620,642,3695.6
2621,642,4380.9
2622,642,3911.1
2623,642,3798.6
2624,642,3816.1
2625,642,4275.6
2626,642,4065.5
2627,642,3994.6
2628,642,4057.6
2629,642,3947.2
2630,642,3743.4
2631,642,4199.3
2632,642,4025.7
2633,642,3829.1
2634,642,4107.6
2635,642,3833.6
2636,642,4156.2
2637,642,3831.7
2638,642,4162.6
2639,642,4175.1
2640,642,3888.0
2641,642,3946.4
2642,642,3775.9
2643,642,4269.3
2644,642,4023.9
2645,642,3898.1
2646,642,3966.2
2647,642,4024.5
2648,642,3995.8
2649,642,3771.7
2650,642,4169.0
2651,642,4087.9
2652,642,3936.4
2653,642,3981.1
2654,642,4133.3
2655,642,3616.9
2656,642,4145.0
2657,642,4060.2
2658,642,4035.3
2659,642,4005.2
2660,642,3945.6
2661,642,3856.7
2662,642,3905.2
2663,642,3846.3
2664,642,4268.7
2665,642,4073.0
2666,642,4008.6
2667,642,4009.4
2668,642,3816.4
2669,642,3929.3
2670,642,3871.0
2671,642,4227.8
2672,642,4077.1
2673,642,4011.2
2674,642,4021.0
2675,642,3837.9
2676,642,4107.9
2677,642,4024.3
2678,642,4047.1
2679,642,3934.1
2680,642,4024.2
2681,642,3951.8
2682,642,3789.3
2683,642,4142.8
2684,642,4112.9
2685,642,3922.9
2686,642,4076.0
2687,642,3969.2
2688,642,3927.4
2689,642,3789.2
2690,642,4156.3
2691,642,4007.6
2692,642,3996.0
2693,642,3988.8
2694,642,4023.9
2695,642,3719.7
2696,642,3930.0
2697,642,4265.1
2698,642,3880.6
2699,642,4116.8
2700,642,4028.0
2701,642,3882.4
2702,642,3714.9
2703,642,3995.7
2704,642,4316.8
2705,642,4055.8
2706,642,4644.4
2707,642,4375.6
2708,642,3738.0
2709,642,4198.3
2710,642,3743.3
2711,642,4220.9
2712,642,4011.0
2713,642,3842.8
2714,642,4138.6
2715,642,4045.1
2716,642,3969.7
2717,642,4073.0
2718,642,4031.7
2719,642,3841.0
2720,642,3755.8
2721,642,4248.5
2722,642,3992.7
2723,642,3976.4
2724,642,3999.8
2725,642,3933.9
2726,642,4051.8
2727,642,3707.3
2728,642,3869.9
2729,642,3146.0
2730,642,3893.0
2731,642,3961.9
2732,642,3998.9
2733,642,3963.3
2734,642,3175.1
2735,642,3870.7
2736,642,3893.9
2737,642,3187.7
2738,642,3825.1
2739,642,3139.8
2740,642,3905.7
2741,642,3971.0
2742,642,3968.2
2743,642,3126.7
2744,642,3876.4
2745,642,4005.1
2746,642,3965.6
2747,642,3142.1
2748,642,3865.4
2749,642,3973.2
2750,642,3155.1
2751,642,3951.3
2752,642,4247.8
2753,642,3837.0
2754,642,3882.2
2755,642,4252.4
2756,642,4045.7
2757,642,3990.0
2758,642,4006.3
2759,642,3998.3
2760,642,3679.1
2761,642,4226.1
2762,642,4057.2
2763,642,3981.3
2764,642,3994.0
2765,642,3878.2
2766,642,4089.8
2767,642,4133.3
2768,642,3638.1
2769,642,3970.2
2770,642,3998.6
2771,642,3964.0
2772,642,3923.3
2773,642,4293.6
2774,642,4094.8
2775,642,3950.9
2776,642,3977.7
2777,642,4174.0
2778,642,3843.4
2779,642,3764.0
2780,642,4154.6
2781,642,4057.1
2782,642,3969.1
2783,642,3975.1
2784,642,4152.6
2785,642,3567.6
2786,642,3978.9
2787,642,4234.1
2788,642,3797.0
2789,642,4308.9
2790,642,3926.4
2791,642,3943.7
2792,642,4074.1
2793,642,3631.7
2794,642,4257.3
2795,642,4043.7
2796,642,3959.6
2797,642,4022.4
2798,642,3801.7
2799,642,4141.5
2800,642,4129.6
2801,642,3745.5
2802,642,4109.7
2803,642,4063.0
2804,642,4006.9
2805,642,3782.5
2806,642,4131.0
2807,642,4007.8
2808,642,4041.5
2809,642,3945.5
2810,642,4050.9
2811,642,3986.6
2812,642,3797.2
2813,642,4111.5
2814,642,4007.2
2815,642,3989.1
2816,642,3698.7
2817,642,4011.8
2818,642,4014.8
2819,642,3916.5
2820,642,3975.2
2821,642,3992.7
2822,642,4254.1
2823,642,4067.7
2824,642,3746.1
2825,642,4201.7
2826,642,3779.2
2827,642,4207.3
2828,642,4062.9
2829,642,3965.7
2830,642,3998.4
2831,642,3811.0
2832,642,4141.3
2833,642,4083.5
2834,642,3943.0
2835,642,3978.3
2836,642,3995.9
2837,642,3764.3
2838,642,3949.8
2839,642,4221.0
2840,642,4033.7
2841,642,3988.8
2842,642,3987.5
2843,642,4184.5
2844,642,3842.9
2845,642,3720.6
2846,642,4197.9
2847,642,4029.0
2848,642,3961.1
2849,642,3958.6
2850,642,3808.1
2851,642,3973.8
2852,642,3986.3
2853,642,4199.4
2854,642,4030.4
2855,642,3845.9
2856,642,4130.5
2857,642,3864.7
2858,642,4133.3
2859,642,3810.4
2860,642,4144.5
2861,642,4450.6
2862,642,3636.8
2863,642,3681.5
2864,642,4003.3
2865,642,4200.1
2866,642,4074.7
2867,642,3951.2
2868,642,3981.1
2869,642,4111.0
2870,642,3914.9
2871,642,3682.6
2872,642,4232.5
2873,642,4061.1
2874,642,3961.3
2875,642,3697.0
2876,642,4253.4
2877,642,4033.0
2878,642,3841.2
2879,642,3833.6
2880,642,4261.2
2881,642,4027.7
2882,642,4108.4
2883,642,3818.4
2884,642,4051.0
2885,642,3711.9
2886,642,3950.0
2887,642,4338.8
2888,642,3747.9
2889,642,3917.6
2890,642,3883.4
2891,642,3227.6
2892,642,4002.9
2893,642,4118.9
2894,642,4172.5
2895,642,3870.9
2896,642,4102.9
2897,642,3881.4
2898,642,3692.1
2899,642,4083.0
2900,642,4156.2
2901,642,4008.6
2902,642,3735.3
2903,642,4210.3
2904,642,4110.6
2905,642,3966.7
2906,642,3814.6
2907,642,4106.3
2908,642,4001.7
2909,642,3978.2
2910,642,4129.7
2911,642,3900.7
2912,642,3973.0
2913,642,3989.7
2914,642,3975.2
2915,642,4004.8
2916,642,3992.2
2917,642,3994.8
2918,642,3810.5
2919,642,4156.4
2920,642,3765.2
2921,642,4207.8
2922,642,4030.0
2923,642,3979.8
2924,642,3986.5
2925,642,3780.8
2926,642,4171.8
2927,642,3799.6
2928,642,4174.9
2929,642,3823.4
2930,642,4189.5
2931,642,4006.8
2932,642,3862.2
2933,642,4142.5
2934,642,3992.3
2935,642,4068.9
2936,642,3933.4
2937,642,4079.9
2938,642,3912.9
2939,642,3646.6
2940,642,4256.0
2941,642,4059.3
2942,642,3977.3
2943,642,4006.9
2944,642,3939.7
2945,642,4027.3
2946,642,3692.2
2947,642,4049.6
2948,642,4339.1
2949,642,4032.0
2950,642,3876.0
2951,642,3836.2
2952,642,4114.2
2953,642,3719.7
2954,642,4238.0
2955,642,3882.8
2956,642,4109.9
2957,642,3740.3
2958,642,4042.1
2959,642,4199.7
2960,642,3818.3
2961,642,4098.9
2962,642,4018.5
2963,642,3994.9
2964,642,4352.6
2965,642,3578.3
2966,642,4099.9
2967,642,3999.9
2968,642,4040.8
2969,642,3991.3
2970,642,4041.2
2971,642,3912.1
2972,642,3772.7
2973,642,4181.4
2974,642,4003.6
2975,642,4004.3
2976,642,4052.2
2977,642,3856.0
2978,642,4066.9
2979,642,3720.7
2980,642,3922.3
2981,642,3935.3
2982,642,4019.0
2983,642,3933.9
2984,642,3195.3
2985,642,3881.9
2986,642,3893.4
2987,642,3241.4
2988,642,3805.8
2989,642,3977.7
2990,642,3136.3
2991,642,3865.1
2992,642,3967.9
2993,642,3158.8
2994,642,3910.8
2995,642,3946.5
2996,642,3998.4
2997,642,4057.7
2998,642,3906.3
2999,642,3970.1
3000,642,3197.5
3001,642,3955.7
3002,642,4089.1
3003,642,4012.9
3004,642,4016.9
3005,642,4109.6
3006,642,4070.3
3007,642,3962.4
3008,642,3861.2
3009,642,4062.3
3010,642,4010.1
3011,642,3981.6
3012,642,4051.6
3013,642,3951.6
3014,642,3985.7
3015,642,3702.0
3016,642,4278.8
3017,642,3995.0
3018,642,3976.3
3019,642,3996.2
3020,642,3851.8
3021,642,4098.2
3022,642,4123.0
3023,642,4057.2
3024,642,4011.0
3025,642,3699.1
3026,642,4093.8
3027,642,3896.1
3028,642,4114.8
3029,642,4058.2
3030,642,5009.6
3031,642,4039.7
3032,642,3733.4
3033,642,4157.4
3034,642,3978.0
3035,642,4014.0
3036,642,3967.0
3037,642,4055.5
3038,642,3941.2
3039,642,3715.4
3040,642,4199.3
3041,642,4041.4
3042,642,3978.8
3043,642,4007.5
3044,642,3816.1
3045,642,4130.8
3046,642,3781.9
3047,642,4208.1
3048,642,4066.8
3049,642,3973.6
3050,642,4065.9
3051,642,3807.0
3052,642,4079.4
3053,642,4024.0
3054,642,4149.2
3055,642,3851.6
3056,642,3983.7
3057,642,3958.5
3058,642,3828.4
3059,642,4130.8
3060,642,4013.6
3061,642,3993.6
3062,642,3700.9
3063,642,4346.5
3064,642,3931.0
3065,642,3719.3
3066,642,3932.3
3067,642,4235.6
3068,642,4061.4
3069,642,4008.2
3070,642,3741.2
3071,642,4267.4
3072,642,3750.0
3073,642,4195.6
3074,642,4001.4
3075,642,4000.5
3076,642,3979.4
3077,642,3829.4
3078,642,4167.4
3079,642,4113.6
3080,642,3879.6
3081,642,3980.5
3082,642,3995.3
3083,642,3977.8
3084,642,3870.4
3085,642,4100.3
3086,642,3753.8
3087,642,4224.9
3088,642,4036.9
3089,642,4239.2
3090,642,3783.8
3091,642,3691.9
3092,642,4217.1
3093,642,3720.4
3094,642,3899.9
3095,642,3998.9
3096,642,3991.2
3097,642,4312.5
3098,642,3913.2
3099,642,4109.9
3100,642,4076.3
3101,642,3736.6
3102,642,4169.9
3103,642,3897.2
3104,642,4081.2
3105,642,3765.5
3106,642,4188.0
3107,642,4076.1
3108,642,3958.5
3109,642,3990.3
3110,642,3924.3
3111,642,4204.1
3112,642,4841.4
3113,642,4002.2
3114,642,3997.1
3115,642,3813.8
3116,642,3996.4
3117,642,4210.4
3118,642,3969.0
3119,642,4029.5
3120,642,3694.1
3121,642,4195.8
3122,642,3840.5
3123,642,3962.7
3124,642,4014.0
3125,642,3936.9
3126,642,3903.8
3127,642,4381.7
3128,642,3634.4
3129,642,3888.6
3130,642,3503.6
3131,642,3703.4
3132,642,3874.1
3133,642,4060.9
3134,642,4209.2
3135,642,4019.3
3136,642,4056.4
3137,642,3953.4
3138,642,3798.5
3139,642,4141.8
3140,642,4034.3
3141,642,3980.2
3142,642,3996.3
3143,642,3833.4
3144,642,3797.2
3145,642,4083.7
3146,642,4209.4
3147,642,4023.4
3148,642,4002.4
3149,642,3987.9
3150,642,3819.5
3151,642,4147.2
3152,642,4007.7
3153,642,4046.9
3154,642,3965.3
3155,642,4114.6
3156,642,3876.1
3157,642,3919.6
3158,642,4038.2
3159,642,4044.4
3160,642,3946.1
3161,642,3977.0
3162,642,4092.5
3163,642,3995.2
3164,642,3765.8
3165,642,4120.2
3166,642,4013.1
3167,642,3671.0
3168,642,4223.0
3169,642,4046.2
3170,642,4019.4
3171,642,3758.6
3172,642,4186.6
3173,642,4041.2
3174,642,3978.8
3175,642,3987.8
3176,642,3817.5
3177,642,4196.4
3178,642,3806.6
3179,642,4124.1
3180,642,4024.5
3181,642,4005.9
3182,642,4043.7
3183,642,3756.5
3184,642,4154.5
3185,642,3994.9
3186,642,3758.1
3187,642,4184.2
3188,642,4199.5
3189,642,3880.7
3190,642,3838.7
3191,642,4082.5
3192,642,4008.9
3193,642,3966.3
3194,642,3660.7
3195,642,4214.7
3196,642,4093.9
3197,642,3836.9
3198,642,3847.7
3199,642,4235.9
3200,642,4073.8
3201,642,3996.3
3202,642,3655.7
3203,642,3953.2
3204,642,4031.6
3205,642,4250.5
3206,642,4955.3
3207,642,3743.2
3208,642,4274.5
3209,642,4281.7
3210,642,3468.5
3211,642,4209.5
3212,642,4103.8
3213,642,4006.5
3214,642,3779.5
3215,642,4155.5
3216,642,4006.3
3217,642,3833.8
3218,642,4154.1
3219,642,4170.1
3220,642,3842.1
3221,642,3783.9
3222,642,4143.0
3223,642,4020.5
3224,642,3998.3
3225,642,4113.9
3226,642,3951.2
3227,642,3899.6
3228,642,3790.7
3229,642,4163.2
3230,642,3658.9
3231,642,3958.2
3232,642,3184.5
3233,642,3850.7
3234,642,3982.9
3235,642,4090.9
3236,642,3918.5
3237,642,3977.0
3238,642,3963.5
3239,642,4017.0
3240,642,3967.8
3241,642,3982.0
3242,642,3187.7
3243,642,3883.5
3244,642,4007.3
3245,642,3930.8
3246,642,3999.2
3247,642,3987.8
3248,642,3987.6
3249,642,3971.6
3250,642,3992.9
3251,642,3924.6
3252,642,3516.2
3253,642,3614.3
3254,642,4066.3
3255,642,3925.2
3256,642,4034.6
3257,642,3940.0
3258,642,4144.5
3259,642,4120.9
3260,642,3777.4
3261,642,4212.9
3262,642,4013.6
3263,642,3975.7
3264,642,3984.0
3265,642,3840.1
3266,642,4118.3
3267,642,3802.2
3268,642,4184.5
3269,642,4044.7
3270,642,3972.8
3271,642,3912.8
3272,642,3897.3
3273,642,3902.0
3274,642,4212.1
3275,642,4036.3
3276,642,4058.1
3277,642,4125.4
3278,642,3838.7
3279,642,3798.1
3280,642,4129.4
3281,642,4044.7
3282,642,3975.9
3283,642,3969.5
3284,642,4308.8
3285,642,3717.1
3286,642,3820.6
3287,642,4108.3
3288,642,4041.9
3289,642,3971.8
3290,642,3976.4
3291,642,3975.6
3292,642,4028.5
3293,642,3727.4
3294,642,4212.1
3295,642,4041.9
3296,642,3986.5
3297,642,4117.9
3298,642,3691.0
3299,642,4110.0
3300,642,3766.1
3301,642,4222.4
3302,642,3790.8
3303,642,3987.0
3304,642,3861.9
3305,642,4087.4
3306,642,4259.8
3307,642,4042.3
3308,642,3619.9
3309,642,4002.7
3310,642,4254.8
3311,642,4113.0
3312,642,3815.8
3313,642,4107.2
3314,642,4008.0
3315,642,4026.3
3316,642,3968.8
3317,642,4118.7
3318,642,3858.8
3319,642,3746.6
3320,642,4207.8
3321,642,4022.7
3322,642,3982.6
3323,642,4110.8
3324,642,3851.2
3325,642,4013.6
3326,642,3785.0
3327,642,4184.4
3328,642,4022.7
3329,642,3993.9
3330,642,4001.2
3331,642,3807.9
3332,642,4130.4
3333,642,4073.5
3334,642,3960.4
3335,642,3990.8
3336,642,3980.7
3337,642,3989.9
3338,642,3772.7
3339,642,4197.1
3340,642,4010.9
3341,642,3981.3
3342,642,3800.7
3343,642,4196.6
3344,642,3708.5
3345,642,3933.8
3346,642,4232.5
3347,642,4076.1
3348,642,4005.4
3349,642,3996.0
3350,642,4085.4
3351,642,3924.5
3352,642,3686.4
3353,642,4230.4
3354,642,4085.6
3355,642,3945.8
3356,642,3973.2
3357,642,3844.5
3358,642,3987.0
3359,642,3813.9
3360,642,4295.4
3361,642,4021.0
3362,642,4011.8
3363,642,3981.4
3364,642,3829.2
3365,642,4131.1
3366,642,3838.4
3367,642,4121.7
3368,642,4050.6
3369,642,4002.2
3370,642,3969.3
3371,642,3720.2
3372,642,4222.5
3373,642,4087.7
3374,642,3949.9
3375,642,3723.8
3376,642,4310.3
3377,642,3673.7
3378,642,3986.3
3379,642,4231.9
3380,642,4018.6
3381,642,3741.9
3382,642,3894.5
3383,642,4260.6
3384,642,4073.1
3385,642,3710.2
3386,642,4278.5
3387,642,3995.0
3388,642,3986.9
3389,642,3989.6
3390,642,3871.4
3391,642,4096.2
3392,642,4127.4
3393,642,3917.6
3394,642,3964.1
3395,642,3972.1
3396,642,3993.9
3397,642,3834.5
3398,642,4125.1
3399,642,4122.5
3400,642,3947.0
3401,642,3645.7
3402,642,4412.5
3403,642,3894.5
3404,642,3776.3
3405,642,4143.0
3406,642,3819.8
3407,642,4168.6
3408,642,3770.1
3409,642,4358.8
3410,642,3673.3
3411,642,3893.8
3412,642,3876.1
3413,642,3175.4
3414,642,4175.1
3415,642,4041.2
3416,642,4066.6
3417,642,3929.6
3418,642,3761.2
3419,642,3947.5
3420,642,3920.8
3421,642,3945.5
3422,642,3983.2
3423,642,4084.1
3424,642,4256.7
3425,642,3806.0
3426,642,4187.0
3427,642,4144.1
3428,642,3957.2
3429,642,3938.5
3430,642,3949.5
3431,642,4009.8
3432,642,3786.4
3433,642,4176.2
3434,642,3989.1
3435,642,4059.5
3436,642,3971.3
3437,642,4036.9
3438,642,3929.5
3439,642,3817.6
3440,642,4255.1
3441,642,3909.6
3442,642,3963.8
3443,642,4013.1
3444,642,3971.5
3445,642,4009.0
3446,642,3837.2
3447,642,4139.2
3448,642,3996.8
3449,642,4008.8
3450,642,3980.1
3451,642,3898.4
3452,642,4122.9
3453,642,3703.3
3454,642,4202.7
3455,642,3944.4
3456,642,4083.2
3457,642,3996.0
3458,642,3826.8
3459,642,4214.5
3460,642,3619.5
3461,642,4265.0
3462,642,4019.2
3463,642,4183.5
3464,642,3836.4
3465,642,3685.3
3466,642,4213.4
3467,642,3907.2
3468,642,4109.2
3469,642,4015.2
3470,642,4128.4
3471,642,3887.9
3472,642,3740.2
3473,642,4199.0
3474,642,4006.6
3475,642,3993.0
3476,642,3995.3
3477,642,3996.0
3478,642,3990.2
3479,642,3781.8
3480,642,4182.3
3481,642,3800.4
3482,642,3821.8
3483,642,4001.0
3484,642,3940.6
3485,642,3199.9
3486,642,3813.2
3487,642,4018.9
3488,642,3994.3
3489,642,3989.6
3490,642,3989.5
3491,642,3995.9
3492,642,3964.1
3493,642,3105.0
3494,642,3946.7
3495,642,3915.2
3496,642,3201.3
3497,642,3892.0
3498,642,3992.0
3499,642,3940.1
3500,642,3983.6
3501,642,3996.2
3502,642,3894.8
3503,642,3635.2
3504,642,4644.8
3505,642,4139.4
3506,642,4014.6
3507,642,4001.4
3508,642,3995.0
3509,642,3976.6
3510,642,3995.9
3511,642,3791.6
3512,642,4183.5
3513,642,4018.9
3514,642,3972.2
3515,642,4111.3
3516,642,3715.9
3517,642,4126.5
3518,642,3887.8
3519,642,4103.4
3520,642,4040.0
3521,642,3975.6
3522,642,4178.4
3523,642,3673.8
3524,642,4107.4
3525,642,4059.0
3526,642,4001.7
3527,642,3956.6
3528,642,4132.7
3529,642,3852.8
3530,642,3773.5
3531,642,4153.7
3532,642,4029.5
3533,642,3980.4
3534,642,3747.5
3535,642,4311.7
3536,642,3919.3
3537,642,3745.0
3538,642,4212.2
3539,642,4091.4
3540,642,3931.5
3541,642,3969.1
3542,642,4119.1
3543,642,3904.6
3544,642,3695.9
3545,642,4223.4
3546,642,4290.4
3547,642,3765.0
3548,642,3954.1
3549,642,3851.2
3550,642,3918.3
3551,642,3911.9
3552,642,4250.0
3553,642,4061.5
3554,642,3966.3
3555,642,4295.3
3556,642,3567.1
3557,642,3846.0
3558,642,4255.2
3559,642,4059.9
3560,642,3952.4
3561,642,3736.3
3562,642,3936.6
3563,642,3975.9
3564,642,4255.1
3565,642,3854.2
3566,642,4148.8
3567,642,4023.7
3568,642,4120.2
3569,642,3870.4
3570,642,3824.9
3571,642,4377.0
3572,642,3818.4
3573,642,4001.0
3574,642,3951.1
3575,642,3846.2
3576,642,4092.8
3577,642,3812.9
3578,642,4163.7
3579,642,4160.4
3580,642,3886.3
3581,642,3658.0
3582,642,3916.7
3583,642,4078.0
3584,642,4006.4
3585,642,3933.2
3586,642,3965.9
3587,642,3996.4
3588,642,4074.0
3589,642,4066.2
3590,642,4192.2
3591,642,4007.8
3592,642,4011.0
3593,642,4001.8
3594,642,4044.8
3595,642,3945.5
3596,642,3795.8
3597,642,4136.5
3598,642,4041.3
3599,642,3977.3
3600,642,4003.6
3601,642,3673.1
3602,642,3953.3
3603,642,3949.6
3604,642,4001.4
3605,642,4309.0
3606,642,4074.4
3607,642,3995.0
3608,642,3948.0
3609,642,4023.0
3610,642,3728.8
3611,642,4201.5
3612,642,4163.2
3613,642,3900.3
3614,642,3934.6
3615,642,3809.4
3616,642,3898.0
3617,642,3975.5
3618,642,4254.3
3619,642,4012.3
3620,642,4023.3
3621,642,3978.1
3622,642,3849.0
3623,642,4128.7
3624,642,4031.5
3625,642,3984.4
3626,642,3986.5
3627,642,4050.3
3628,642,3946.7
3629,642,3821.4
3630,642,4129.5
3631,642,4002.8
3632,642,4133.2
3633,642,4013.3
3634,642,3706.6
3635,642,3897.3
3636,642,3894.0
3637,642,4223.6
3638,642,4077.0
3639,642,4139.0
3640,642,3966.7
3641,642,3767.2
3642,642,4107.4
3643,642,3664.1
3644,642,4264.8
3645,642,4040.6
3646,642,4168.4
3647,642,3825.4
3648,642,3766.3
3649,642,4169.9
3650,642,4021.1
3651,642,4001.5
3652,642,3963.1
3653,642,4062.5
3654,642,3953.1
3655,642,3712.1
3656,642,4218.0
3657,642,4037.8
3658,642,3981.1
3659,642,3836.2
3660,642,4166.6
3661,642,4039.1
3662,642,3653.1
3663,642,4221.3
3664,642,4024.8
3665,642,3997.9
3666,642,3706.7
3667,642,3998.7
3668,642,4222.5
3669,642,3776.8
3670,642,3905.0
3671,642,4420.8
3672,642,3930.9
3673,642,3971.1
3674,642,3837.8
3675,642,4127.4
3676,642,3881.4
3677,642,4106.7
3678,642,4010.7
3679,642,3992.4
3680,642,3994.3
3681,642,3771.3
3682,642,4157.4
3683,642,4351.2
3684,642,3767.6
3685,642,3929.1
3686,642,3713.8
3687,642,3972.5
3688,642,4040.4
3689,642,4202.1
3690,642,4029.2
3691,642,3990.9
3692,642,3980.5
3693,642,4050.6
3694,642,3952.6
3695,642,3810.6
3696,642,4382.8
3697,642,3955.6
3698,642,3824.2
3699,642,3976.6
3700,642,3892.9
3701,642,3773.2
3702,642,4048.0
3703,642,4199.0
3704,642,4041.9
3705,642,3771.7
3706,642,4187.3
3707,642,3848.8
3708,642,4148.8
3709,642,3722.6
3710,642,3906.1
3711,642,4277.0
3712,642,4071.6
3713,642,3766.6
3714,642,3854.8
3715,642,4070.5
3716,642,4240.1
3717,642,4144.7
3718,642,3913.6
3719,642,4004.7
3720,642,3969.2
3721,642,3802.7
3722,642,4143.9
3723,642,4016.3
3724,642,3997.3
3725,642,4009.2
3726,642,3957.6
3727,642,4018.8
3728,642,3789.0
3729,642,4164.9
3730,642,4021.4
3731,642,4008.8
3732,642,3674.4
3733,642,3883.5
3734,642,3962.7
3735,642,3203.2
3736,642,3824.4
3737,642,3954.5
3738,642,3162.3
3739,642,3896.4
3740,642,3949.1
3741,642,3166.6
3742,642,3852.9
3743,642,3996.5
3744,642,4055.9
3745,642,3930.0
3746,642,3998.9
3747,642,3949.4
3748,642,3197.2
3749,642,3862.9
3750,642,3919.9
3751,642,3186.6
3752,642,3877.9
3753,642,3944.9
3754,642,3946.6
3755,642,3249.8
3756,642,4175.3
3757,642,4015.2
3758,642,3967.0
3759,642,3837.9
3760,642,4123.4
3761,642,4003.7
3762,642,3937.2
3763,642,3953.3
3764,642,3869.6
3765,642,4183.8
3766,642,3705.7
3767,642,4175.0
3768,642,4029.2
3769,642,3685.4
3770,642,4251.7
3771,642,3884.9
3772,642,4129.5
3773,642,4138.3
3774,642,3880.7
3775,642,3748.4
3776,642,4018.7
3777,642,4030.2
3778,642,3877.8
3779,642,4219.8
3780,642,4033.6
3781,642,3990.4
3782,642,3981.6
3783,642,4147.4
3784,642,4018.9
3785,642,3793.1
3786,642,4063.4
3787,642,3615.2
3788,642,3995.5
3789,642,4286.8
3790,642,4090.6
3791,642,3945.4
3792,642,3793.5
3793,642,4145.8
3794,642,4027.6
3795,642,3988.3
3796,642,3729.2
3797,642,4014.0
3798,642,4214.3
3799,642,3695.6
3800,642,4275.0
3801,642,4076.2
3802,642,3965.8
3803,642,3966.0
3804,642,3796.9
3805,642,4159.7
3806,642,4009.8
3807,642,3782.8
3808,642,4027.8
3809,642,3880.4
3810,642,4251.0
3811,642,4115.7
3812,642,3919.4
3813,642,3995.8
3814,642,4003.3
3815,642,3769.6
3816,642,4421.5
3817,642,3742.5
3818,642,3850.7
3819,642,3951.8
3820,642,4155.6
3821,642,4039.2
3822,642,3978.3
3823,642,4006.7
3824,642,4039.2
3825,642,3699.1
3826,642,4193.1
3827,642,4036.9
3828,642,3986.9
3829,642,4125.8
3830,642,3737.6
3831,642,4086.4
3832,642,3738.8
3833,642,4231.2
3834,642,4036.7
3835,642,3642.0
3836,642,4243.9
3837,642,3812.4
3838,642,4222.2
3839,642,4043.3
3840,642,3996.5
3841,642,3994.9
3842,642,4054.9
3843,642,3937.9
3844,642,3789.4
3845,642,4148.7
3846,642,4186.4
3847,642,3844.0
3848,642,3954.2
3849,642,4024.5
3850,642,3717.1
3851,642,4001.3
3852,642,4197.8
3853,642,4056.8
3854,642,4094.8
3855,642,3881.5
3856,642,3838.9
3857,642,4106.4
3858,642,3740.0
3859,642,4207.1
3860,642,4047.1
3861,642,3987.4
3862,642,3999.1
3863,642,3760.0
3864,642,3910.2
3865,642,3947.8
3866,642,4241.6
3867,642,4097.0
3868,642,3979.9
3869,642,3993.7
3870,642,3661.9
3871,642,4237.8
3872,642,4133.6
3873,642,3965.6
3874,642,3977.0
3875,642,4124.2
3876,642,3911.5
3877,642,3729.9
3878,642,4144.1
3879,642,4033.8
3880,642,4007.2
3881,642,3980.5
3882,642,4130.7
3883,642,3904.3
3884,642,3803.8
3885,642,4113.6
3886,642,4029.3
3887,642,3979.1
3888,642,3988.9
3889,642,3962.2
3890,642,3716.9
3891,642,4098.1
3892,642,4171.5
3893,642,4038.4
3894,642,3660.5
3895,642,4261.9
3896,642,3902.5
3897,642,4112.2
3898,642,3778.6
3899,642,3930.3
3900,642,4067.3
3901,642,4195.9
3902,642,3993.0
3903,642,3822.7
3904,642,4133.5
3905,642,4048.2
3906,642,3948.7
3907,642,3998.0
3908,642,4133.7
3909,642,4005.6
3910,642,3697.3
3911,642,4120.3
3912,642,4009.6
3913,642,4089.9
3914,642,3906.5
3915,642,4083.1
3916,642,3898.3
3917,642,3673.4
3918,642,4269.4
3919,642,4039.8
3920,642,3975.9
3921,642,4030.0
3922,642,3996.9
3923,642,3956.2
3924,642,3649.3
3925,642,4002.5
3926,642,3986.0
3927,642,3997.4
3928,642,4034.6
3929,642,3913.9
3930,642,4071.4
3931,642,3953.6
3932,642,4070.1
3933,642,4217.3
3934,642,4056.5
3935,642,3972.1
3936,642,3737.6
3937,642,4182.9
3938,642,4044.6
3939,642,4005.0
3940,642,3770.4
3941,642,3882.0
3942,642,4224.1
3943,642,3787.3
3944,642,4253.5
3945,642,4145.8
3946,642,3695.7
3947,642,4149.8
3948,642,3953.0
3949,642,4072.7
3950,642,3787.7
3951,642,4337.0
3952,642,3874.8
3953,642,3976.0
3954,642,3814.5
3955,642,4256.1
3956,642,3666.7
3957,642,3916.8
3958,642,3916.5
3959,642,4260.8
3960,642,4106.4
3961,642,3972.1
3962,642,3882.5
3963,642,3867.9
3964,642,3897.2
3965,642,4250.2
3966,642,3728.5
3967,642,3938.7
3968,642,3132.0
3969,642,4247.1
3970,642,4041.3
3971,642,3955.2
3972,642,3992.6
3973,642,3985.2
3974,642,4043.0
3975,642,3676.2
3976,642,3995.2
3977,642,4009.7
3978,642,3928.6
3979,642,4258.2
3980,642,4054.8
3981,642,3986.5
3982,642,3988.3
3983,642,3850.4
3984,642,3817.5
3985,642,3993.4
3986,642,3954.9
3987,642,3883.0
3988,642,3209.1
3989,642,3849.9
3990,642,3954.0
3991,642,3133.5
3992,642,3938.5
3993,642,3920.4
3994,642,3156.9
3995,642,3862.2
3996,642,3964.2
3997,642,3151.3
3998,642,3911.3
3999,642,3958.5
4000,642,4004.2
4001,642,4000.1
4002,642,3968.3
4003,642,4004.0
4004,642,3996.7
4005,642,3953.4
4006,642,3590.5
4007,642,3663.8
4008,642,4131.6
4009,642,4001.5
4010,642,3994.6
4011,642,3990.5
4012,642,3903.0
4013,642,5056.4
4014,642,4019.0
4015,642,3793.6
4016,642,4153.7
4017,642,3812.9
4018,642,4171.6
4019,642,3666.6
4020,642,4245.2
4021,642,3718.1
4022,642,4266.9
4023,642,4084.4
4024,642,3831.0
4025,642,4131.0
4026,642,4025.4
4027,642,3979.0
4028,642,3738.7
4029,642,4215.1
4030,642,4038.5
4031,642,3850.3
4032,642,4139.8
4033,642,4116.2
4034,642,3894.3
4035,642,3977.2
4036,642,4161.3
4037,642,3824.2
4038,642,3939.9
4039,642,3981.0
4040,642,3988.9
4041,642,3998.0
4042,642,3999.8
4043,642,3988.2
4044,642,3990.2
4045,642,3800.8
4046,642,4636.0
4047,642,3268.3
4048,642,4209.6
4049,642,3773.9
4050,642,4046.6
4051,642,4178.4
4052,642,3837.8
4053,642,4142.5
4054,642,4967.7
4055,642,3821.5
4056,642,4180.3
4057,642,4112.6
4058,642,3920.9
4059,642,3983.5
4060,642,3989.6
4061,642,3988.2
4062,642,3815.9
4063,642,4128.5
4064,642,4049.8
4065,642,3966.7
4066,642,3983.0
4067,642,4078.5
4068,642,3931.8
4069,642,3873.6
4070,642,4062.9
4071,642,3751.1
4072,642,4221.6
4073,642,3755.1
4074,642,4100.0
4075,642,4143.6
4076,642,3766.6
4077,642,3917.1
4078,642,4231.2
4079,642,4064.1
4080,642,3729.1
4081,642,4024.2
4082,642,4185.6
4083,642,3772.3
4084,642,4219.1
4085,642,4048.8
4086,642,3992.3
4087,642,4023.9
4088,642,3827.7
4089,642,4113.9
4090,642,3668.0
4091,642,3998.1
4092,642,4030.4
4093,642,4248.1
4094,642,4025.0
4095,642,4674.8
4096,642,4354.5
4097,642,3944.2
4098,642,4049.1
4099,642,3944.5
4100,642,3737.7
4101,642,4208.3
4102,642,4005.2
4103,642,4001.7
4104,642,4035.2
4105,642,3790.6
4106,642,4132.8
4107,642,3849.4
4108,642,4651.4
4109,642,3273.1
4110,642,3876.2
4111,642,3952.2
4112,642,3939.5
4113,642,3170.8
4114,642,3941.7
4115,642,4238.9
4116,642,3902.5
4117,642,3891.8
4118,642,4324.9
4119,642,3684.0
4120,642,3972.7
4121,642,3944.2
4122,642,3999.4
4123,642,4253.2
4124,642,3712.0
4125,642,4206.6
4126,642,4203.6
4127,642,3855.7
4128,642,3870.4
4129,642,4082.6
4130,642,4039.6
4131,642,3953.1
4132,642,4045.9
4133,642,4088.2
4134,642,3878.9
4135,642,3740.6
4136,642,4221.2
4137,642,3995.1
4138,642,3988.5
4139,642,3981.7
4140,642,3675.7
4141,642,3936.0
4142,642,3964.3
4143,642,3482.0
4144,642,3638.6
4145,642,4239.2
4146,642,4039.4
4147,642,3968.4
4148,642,3697.0
4149,642,4054.9
4150,642,4193.3
4151,642,4088.4
4152,642,3980.2
4153,642,3968.2
4154,642,3975.7
4155,642,4012.5
4156,642,3659.1
4157,642,4070.0
4158,642,4191.1
4159,642,4013.5
4160,642,3998.0
4161,642,4152.5
4162,642,3856.0
4163,642,3843.0
4164,642,4099.8
4165,642,4010.0
4166,642,3996.5
4167,642,3985.7
4168,642,4009.9
4169,642,3990.1
4170,642,3759.3
4171,642,3889.1
4172,642,4237.6
4173,642,4065.2
4174,642,4006.1
4175,642,3842.3
4176,642,4131.7
4177,642,3710.2
4178,642,4236.2
4179,642,4178.0
4180,642,3873.5
4181,642,3973.3
4182,642,3961.9
4183,642,4023.8
4184,642,4042.1
4185,642,3958.5
4186,642,4131.3
4187,642,3956.7
4188,642,3899.5
4189,642,3826.7
4190,642,3961.0
4191,642,4135.0
4192,642,4012.8
4193,642,4010.5
4194,642,3891.7
4195,642,4086.0
4196,642,3851.7
4197,642,4108.1
4198,642,3632.5
4199,642,4277.9
4200,642,4078.7
4201,642,3865.4
4202,642,4125.6
4203,642,3797.9
4204,642,4160.1
4205,642,4029.2
4206,642,3984.4
4207,642,3992.8
4208,642,3852.7
4209,642,4118.9
4210,642,3884.8
4211,642,4141.9
4212,642,3962.2
4213,642,4099.2
4214,642,3904.8
4215,642,3807.6
4216,642,4135.8
4217,642,4077.1
4218,642,3964.5
4219,642,3978.3
4220,642,4126.2
4221,642,3858.1
4222,642,3776.0
4223,642,4155.3
4224,642,4019.9
4225,642,4019.8
4226,642,4015.8
4227,642,4138.0
4228,642,3833.1
4229,642,3766.1
4230,642,4147.7
4231,642,4038.1
4232,642,3974.3
4233,642,3990.1
4234,642,3840.7
4235,642,3847.9
4236,642,3983.1
4237,642,3933.2
4238,642,3947.0
4239,642,3200.5
4240,642,3881.3
4241,642,3940.0
4242,642,3963.1
4243,642,3233.6
4244,642,3842.0
4245,642,3916.6
4246,642,3977.9
4247,642,3239.4
4248,642,3800.5
4249,642,3985.9
4250,642,3962.5
4251,642,3155.8
4252,642,3889.1
4253,642,3941.6
4254,642,3952.8
4255,642,3139.3
4256,642,3941.6
4257,642,3927.4
4258,642,3262.0
4259,642,3820.0
4260,642,4049.0
4261,642,4110.7
4262,642,4198.6
4263,642,3819.5
4264,642,3973.8
4265,642,3948.1
4266,642,4021.3
4267,642,3843.8
4268,642,4127.0
4269,642,4140.5
4270,642,4125.4
4271,642,3864.5
4272,642,3808.9
4273,642,4265.7
4274,642,4043.7
4275,642,3855.3
4276,642,4066.6
4277,642,3925.6
4278,642,3718.6
4279,642,4003.9
4280,642,4171.1
4281,642,4065.6
4282,642,3983.1
4283,642,3991.1
4284,642,4384.5
4285,642,3659.0
4286,642,3760.3
4287,642,4124.9
4288,642,3977.0
4289,642,3942.4
4290,642,3980.6
4291,642,4212.4
4292,642,3776.3
4293,642,3789.5
4294,642,4247.4
4295,642,3782.8
4296,642,4211.6
4297,642,3778.7
4298,642,4162.8
4299,642,4062.9
4300,642,3729.8
4301,642,4236.8
4302,642,3959.1
4303,642,4051.9
4304,642,4001.1
4305,642,3858.0
4306,642,4115.3
4307,642,3860.2
4308,642,4113.4
4309,642,4048.2
4310,642,4013.8
4311,642,3958.3
4312,642,3906.6
4313,642,4070.0
4314,642,3993.1
4315,642,4017.6
4316,642,3982.7
4317,642,4035.5
4318,642,3944.9
4319,642,3738.6
4320,642,4201.8
4321,642,4025.1
4322,642,3985.0
4323,642,3708.9
4324,642,4163.1
4325,642,4101.7
4326,642,3823.1
4327,642,4222.8
4328,642,3624.3
4329,642,4206.5
4330,642,4081.9
4331,642,3780.6
4332,642,4269.8
4333,642,3761.6
4334,642,4126.0
4335,642,4040.6
4336,642,3980.1
4337,642,3996.1
4338,642,3830.1
4339,642,4140.8
4340,642,4052.8
4341,642,3995.6
4342,642,3679.0
4343,642,3890.2
4344,642,3961.3
4345,642,3652.9
4346,642,3788.9
4347,642,3825.7
4348,642,4087.7
4349,642,3996.6
4350,642,3994.9
4351,642,3990.0
4352,642,4036.4
4353,642,3954.7
4354,642,3847.9
4355,642,4112.4
4356,642,4008.0
4357,642,3712.0
4358,642,4232.4
4359,642,3978.2
4360,642,4052.9
4361,642,3879.8
4362,642,3838.2
4363,642,3972.8
4364,642,4245.1
4365,642,3777.5
4366,642,4004.3
4367,642,4199.5
4368,642,4141.5
4369,642,3897.1
4370,642,3988.8
4371,642,3977.7
4372,642,3993.7
4373,642,3800.6
4374,642,4185.9
4375,642,3982.5
4376,642,3987.6
4377,642,4005.6
4378,642,4047.5
4379,642,4076.7
4380,642,3731.7
4381,642,4092.3
4382,642,3845.1
4383,642,4122.7
4384,642,3765.8
4385,642,4288.5
4386,642,3970.2
4387,642,3843.1
4388,642,4119.7
4389,642,4131.4
4390,642,3886.2
4391,642,3960.1
4392,642,3843.6
4393,642,3878.5
4394,642,4002.5
4395,642,4211.3
4396,642,4064.7
4397,642,3953.7
4398,642,4004.1
4399,642,3790.5
4400,642,4162.3
4401,642,3736.8
4402,642,4359.2
4403,642,3931.3
4404,642,3975.5
4405,642,3974.6
4406,642,3816.6
4407,642,4145.6
4408,642,4017.4
4409,642,4021.3
4410,642,3967.4
4411,642,4161.2
4412,642,3857.9
4413,642,3750.0
4414,642,4173.5
4415,642,4016.3
4416,642,4000.4
4417,642,3989.5
4418,642,4075.6
4419,642,3952.4
4420,642,3776.6
4421,642,4132.9
4422,642,4046.1
4423,642,4024.2
4424,642,3943.1
4425,642,3856.1
4426,642,4106.6
4427,642,3746.6
4428,642,4212.3
4429,642,4044.5
4430,642,4126.9
4431,642,3614.7
4432,642,4004.6
4433,642,4173.8
4434,642,4091.3
4435,642,3935.3
4436,642,3993.5
4437,642,3987.1
4438,642,3993.1
4439,642,3807.6
4440,642,4155.8
4441,642,4007.5
4442,642,3996.0
4443,642,3990.5
4444,642,4129.2
4445,642,3878.7
4446,642,3964.5
4447,642,4010.6
4448,642,4064.4
4449,642,3914.4
4450,642,3973.6
4451,642,3979.8
4452,642,3711.8
4453,642,3995.8
4454,642,4227.9
4455,642,4037.4
4456,642,3692.6
4457,642,4253.1
4458,642,3843.3
4459,642,4157.5
4460,642,3828.2
4461,642,4154.9
4462,642,4029.2
4463,642,3992.4
4464,642,4105.4
4465,642,3715.7
4466,642,4131.4
4467,642,4024.5
4468,642,3982.3
4469,642,3993.6
4470,642,4027.4
4471,642,3963.3
4472,642,3804.9
4473,642,4131.0
4474,642,4024.1
4475,642,3990.4
4476,642,4123.2
4477,642,3990.0
4478,642,3876.2
4479,642,3834.4
4480,642,4141.3
4481,642,3993.0
4482,642,3991.0
4483,642,3992.8
4484,642,3889.4
4485,642,4082.5
4486,642,3703.5
4487,642,3945.3
4488,642,3901.8
4489,642,3175.7
4490,642,3874.1
4491,642,3993.7
4492,642,3995.3
4493,642,3941.9
4494,642,3206.4
4495,642,3815.9
4496,642,3977.3
4497,642,3221.1
4498,642,3803.4
4499,642,3954.1
4500,642,3165.4
4501,642,3897.8
4502,642,3947.5
4503,642,3999.3
4504,642,3958.6
4505,642,3149.5
4506,642,3867.1
4507,642,3966.3
4508,642,3156.0
4509,642,3951.1
4510,642,4059.6
4511,642,4177.2
4512,642,4111.8
4513,642,3925.6
4514,642,3991.3
4515,642,3824.6
4516,642,4126.5
4517,642,3767.7
4518,642,4235.2
4519,642,4002.7
4520,642,3992.2
4521,642,3982.0
4522,642,3841.1
4523,642,4139.8
4524,642,3730.0
4525,642,4357.5
4526,642,3687.9
4527,642,3840.3
4528,642,4187.6
4529,642,3846.7
4530,642,4278.4
4531,642,3692.1
4532,642,4219.6
4533,642,3816.1
4534,642,3986.2
4535,642,3943.2
4536,642,4016.5
4537,642,4263.5
4538,642,4029.4
4539,642,4043.3
4540,642,3959.1
4541,642,4110.3
4542,642,3877.9
4543,642,3706.7
4544,642,4205.3
4545,642,4043.1
4546,642,4111.9
4547,642,3901.1
4548,642,3965.3
4549,642,3992.5
4550,642,3756.6
4551,642,3940.1
4552,642,4178.6
4553,642,4009.5
4554,642,4009.3
4555,642,3856.8
4556,642,4221.0
4557,642,3800.5
4558,642,4142.0
4559,642,4030.1
4560,642,3684.3
4561,642,4246.9
4562,642,3983.5
4563,642,4021.3
4564,642,4038.1
4565,642,3970.5
4566,642,4000.5
4567,642,4161.5
4568,642,3838.1
4569,642,3832.0
4570,642,4114.1
4571,642,4023.5
4572,642,3978.9
4573,642,3998.9
4574,642,4094.8
4575,642,3937.4
4576,642,3846.7
4577,642,4070.9
4578,642,4174.8
4579,642,3841.9
4580,642,3973.5
4581,642,4053.2
4582,642,3929.7
4583,642,3818.1
4584,642,4136.5
4585,642,4166.7
4586,642,3681.5
4587,642,3866.6
4588,642,4024.8
4589,642,4228.1
4590,642,4057.7
4591,642,3956.0
4592,642,4010.1
4593,642,3980.2
4594,642,3997.4
4595,642,3801.5
4596,642,4160.9
4597,642,4004.9
4598,642,3980.5
4599,642,3994.6
4600,642,3702.1
4601,642,4232.7
4602,642,3827.9
4603,642,4186.5
4604,642,4022.1
4605,642,3990.4
4606,642,4011.6
4607,642,3953.0
4608,642,4050.3
4609,642,3674.3
4610,642,4231.7
4611,642,4036.1
4612,642,3992.2
4613,642,3987.6
4614,642,3860.5
4615,642,4105.1
4616,642,3699.7
4617,642,4262.7
4618,642,3697.6
4619,642,3957.9
4620,642,3988.6
4621,642,3959.8
4622,642,3514.8
4623,642,3713.2
4624,642,3885.7
4625,642,4309.3
4626,642,3721.5
4627,642,4193.9
4628,642,4155.1
4629,642,3881.5
4630,642,3964.0
4631,642,3971.9
4632,642,3996.9
4633,642,3980.5
4634,642,3993.1
4635,642,4171.7
4636,642,3842.4
4637,642,3758.6
4638,642,3941.6
4639,642,4028.3
4640,642,4191.9
4641,642,4055.5
4642,642,4067.4
4643,642,3896.0
4644,642,3820.4
4645,642,3902.3
4646,642,4309.7
4647,642,3893.4
4648,642,3974.2
4649,642,3856.7
4650,642,4113.5
4651,642,4130.1
4652,642,3904.2
4653,642,3980.8
4654,642,3978.4
4655,642,3988.0
4656,642,3873.8
4657,642,3794.8
4658,642,4273.0
4659,642,4021.1
4660,642,3760.5
4661,642,4304.7
4662,642,3952.0
4663,642,3806.3
4664,642,4179.1
4665,642,3945.3
4666,642,3997.9
4667,642,4004.9
4668,642,3840.8
4669,642,4123.6
4670,642,3848.7
4671,642,4120.3
4672,642,4051.6
4673,642,3956.5
4674,642,4001.4
4675,642,3967.4
4676,642,3699.6
4677,642,3952.7
4678,642,4233.2
4679,642,4101.8
4680,642,4098.6
4681,642,3912.9
4682,642,3754.3
4683,642,4172.5
4684,642,3835.6
4685,642,4138.6
4686,642,4056.2
4687,642,4027.1
4688,642,3951.7
4689,642,3765.4
4690,642,4173.8
4691,642,4080.8
4692,642,3943.2
4693,642,3994.3
4694,642,4111.6
4695,642,4037.2
4696,642,3680.1
4697,642,4093.0
4698,642,4017.7
4699,642,4104.8
4700,642,3899.4
4701,642,4071.9
4702,642,3955.6
4703,642,3840.9
4704,642,4069.9
4705,642,4001.8
4706,642,3988.2
4707,642,3705.4
4708,642,3986.6
4709,642,4237.0
4710,642,3830.9
4711,642,3915.7
4712,642,4251.2
4713,642,4007.6
4714,642,4006.5
4715,642,3761.2
4716,642,4195.8
4717,642,4125.4
4718,642,3907.9
4719,642,4519.5
4720,642,3201.9
4721,642,3877.5
4722,642,3919.2
4723,642,3217.7
4724,642,3834.4
4725,642,3982.6
4726,642,3956.6
4727,642,3171.0
4728,642,3816.4
4729,642,3202.0
4730,642,3829.5
4731,642,3943.8
4732,642,3131.6
4733,642,3886.6
4734,642,3945.4
4735,642,3171.0
4736,642,3873.4
4737,642,3933.1
4738,642,3223.9
4739,642,3843.0
4740,642,3977.4
4741,642,3974.4
4742,642,4009.7
4743,642,3993.9
4744,642,3989.8
4745,642,4013.0
4746,642,3968.0
4747,642,4001.2
4748,642,4003.0
4749,642,3976.0
4750,642,3968.2
4751,642,3238.5
4752,642,3783.4
4753,642,3967.3
4754,642,3153.2
4755,642,3851.2
4756,642,3120.5
4757,642,3869.2
4758,642,3967.1
4759,642,3230.5
4760,642,3822.6
4761,642,3916.4
4762,642,3519.4
4763,642,3768.5
4764,642,4180.7
4765,642,3943.2
4766,642,3957.4
4767,642,4012.9
4768,642,3791.5
4769,642,4171.1
4770,642,3763.9
4771,642,4212.9
4772,642,3837.9
4773,642,4159.5
4774,642,4030.8
4775,642,3832.2
4776,642,3856.0
4777,642,3883.0
4778,642,4289.6
4779,642,4081.0
4780,642,3987.5
4781,642,4007.4
4782,642,3767.9
4783,642,4161.6
4784,642,4051.3
4785,642,3985.6
4786,642,3972.4
4787,642,4152.9
4788,642,3875.4
4789,642,3820.6
4790,642,4113.6
4791,642,4011.5
4792,642,3989.6
4793,642,4007.3
4794,642,4102.1
4795,642,3888.2
4796,642,3819.5
4797,642,4145.2
4798,642,3999.1
4799,642,3999.1
4800,642,3989.7
4801,642,3956.5
4802,642,4021.6
4803,642,3781.8
4804,642,4185.8
4805,642,4026.2
4806,642,3974.0
4807,642,3828.1
4808,642,3903.0
4809,642,4196.1
4810,642,4184.8
4811,642,3605.9
4812,642,4210.8
4813,642,4032.9
4814,642,3990.2
4815,642,3732.8
4816,642,4204.3
4817,642,4055.5
4818,642,3968.9
4819,642,3772.3
4820,642,4296.2
4821,642,3966.5
4822,642,3763.2
4823,642,4214.8
4824,642,4093.4
4825,642,3873.5
4826,642,3978.7
4827,642,4015.7
4828,642,3968.8
4829,642,3769.0
4830,642,4179.3
4831,642,4030.6
4832,642,3801.4
4833,642,4127.1
4834,642,3841.6
4835,642,3849.1
4836,642,3909.4
4837,642,3292.0
4838,642,3822.4
4839,642,4291.8
4840,642,3790.1
4841,642,4158.8
4842,642,4027.0
4843,642,3881.3
4844,642,4053.7
4845,642,3743.7
4846,642,4245.1
4847,642,4030.0
4848,642,3977.8
4849,642,4001.6
4850,642,3783.2
4851,642,4173.2
4852,642,4010.4
4853,642,3995.5
4854,642,3995.4
4855,642,4059.2
4856,642,4014.9
4857,642,3785.2
4858,642,4215.0
4859,642,3905.7
4860,642,3965.6
4861,642,4001.6
4862,642,3875.0
4863,642,3763.2
4864,642,3947.6
4865,642,3978.2
4866,642,4000.5
4867,642,4009.5
4868,642,3995.7
4869,642,3935.2
4870,642,3215.6
4871,642,3945.7
4872,642,4214.5
4873,642,4164.8
4874,642,3614.8
4875,642,4205.5
4876,642,4019.1
4877,642,3992.7
4878,642,3677.4
4879,642,4333.4
4880,642,3992.3
4881,642,3784.3
4882,642,3991.0
4883,642,4290.5
4884,642,3905.0
4885,642,3830.7
4886,642,4137.7
4887,642,3981.9
4888,642,3990.4
4889,642,4004.6
4890,642,4183.9
4891,642,3837.8
4892,642,3790.8
4893,642,4121.3
4894,642,4027.8
4895,642,3974.5
4896,642,3763.5
4897,642,3970.5
4898,642,4215.1
4899,642,3825.9
4900,642,4169.2
4901,642,4026.6
4902,642,3982.4
4903,642,3999.4
4904,642,3795.6
4905,642,4153.9
4906,642,4124.2
4907,642,3686.3
4908,642,4019.8
4909,642,4149.7
4910,642,4024.3
4911,642,3896.0
4912,642,4078.1
4913,642,4161.3
4914,642,3507.6
4915,642,4263.3
4916,642,4225.7
4917,642,3963.1
4918,642,3727.5
4919,642,4119.8
4920,642,4006.0
4921,642,4062.5
4922,642,3925.5
4923,642,4058.8
4924,642,3954.5
4925,642,3699.4
4926,642,4188.7
4927,642,4013.9
4928,642,4001.9
4929,642,3693.3
4930,642,4074.6
4931,642,4169.8
4932,642,3708.4
4933,642,3926.4
4934,642,4064.5
4935,642,4218.1
4936,642,4064.6
4937,642,3650.8
4938,642,4252.7
4939,642,4161.6
4940,642,3955.7
4941,642,4068.6
4942,642,3951.4
4943,642,3930.0
4944,642,3840.5
4945,642,4134.2
4946,642,3992.6
4947,642,3719.7
4948,642,4217.2
4949,642,4094.9
4950,642,3957.4
4951,642,3792.4
4952,642,4143.9
4953,642,4029.3
4954,642,3990.6
4955,642,3983.4
4956,642,4019.7
4957,642,3975.2
4958,642,3733.5
4959,642,4201.3
4960,642,4124.9
4961,642,3939.6
4962,642,4089.9
4963,642,3744.3
4964,642,3850.0
4965,642,4023.5
4966,642,4178.7
4967,642,4034.0
4968,642,3992.5
4969,642,3988.2
4970,642,3792.9
4971,642,4154.2
4972,642,4038.4
4973,642,3972.3
4974,642,4002.5
4975,642,4036.8
4976,642,3651.6
4977,642,3993.8
4978,642,4057.0
4979,642,4167.8
4980,642,4051.6
4981,642,3994.6
4982,642,4164.4
4983,642,3938.9
4984,642,3871.4
4985,642,3991.7
4986,642,3993.1
4987,642,3985.3
4988,642,3967.9
4989,642,4003.2
4990,642,4017.5
4991,642,3668.5
4992,642,3961.6
4993,642,3936.2
4994,642,3162.8
4995,642,3864.1
4996,642,3981.0
4997,642,3959.1
4998,642,3195.2
4999,642,3846.6
5000,642,3920.9
5001,642,3171.0
5002,642,3943.7
5003,642,3917.8
5004,642,4006.5
5005,642,3982.4
5006,642,3956.3
5007,642,3162.8
5008,642,3808.5
5009,642,3172.0
5010,642,3868.0
5011,642,4001.9
5012,642,3993.1
5013,642,3961.6
5014,642,4097.6
5015,642,4254.7
5016,642,4045.0
5017,642,3996.4
5018,642,4011.6
5019,642,3974.4
5020,642,3667.8
5021,642,4268.9
5022,642,4041.9
5023,642,3977.6
5024,642,3991.7
5025,642,4099.6
5026,642,3918.8
5027,642,3735.6
5028,642,4205.7
5029,642,4055.6
5030,642,3965.8
5031,642,4071.6
5032,642,3789.4
5033,642,4120.9
5034,642,4033.3
5035,642,4025.1
5036,642,3919.0
5037,642,4794.8
5038,642,4147.9
5039,642,3720.3
5040,642,4240.2
5041,642,4044.9
5042,642,4162.4
5043,642,3873.0
5044,642,3963.1
5045,642,4018.4
5046,642,3938.3
5047,642,3998.8
5048,642,4010.4
5049,642,4015.2
5050,642,3957.1
5051,642,3844.2
5052,642,4113.6
5053,642,4096.4
5054,642,3912.3
5055,642,3978.4
5056,642,3829.8
5057,642,4137.9
5058,642,3830.8
5059,642,4150.9
5060,642,4029.3
5061,642,3981.2
5062,642,4150.1
5063,642,3667.1
5064,642,4149.2
5065,642,4075.8
5066,642,4054.9
5067,642,3893.8
5068,642,4020.1
5069,642,3936.6
5070,642,3697.4
5071,642,4239.9
5072,642,4038.1
5073,642,3980.5
5074,642,3987.7
5075,642,4071.6
5076,642,4098.5
5077,642,3728.1
5078,642,5052.8
5079,642,4020.3
5080,642,3936.6
5081,642,4110.2
5082,642,3733.3
5083,642,4157.9
5084,642,4039.0
5085,642,4027.6
5086,642,3962.9
5087,642,3872.6
5088,642,4091.9
5089,642,3653.7
5090,642,4233.8
5091,642,4106.7
5092,642,3974.5
5093,642,4112.7
5094,642,3775.1
5095,642,4079.2
5096,642,4069.1
5097,642,3956.6
5098,642,3812.0
5099,642,3967.8
5100,642,4134.6
5101,642,3735.0
5102,642,4261.4
5103,642,4014.7
5104,642,3991.8
5105,642,3658.3
5106,642,3919.2
5107,642,3511.9
5108,642,4125.3
5109,642,3518.5
5110,642,4061.6
5111,642,4132.2
5112,642,4014.1
5113,642,3687.4
5114,642,4279.8
5115,642,4118.1
5116,642,3910.6
5117,642,3756.2
5118,642,4182.1
5119,642,4995.1
5120,642,3886.4
5121,642,4085.3
5122,642,3825.3
5123,642,4156.5
5124,642,3743.1
5125,642,4232.7
5126,642,4029.2
5127,642,3923.7
5128,642,3824.5
5129,642,3863.0
5130,642,3988.1
5131,642,3997.0
5132,642,4460.2
5133,642,3887.0
5134,642,3836.7
5135,642,4214.8
5136,642,3949.3
5137,642,3968.1
5138,642,4005.2
5139,642,4137.3
5140,642,3869.4
5141,642,3759.4
5142,642,4165.8
5143,642,4023.1
5144,642,3994.4
5145,642,3981.2
5146,642,3997.9
5147,642,4007.9
5148,642,3720.3
5149,642,4203.7
5150,642,4061.4
5151,642,3984.1
5152,642,3983.9
5153,642,3986.8
5154,642,3772.3
5155,642,4330.0
5156,642,3931.3
5157,642,3693.3
5158,642,3944.0
5159,642,4054.7
5160,642,3973.5
5161,642,4193.0
5162,642,4046.4
5163,642,3829.1
5164,642,3878.7
5165,642,4390.8
5166,642,3903.6
5167,642,3855.8
5168,642,3778.8
5169,642,4222.3
5170,642,4066.9
5171,642,4125.0
5172,642,4039.3
5173,642,3829.7
5174,642,3841.4
5175,642,4128.6
5176,642,4019.4
5177,642,3969.7
5178,642,4005.7
5179,642,4039.8
5180,642,3951.7
5181,642,3805.4
5182,642,4149.7
5183,642,4073.6
5184,642,3954.4
5185,642,3974.5
5186,642,3826.2
5187,642,4141.4
5188,642,3677.8
5189,642,4209.9
5190,642,4261.1
5191,642,3936.4
5192,642,3905.5
5193,642,3795.3
5194,642,4216.0
5195,642,3765.1
5196,642,3931.1
5197,642,4259.3
5198,642,3805.1
5199,642,4144.7
5200,642,3866.3
5201,642,4151.5
5202,642,3649.1
5203,642,4270.8
5204,642,3880.0
5205,642,4147.3
5206,642,3982.9
5207,642,3777.2
5208,642,4193.4
5209,642,4003.4
5210,642,4004.9
5211,642,3998.0
5212,642,3976.0
5213,642,4005.6
5214,642,3751.9
5215,642,4190.1
5216,642,4094.0
5217,642,3939.6
5218,642,3982.6
5219,642,3813.1
5220,642,4146.0
5221,642,4152.7
5222,642,3880.2
5223,642,3980.4
5224,642,4016.8
5225,642,3669.9
5226,642,4044.6
5227,642,4192.5
5228,642,4006.2
5229,642,3988.7
5230,642,3772.6
5231,642,3937.8
5232,642,3976.4
5233,642,4017.8
5234,642,4230.7
5235,642,4112.8
5236,642,3931.2
5237,642,3978.0
5238,642,3916.2
5239,642,4050.8
5240,642,3798.1
5241,642,4163.6
5242,642,3712.5
5243,642,3901.4
5244,642,3207.5
5245,642,3866.5
5246,642,3951.1
5247,642,3989.1
5248,642,3997.6
5249,642,3989.5
5250,642,3992.0
5251,642,3999.1
5252,642,3986.7
5253,642,3999.1
5254,642,3934.9
5255,642,3207.6
5256,642,3949.3
5257,642,3911.5
5258,642,3965.5
5259,642,3942.4
5260,642,3212.3
5261,642,3871.8
5262,642,3951.2
5263,642,3990.2
5264,642,4275.6
5265,642,3901.1
5266,642,4146.3
5267,642,4022.6
5268,642,3991.4
5269,642,3997.8
5270,642,3991.6
5271,642,3993.8
5272,642,3826.1
5273,642,4124.8
5274,642,4021.6
5275,642,4002.6
5276,642,4005.0
5277,642,3846.2
5278,642,4110.5
5279,642,3797.6
5280,642,4167.5
5281,642,4024.7
5282,642,3981.0
5283,642,4035.7
5284,642,3782.0
5285,642,4138.6
5286,642,4116.5
5287,642,3918.5
5288,642,3799.3
5289,642,4273.4
5290,642,3916.1
5291,642,3902.8
5292,642,4055.5
5293,642,3930.1
5294,642,4003.2
5295,642,3984.0
5296,642,4148.4
5297,642,3858.9
5298,642,3777.1
5299,642,4152.3
5300,642,4027.9
5301,642,3980.8
5302,642,3992.0
5303,642,4053.7
5304,642,3698.1
5305,642,3932.1
5306,642,4230.2
5307,642,3996.6
5308,642,3799.0
5309,642,3935.5
5310,642,4010.4
5311,642,4240.4
5312,642,4122.5
5313,642,3910.2
5314,642,3998.0
5315,642,3984.9
5316,642,3990.9
5317,642,3877.2
5318,642,4118.5
5319,642,3992.0
5320,642,3975.4
5321,642,3993.1
5322,642,4129.1
5323,642,3914.1
5324,642,3798.3
5325,642,4121.8
5326,642,4038.5
5327,642,4073.8
5328,642,3875.3
5329,642,4063.9
5330,642,3931.5
5331,642,3850.4
5332,642,4104.6
5333,642,3673.7
5334,642,4039.8
5335,642,4065.2
5336,642,4146.3
5337,642,4058.6
5338,642,3777.1
5339,642,4032.0
5340,642,4155.2
5341,642,4015.4
5342,642,3998.2
5343,642,3933.2
5344,642,4037.8
5345,642,4083.6
5346,642,3905.7
5347,642,3782.9
5348,642,4177.2
5349,642,4038.1
5350,642,3765.5
5351,642,4164.0
5352,642,4014.1
5353,642,4006.7
5354,642,3994.2
5355,642,4061.7
5356,642,3935.7
5357,642,3796.0
5358,642,4469.8
5359,642,3759.7
5360,642,3696.0
5361,642,3936.4
5362,642,3996.7
5363,642,4359.2
5364,642,3731.7
5365,642,4214.2
5366,642,3943.1
5367,642,3977.7
5368,642,3993.6
5369,642,3858.7
5370,642,4132.9
5371,642,3710.5
5372,642,4108.9
5373,642,4012.6
5374,642,3986.2
5375,642,4123.1
5376,642,3813.5
5377,642,4159.2
5378,642,4127.9
5379,642,3898.5
5380,642,3744.0
5381,642,4272.8
5382,642,4067.9
5383,642,3741.2
5384,642,4386.9
5385,642,3813.8
5386,642,3929.8
5387,642,3962.0
5388,642,4173.8
5389,642,3839.5
5390,642,3712.0
5391,642,4210.7
5392,642,4035.8
5393,642,4039.3
5394,642,3975.3
5395,642,3930.2
5396,642,4056.8
5397,642,3790.5
5398,642,4133.9
5399,642,4028.3
5400,642,3987.9
5401,642,3995.0
5402,642,3841.0
5403,642,4122.9
5404,642,3808.4
5405,642,4224.3
5406,642,4039.4
5407,642,3926.3
5408,642,3996.4
5409,642,3774.4
5410,642,4159.0
5411,642,4097.1
5412,642,3929.1
5413,642,3630.7
5414,642,4011.1
5415,642,4259.4
5416,642,3892.3
5417,642,4132.7
5418,642,4021.7
5419,642,3998.8
5420,642,4007.6
5421,642,3700.1
5422,642,4240.3
5423,642,3834.2
5424,642,4160.7
5425,642,4024.9
5426,642,3985.9
5427,642,3993.1
5428,642,3906.5
5429,642,4056.3
5430,642,3725.0
5431,642,4229.0
5432,642,4184.1
5433,642,3864.6
5434,642,3721.5
5435,642,3954.0
5436,642,4295.5
5437,642,4081.9
5438,642,3903.6
5439,642,3987.3
5440,642,3713.1
5441,642,4204.6
5442,642,3839.6
5443,642,4014.0
5444,642,3874.3
5445,642,4265.9
5446,642,4041.7
5447,642,4204.2
5448,642,3923.6
5449,642,3732.4
5450,642,4083.1
5451,642,3995.7
5452,642,3994.3
5453,642,3993.9
5454,642,3994.9
5455,642,4005.5
5456,642,3779.4
5457,642,4174.0
5458,642,4026.9
5459,642,4002.6
5460,642,3970.6
5461,642,3883.6
5462,642,4085.4
5463,642,3766.9
5464,642,4206.9
5465,642,3987.1
5466,642,4023.2
5467,642,3997.9
5468,642,3865.0
5469,642,4097.8
5470,642,4107.2
5471,642,3676.4
5472,642,3904.9
5473,642,4041.8
5474,642,4197.5
5475,642,3866.4
5476,642,4148.8
5477,642,4009.2
5478,642,3993.1
5479,642,4010.8
5480,642,4012.1
5481,642,3965.8
5482,642,3823.4
5483,642,4140.6
5484,642,3694.6
5485,642,3947.6
5486,642,4556.8
5487,642,3998.7
5488,642,3853.2
5489,642,3698.8
5490,642,4180.9
5491,642,4123.3
5492,642,3830.7
5493,642,3745.9
5494,642,3948.7
5495,642,3914.6
5496,642,3132.1
5497,642,3923.6
5498,642,3965.5
5499,642,3986.8
5500,642,3999.3
5501,642,3993.3
5502,642,3992.7
5503,642,3926.4
5504,642,3215.4
5505,642,3916.8
5506,642,3911.7
5507,642,3972.5
5508,642,4017.2
5509,642,3978.7
5510,642,3975.9
5511,642,3151.2
5512,642,3881.7
5513,642,3966.9
5514,642,3940.5
5515,642,3540.3
5516,642,3945.6
5517,642,3773.8
5518,642,3923.2
5519,642,3964.5
5520,642,4213.6
5521,642,4036.5
5522,642,3983.6
5523,642,3845.0
5524,642,4115.9
5525,642,4024.4
5526,642,3983.9
5527,642,3816.8
5528,642,3944.6
5529,642,4361.4
5530,642,3981.1
5531,642,3867.1
5532,642,3985.6
5533,642,3978.0
5534,642,3949.3
5535,642,3868.2
5536,642,4134.5
5537,642,3882.6
5538,642,4107.5
5539,642,3690.1
5540,642,4316.3
5541,642,3993.2
5542,642,3809.9
5543,642,3894.3
5544,642,3993.8
5545,642,4024.9
5546,642,4200.6
5547,642,4186.4
5548,642,3862.6
5549,642,3778.6
5550,642,4232.4
5551,642,3944.6
5552,642,3983.8
5553,642,3990.5
5554,642,3840.1
5555,642,4129.3
5556,642,3838.3
5557,642,4143.8
5558,642,3623.0
5559,642,4325.1
5560,642,4035.7
5561,642,3857.1
5562,642,4125.2
5563,642,4129.1
5564,642,3889.2
5565,642,3976.3
5566,642,3996.6
5567,642,3983.8
5568,642,3968.2
5569,642,4020.5
5570,642,4120.2
5571,642,3900.5
5572,642,3959.3
5573,642,4157.8
5574,642,3882.1
5575,642,3802.2
5576,642,4119.5
5577,642,4064.6
5578,642,3925.4
5579,642,3990.8
5580,642,3996.8
5581,642,4045.6
5582,642,3737.1
5583,642,4165.6
5584,642,4027.4
5585,642,3752.7
5586,642,3918.5
5587,642,4068.1
5588,642,4209.5
5589,642,3760.5
5590,642,4205.1
5591,642,4049.9
5592,642,3811.2
5593,642,4122.6
5594,642,3826.4
5595,642,3931.1
5596,642,3958.6
5597,642,3942.4
5598,642,4005.0
5599,642,4224.8
5600,642,4083.1
5601,642,3767.6
5602,642,4194.0
5603,642,4012.3
5604,642,4045.6
5605,642,3969.1
5606,642,4027.3
5607,642,3944.7
5608,642,3790.9
5609,642,4147.1
5610,642,4021.3
5611,642,4130.7
5612,642,3888.0
5613,642,3903.2
5614,642,4051.1
5615,642,3705.9
5616,642,4246.8
5617,642,4049.0
5618,642,3699.3
5619,642,4001.9
5620,642,4011.8
5621,642,4198.4
5622,642,3765.9
5623,642,4210.2
5624,642,4053.9
5625,642,3970.4
5626,642,3988.1
5627,642,3807.0
5628,642,4175.7
5629,642,4012.4
5630,642,3987.1
5631,642,4011.9
5632,642,4108.2
5633,642,3885.2
5634,642,3982.2
5635,642,3981.8
5636,642,4561.9
5637,642,3197.8
5638,642,3881.7
5639,642,3947.5
5640,642,4002.9
5641,642,4074.8
5642,642,4207.7
5643,642,4053.4
5644,642,4063.6
5645,642,3942.5
5646,642,3949.3
5647,642,4026.9
5648,642,3725.1
5649,642,4255.8
5650,642,3999.2
5651,642,3989.6
5652,642,3935.6
5653,642,3819.0
5654,642,4198.2
5655,642,3669.8
5656,642,4255.1
5657,642,4076.0
5658,642,3998.8
5659,642,3988.2
5660,642,3896.9
5661,642,4064.3
5662,642,4006.1
5663,642,3983.7
5664,642,4046.6
5665,642,4114.1
5666,642,3855.4
5667,642,3693.0
5668,642,4225.6
5669,642,4046.4
5670,642,3970.4
5671,642,3989.6
5672,642,4133.3
5673,642,3877.4
5674,642,3844.7
5675,642,4102.3
5676,642,3718.3
5677,642,4258.3
5678,642,4013.2
5679,642,4025.4
5680,642,3984.2
5681,642,3680.7
5682,642,4248.5
5683,642,4111.7
5684,642,3930.6
5685,642,3979.8
5686,642,3838.4
5687,642,3792.5
5688,642,4115.4
5689,642,4185.9
5690,642,4040.0
5691,642,3986.6
5692,642,3969.0
5693,642,3855.6
5694,642,4202.5
5695,642,3960.7
5696,642,3973.6
5697,642,3992.8
5698,642,4064.5
5699,642,3932.9
5700,642,3825.1
5701,642,4073.1
5702,642,3980.0
5703,642,3999.7
5704,642,4055.5
5705,642,4008.0
5706,642,4108.0
5707,642,3655.3
5708,642,4183.3
5709,642,4028.1
5710,642,4124.2
5711,642,3869.5
5712,642,3890.8
5713,642,4071.6
5714,642,3787.7
5715,642,3948.1
5716,642,4031.3
5717,642,4015.8
5718,642,4173.7
5719,642,3830.8
5720,642,4129.7
5721,642,3720.4
5722,642,4377.0
5723,642,3931.8
5724,642,3980.0
5725,642,3986.1
5726,642,3784.7
5727,642,4163.8
5728,642,4014.1
5729,642,4160.7
5730,642,3848.7
5731,642,4038.3
5732,642,3934.8
5733,642,3819.3
5734,642,3899.1
5735,642,4191.9
5736,642,3885.8
5737,642,3805.9
5738,642,4317.6
5739,642,4047.0
5740,642,3783.5
5741,642,4216.5
5742,642,3969.9
5743,642,4307.5
5744,642,3399.7
5745,642,3891.9
5746,642,3958.6
5747,642,3968.4
5748,642,3984.8
5749,642,3212.0
5750,642,3813.3
5751,642,3977.6
5752,642,3974.5
5753,642,3140.6
5754,642,3866.7
5755,642,3934.7
5756,642,3160.8
5757,642,3882.8
5758,642,3960.6
5759,642,3998.5
5760,642,3181.6
5761,642,3842.0
5762,642,3942.5
5763,642,3184.0
5764,642,3835.2
5765,642,3975.1
5766,642,3227.2
5767,642,3886.7
5768,642,3974.6
5769,642,4267.1
5770,642,4023.0
5771,642,3854.3
5772,642,4098.3
5773,642,4019.4
5774,642,4007.7
5775,642,3725.5
5776,642,4178.3
5777,642,3809.9
5778,642,4061.0
5779,642,4155.8
5780,642,4024.5
5781,642,3991.1
5782,642,3995.6
5783,642,3834.0
5784,642,4129.9
5785,642,4119.4
5786,642,3887.9
5787,642,3714.9
5788,642,3957.0
5789,642,3997.3
5790,642,3984.8
5791,642,4222.0
5792,642,4033.6
5793,642,4089.8
5794,642,3943.7
5795,642,4131.4
5796,642,4004.0
5797,642,3540.5
5798,642,4253.3
5799,642,4053.8
5800,642,4101.8
5801,642,3636.3
5802,642,4231.1
5803,642,3971.2
5804,642,3791.1
5805,642,4190.6
5806,642,4005.6
5807,642,3987.4
5808,642,3787.8
5809,642,3804.5
5810,642,3973.0
5811,642,3415.5
5812,642,3994.2
5813,642,3837.9
5814,642,4082.4
5815,642,4046.7
5816,642,3985.1
5817,642,3744.5
5818,642,3951.0
5819,642,4254.8
5820,642,4034.1
5821,642,3999.7
5822,642,4256.9
5823,642,3863.4
5824,642,3643.4
5825,642,3972.0
5826,642,4172.4
5827,642,4037.8
5828,642,3969.6
5829,642,3989.0
5830,642,4047.1
5831,642,3957.2
5832,642,3767.5
5833,642,4183.2
5834,642,4002.5
5835,642,4002.9
5836,642,4055.5
5837,642,3905.2
5838,642,4021.3
5839,642,3730.4
5840,642,3896.2
5841,642,3932.1
5842,642,3152.7
5843,642,4216.1
5844,642,3773.6
5845,642,3976.2
5846,642,4017.5
5847,642,4199.2
5848,642,3729.6
5849,642,4244.6
5850,642,4057.6
5851,642,3981.6
5852,642,3695.7
5853,642,4023.7
5854,642,4205.2
5855,642,4035.7
5856,642,3991.2
5857,642,4004.9
5858,642,4040.3
5859,642,3954.6
5860,642,3810.4
5861,642,4163.2
5862,642,3990.1
5863,642,3989.7
5864,642,3681.9
5865,642,3918.7
5866,642,4288.2
5867,642,3736.2
5868,642,4241.8
5869,642,4087.7
5870,642,4017.8
5871,642,3734.5
5872,642,4051.5
5873,642,4448.2
5874,642,3548.2
5875,642,4210.0
5876,642,3960.4
5877,642,3990.8
5878,642,3984.4
5879,642,3800.2
5880,642,4148.7
5881,642,4124.5
5882,642,3895.1
5883,642,3990.6
5884,642,4020.4
5885,642,3966.2
5886,642,3848.4
5887,642,4110.3
5888,642,3997.7
5889,642,3992.0
5890,642,3991.7
5891,642,4054.5
5892,642,3944.9
5893,642,3778.4
5894,642,4170.6
5895,642,4021.3
5896,642,3991.9
5897,642,3983.5
5898,642,4090.5
5899,642,3650.9
5900,642,4002.9
5901,642,4199.6
5902,642,4155.9
5903,642,3880.7
5904,642,3765.2
5905,642,3959.1
5906,642,4242.1
5907,642,4075.6
5908,642,3896.8
5909,642,4136.8
5910,642,3588.3
5911,642,3945.4
5912,642,3928.5
5913,642,4260.0
5914,642,3905.5
5915,642,4139.3
5916,642,4034.4
5917,642,4187.5
5918,642,3887.5
5919,642,3781.6
5920,642,4112.7
5921,642,3981.1
5922,642,4002.0
5923,642,3990.2
5924,642,4131.8
5925,642,3881.8
5926,642,3771.5
5927,642,4164.8
5928,642,4024.3
5929,642,3977.3
5930,642,3706.6
5931,642,4196.9
5932,642,4085.5
5933,642,3707.3
5934,642,4243.0
5935,642,4042.4
5936,642,3969.4
5937,642,3683.8
5938,642,4008.8
5939,642,4256.9
5940,642,4116.1
5941,642,3745.9
5942,642,4131.2
5943,642,4009.6
5944,642,3985.0
5945,642,3799.0
5946,642,4161.8
5947,642,4008.6
5948,642,3996.8
5949,642,4031.8
5950,642,4095.3
5951,642,3914.9
5952,642,3808.1
5953,642,3842.5
5954,642,4224.9
5955,642,4055.6
5956,642,3971.9
5957,642,3778.2
5958,642,4179.8
5959,642,3819.1
5960,642,4163.8
5961,642,4020.7
5962,642,3988.0
5963,642,4000.4
5964,642,3905.3
5965,642,3929.3
5966,642,3828.7
5967,642,4263.7
5968,642,4058.1
5969,642,3975.1
5970,642,3988.6
5971,642,3778.6
5972,642,4170.2
5973,642,4004.0
5974,642,4010.2
5975,642,3827.2
5976,642,4132.1
5977,642,4030.0
5978,642,3727.4
5979,642,4206.9
5980,642,4108.9
5981,642,3938.8
5982,642,3962.3
5983,642,3900.7
5984,642,3913.0
5985,642,3847.7
5986,642,4280.4
5987,642,4020.7
5988,642,3996.6
5989,642,4001.5
5990,642,3927.2
5991,642,4052.2
5992,642,3752.0
5993,642,4189.1
5994,642,3835.9
5995,642,3919.0
5996,642,3922.3
5997,642,3945.4
5998,642,3971.9
5999,642,3204.3
6000,642,3865.2
6001,642,3948.9
6002,642,3985.7
6003,642,4001.8
6004,642,3989.0
6005,642,3972.8
6006,642,4017.4
6007,642,3952.3
6008,642,3256.0
6009,642,3786.6
6010,642,3982.0
6011,642,3981.5
6012,642,3973.7
6013,642,4016.3
6014,642,3973.0
6015,642,4048.9
6016,642,3958.9
6017,642,4268.8
6018,642,4071.0
6019,642,4027.1
6020,642,4100.5
6021,642,3865.6
6022,642,3874.9
6023,642,4131.7
6024,642,3985.0
6025,642,3980.9
6026,642,3996.2
6027,642,3945.9
6028,642,4042.6
6029,642,3731.8
6030,642,4200.7
6031,642,4053.1
6032,642,3996.7
6033,642,3979.7
6034,642,3807.7
6035,642,4157.3
6036,642,3742.1
6037,642,4221.5
6038,642,3806.5
6039,642,4189.9
6040,642,4016.3
6041,642,4009.8
6042,642,4037.6
6043,642,3951.5
6044,642,3993.1
6045,642,3978.1
6046,642,4132.5
6047,642,3863.8
6048,642,3812.6
6049,642,3915.9
6050,642,3927.7
6051,642,4273.0
6052,642,4018.2
6053,642,3769.4
6054,642,4193.3
6055,642,3863.6
6056,642,4136.7
6057,642,4004.5
6058,642,4052.0
6059,642,3726.1
6060,642,3811.5
6061,642,4036.7
6062,642,4025.7
6063,642,4346.8
6064,642,4029.4
6065,642,3934.9
6066,642,3970.2
6067,642,3871.5
6068,642,4097.2
6069,642,3815.5
6070,642,4166.9
6071,642,3771.0
6072,642,4281.3
6073,642,3959.5
6074,642,3730.3
6075,642,4230.6
6076,642,3997.5
6077,642,3995.1
6078,642,3989.0
6079,642,4007.1
6080,642,3984.2
6081,642,3787.2
6082,642,4155.9
6083,642,4073.8
6084,642,3956.1
6085,642,3979.8
6086,642,3996.6
6087,642,3982.6
6088,642,3788.2
6089,642,4175.9
6090,642,4023.2
6091,642,3986.2
6092,642,3662.4
6093,642,3967.4
6094,642,3985.7
6095,642,4386.7
6096,642,4002.0
6097,642,3975.8
6098,642,4086.1
6099,642,3894.2
6100,642,3752.5
6101,642,4183.9
6102,642,4711.8
6103,642,4375.3
6104,642,3756.1
6105,642,3893.2
6106,642,3912.6
6107,642,4264.1
6108,642,4063.9
6109,642,3976.3
6110,642,4130.3
6111,642,3886.9
6112,642,3930.0
6113,642,4035.3
6114,642,3998.6
6115,642,3977.0
6116,642,3999.3
6117,642,3742.3
6118,642,4201.8
6119,642,3842.4
6120,642,4192.3
6121,642,4088.7
6122,642,3884.7
6123,642,4005.8
6124,642,3780.4
6125,642,4187.2
6126,642,3872.6
6127,642,4086.6
6128,642,4019.5
6129,642,4285.4
6130,642,3741.4
6131,642,3797.7
6132,642,4118.9
6133,642,3753.2
6134,642,4203.9
6135,642,4078.5
6136,642,4088.0
6137,642,3861.7
6138,642,3948.5
6139,642,3815.9
6140,642,4189.4
6141,642,3995.2
6142,642,3785.6
6143,642,4163.6
6144,642,4123.8
6145,642,3554.1
6146,642,3957.4
6147,642,3945.8
6148,642,3200.6
6149,642,4189.9
6150,642,4018.1
6151,642,3991.8
6152,642,3994.6
6153,642,3981.9
6154,642,3764.3
6155,642,4209.6
6156,642,4019.8
6157,642,3985.2
6158,642,3990.8
6159,642,3819.1
6160,642,4183.9
6161,642,4057.2
6162,642,3936.4
6163,642,3989.3
6164,642,4116.2
6165,642,3878.2
6166,642,3715.6
6167,642,4215.1
6168,642,3753.5
6169,642,4255.0
6170,642,3965.5
6171,642,4150.3
6172,642,3878.0
6173,642,3957.9
6174,642,4010.2
6175,642,3753.8
6176,642,3908.4
6177,642,3955.7
6178,642,3925.5
6179,642,3515.3
6180,642,3905.1
6181,642,4279.0
6182,642,3506.6
6183,642,4150.4
6184,642,4710.9
6185,642,4001.7
6186,642,4250.4
6187,642,3901.7
6188,642,4085.8
6189,642,4032.8
6190,642,4114.7
6191,642,3595.9
6192,642,3962.2
6193,642,4254.7
6194,642,4139.1
6195,642,3811.6
6196,642,3986.1
6197,642,3991.7
6198,642,3984.2
6199,642,3879.7
6200,642,4173.8
6201,642,4029.9
6202,642,3981.5
6203,642,4130.5
6204,642,4071.1
6205,642,3815.6
6206,642,3727.7
6207,642,3890.9
6208,642,4356.2
6209,642,3957.9
6210,642,3966.5
6211,642,4046.8
6212,642,3961.3
6213,642,3783.4
6214,642,4161.6
6215,642,3709.9
6216,642,4004.7
6217,642,3988.1
6218,642,4015.4
6219,642,3977.6
6220,642,4072.7
6221,642,4179.7
6222,642,4025.9
6223,642,3998.2
6224,642,3996.0
6225,642,3766.7
6226,642,4200.2
6227,642,3708.2
6228,642,3941.3
6229,642,4256.9
6230,642,4145.1
6231,642,3749.5
6232,642,3953.7
6233,642,4156.7
6234,642,4077.4
6235,642,3945.6
6236,642,3679.3
6237,642,4229.0
6238,642,4076.1
6239,642,3808.5
6240,642,4151.8
6241,642,4013.3
6242,642,3707.9
6243,642,3908.3
6244,642,4045.0
6245,642,4283.1
6246,642,3706.5
6247,642,3936.0
6248,642,3974.7
6249,642,4005.5
6250,642,3970.7
6251,642,3134.5
6252,642,3831.2
6253,642,3191.1
6254,642,3844.9
6255,642,3946.8
6256,642,3134.9
6257,642,3877.8
6258,642,3124.8
6259,642,3903.4
6260,642,3940.2
6261,642,3154.3
6262,642,3893.2
6263,642,3895.1
6264,642,3218.3
6265,642,3945.1
6266,642,3981.0
6267,642,3919.5
6268,642,3963.3
6269,642,4279.4
6270,642,3914.1
6271,642,4127.3
6272,642,4014.2
6273,642,4025.4
6274,642,3978.8
6275,642,3938.4
6276,642,4039.6
6277,642,3734.5
6278,642,4189.4
6279,642,4051.5
6280,642,3978.3
6281,642,3979.2
6282,642,3855.4
6283,642,3823.2
6284,642,3922.2
6285,642,3233.0
6286,642,3829.8
6287,642,3916.6
6288,642,3158.6
6289,642,3855.8
6290,642,3999.5
6291,642,3952.1
6292,642,3157.8
6293,642,3861.4
6294,642,3150.1
6295,642,3887.2
6296,642,3973.2
6297,642,4011.0
6298,642,3960.0
6299,642,4000.2
6300,642,3986.9
6301,642,4005.9
6302,642,4376.7
6303,642,3975.6
6304,642,3734.1
6305,642,4186.0
6306,642,3871.5
6307,642,4202.7
6308,642,3943.2
6309,642,3808.2
6310,642,4164.4
6311,642,3668.2
6312,642,4006.4
6313,642,4010.6
6314,642,4280.7
6315,642,4036.8
6316,642,3780.0
6317,642,4170.4
6318,642,3814.1
6319,642,4161.7
6320,642,4029.1
6321,642,3992.9
6322,642,3802.8
6323,642,3941.4
6324,642,4183.3
6325,642,4023.1
6326,642,3839.0
6327,642,4135.5
6328,642,4146.2
6329,642,3923.3
6330,642,3952.2
6331,642,3966.0
6332,642,4036.6
6333,642,3958.0
6334,642,3984.1
6335,642,4071.2
6336,642,3706.9
6337,642,4035.1
6338,642,4128.5
6339,642,4032.1
6340,642,3981.9
6341,642,4003.6
6342,642,3765.8
6343,642,4176.2
6344,642,3720.6
6345,642,4255.1
6346,642,4043.2
6347,642,3988.2
6348,642,4037.2
6349,642,3810.6
6350,642,4107.5
6351,642,4066.6
6352,642,3704.0
6353,642,3960.7
6354,642,4423.6
6355,642,3841.3
6356,642,3823.2
6357,642,4188.3
6358,642,3935.3
6359,642,4017.7
6360,642,3972.8
6361,642,4532.8
6362,642,4346.5
6363,642,4074.3
6364,642,4010.6
6365,642,3982.0
6366,642,4139.8
6367,642,3898.5
6368,642,3831.8
6369,642,4098.3
6370,642,3698.7
6371,642,4256.9
6372,642,4024.2
6373,642,3820.2
6374,642,4128.8
6375,642,3832.2
6376,642,4160.0
6377,642,3856.7
6378,642,4132.5
6379,642,4031.2
6380,642,3787.0
6381,642,3781.6
6382,642,3337.1
6383,642,3694.9
6384,642,3943.7
6385,642,3149.1
6386,642,3956.6
6387,642,4002.8
6388,642,3971.9
6389,642,4341.8
6390,642,3901.4
6391,642,3772.5
6392,642,4208.3
6393,642,4075.5
6394,642,3966.5
6395,642,3991.0
6396,642,4141.8
6397,642,3860.3
6398,642,3815.3
6399,642,4121.6
6400,642,4014.6
6401,642,3992.0
6402,642,3997.2
6403,642,3974.8
6404,642,4001.6
6405,642,3822.7
6406,642,4142.5
6407,642,4040.4
6408,642,4015.2
6409,642,3969.8
6410,642,3779.2
6411,642,4166.8
6412,642,4138.2
6413,642,3897.0
6414,642,3983.8
6415,642,3987.8
6416,642,3857.4
6417,642,3900.1
6418,642,4158.8
6419,642,3696.3
6420,642,4051.0
6421,642,3884.9
6422,642,4275.7
6423,642,4063.9
6424,642,3664.5
6425,642,3934.1
6426,642,3348.8
6427,642,3995.0
6428,642,4028.1
6429,642,4008.5
6430,642,4068.1
6431,642,3782.0
6432,642,3893.8
6433,642,3969.6
6434,642,4009.7
6435,642,4199.1
6436,642,3809.8
6437,642,3908.3
6438,642,4021.3
6439,642,3985.0
6440,642,3913.2
6441,642,3969.0
6442,642,4348.3
6443,642,4028.5
6444,642,4063.4
6445,642,3762.9
6446,642,4134.7
6447,642,4004.3
6448,642,3995.5
6449,642,3994.3
6450,642,4051.9
6451,642,3684.5
6452,642,3952.4
6453,642,3854.1
6454,642,3195.5
6455,642,3824.8
6456,642,3160.9
6457,642,3801.1
6458,642,3153.4
6459,642,3834.5
6460,642,3240.8
6461,642,3772.8
6462,642,3164.5
6463,642,3855.5
6464,642,3954.2
6465,642,3154.1
6466,642,3866.8
6467,642,3953.1
6468,642,3271.3
6469,642,4108.8
6470,642,3991.3
6471,642,4194.2
6472,642,3862.6
6473,642,3671.2
6474,642,4237.4
6475,642,4046.1
6476,642,3994.5
6477,642,3975.4
6478,642,3846.5
6479,642,4127.7
6480,642,4071.4
6481,642,4045.4
6482,642,3521.9
6483,642,4263.2
6484,642,4169.2
6485,642,3572.5
6486,642,4231.1
6487,642,4172.8
6488,642,3613.4
6489,642,4239.1
6490,642,4103.0
6491,642,3946.2
6492,642,3780.5
6493,642,3952.3
6494,642,4165.2
6495,642,4030.4
6496,642,3994.5
6497,642,3868.2
6498,642,4113.4
6499,642,3801.4
6500,642,4200.6
6501,642,3649.0
6502,642,3906.7
6503,642,3182.5
6504,642,3874.6
6505,642,3935.0
6506,642,3148.1
6507,642,3866.6
6508,642,3932.5
6509,642,3189.9
6510,642,3881.6
6511,642,3882.4
6512,642,3295.9
6513,642,3825.6
6514,642,3953.2
6515,642,3941.0
6516,642,3151.6
6517,642,3876.0
6518,642,3935.8
6519,642,3125.5
6520,642,3876.9
6521,642,3185.7
6522,642,3854.1
6523,642,3944.7
6524,642,3234.0
6525,642,3823.8
6526,642,4035.6
6527,642,3960.0
6528,642,4242.3
6529,642,4126.3
6530,642,3964.8
6531,642,3978.1
6532,642,3878.3
6533,642,3837.2
6534,642,4011.1
6535,642,4205.5
6536,642,4040.8
6537,642,3657.2
6538,642,3917.8
6539,642,3156.8
6540,642,3867.5
6541,642,3911.8
6542,642,3204.3
6543,642,3870.4
6544,642,3960.8
6545,642,3195.7
6546,642,3840.0
6547,642,3981.3
6548,642,3974.9
6549,642,3967.9
6550,642,3160.9
6551,642,3905.3
6552,642,3936.1
6553,642,3167.4
6554,642,3832.8
6555,642,4018.0
6556,642,3950.5
6557,642,3163.6
6558,642,3831.8
6559,642,3143.6
6560,642,4016.2
6561,642,3888.1
6562,642,3969.3
6563,642,3968.5
6564,642,3182.2
6565,642,3852.8
6566,642,3946.0
6567,642,3183.7
6568,642,3879.0
6569,642,3918.7
6570,642,3133.3
6571,642,3859.3
6572,642,3990.2
6573,642,4006.1
6574,642,4012.5
6575,642,3997.5
6576,642,3994.6
6577,642,3996.1
6578,642,3934.2
6579,642,3185.5
6580,642,3868.7
6581,642,3986.1
6582,642,3997.0
6583,642,3994.5
6584,642,3964.2
6585,642,3180.7
6586,642,3872.4
6587,642,3936.4
6588,642,3151.4
6589,642,3955.0
6590,642,3938.0
6591,642,3972.2
6592,642,3982.9
6593,642,3968.3
6594,642,3224.8
6595,642,3815.5
6596,642,3970.8
6597,642,3967.4
6598,642,3152.7
6599,642,3867.2
6600,642,3934.9
6601,642,3191.9
6602,642,3835.6
6603,642,3986.7
6604,642,3142.0
6605,642,3877.8
6606,642,3969.0
6607,642,3131.4
6608,642,3918.1
6609,642,3962.2
6610,642,3998.7
6611,642,3992.2
6612,642,4000.6
6613,642,3944.1
6614,642,3198.1
6615,642,3846.5
6616,642,3981.7
6617,642,4000.3
6618,642,3992.6
6619,642,3995.8
6620,642,3964.0
6621,642,3148.0
6622,642,3874.1
6623,642,3963.4
6624,642,3298.3
6625,642,3779.1
6626,642,3940.5
6627,642,4268.1
6628,642,3780.4
6629,642,4230.5
6630,642,4022.3
6631,642,4065.8
6632,642,3618.6
6633,642,3918.4
6634,642,4282.6
6635,642,4319.5
6636,642,3864.8
6637,642,3875.2
6638,642,3824.9
6639,642,4122.5
6640,642,4014.1
6641,642,3993.8
6642,642,4095.1
6643,642,3921.8
6644,642,3988.3
6645,642,3804.5
6646,642,4186.4
6647,642,3970.7
6648,642,4008.8
6649,642,3975.2
6650,642,4125.2
6651,642,4074.2
6652,642,3630.0
6653,642,4132.7
6654,642,3992.9
6655,642,3722.9
6656,642,4236.5
6657,642,4133.7
6658,642,3912.6
6659,642,3719.0
6660,642,4188.6
6661,642,4093.2
6662,642,3951.4
6663,642,3789.4
6664,642,3835.9
6665,642,3920.5
6666,642,3156.5
6667,642,3888.3
6668,642,3989.9
6669,642,4261.4
6670,642,4100.8
6671,642,3960.2
6672,642,4012.4
6673,642,3834.2
6674,642,4145.6
6675,642,4007.2
6676,642,4154.8
6677,642,3846.5
6678,642,4094.7
6679,642,3607.7
6680,642,3963.2
6681,642,4220.0
6682,642,4023.4
6683,642,4021.5
6684,642,3987.1
6685,642,4161.8
6686,642,3926.9
6687,642,3699.8
6688,642,4151.3
6689,642,4031.1
6690,642,3766.9
6691,642,4168.8
6692,642,3894.0
6693,642,4120.2
6694,642,3874.1
6695,642,4131.7
6696,642,3986.2
6697,642,3972.1
6698,642,3760.1
6699,642,3949.8
6700,642,3881.8
6701,642,4142.8
6702,642,3881.9
6703,642,4258.8
6704,642,4059.9
6705,642,4311.4
6706,642,3625.5
6707,642,4050.0
6708,642,4057.2
6709,642,3961.1
6710,642,4032.5
6711,642,4097.7
6712,642,3864.9
6713,642,3967.8
6714,642,3970.7
6715,642,3985.7
6716,642,4003.7
6717,642,4073.0
6718,642,4123.5
6719,642,3816.9
6720,642,3829.0
6721,642,4091.7
6722,642,3993.5
6723,642,4014.4
6724,642,3990.8
6725,642,3683.9
6726,642,4257.4
6727,642,3799.2
6728,642,4188.2
6729,642,4034.3
6730,642,3989.7
6731,642,4014.6
6732,642,3821.3
6733,642,4131.6
6734,642,3861.5
6735,642,4104.5
6736,642,4041.6
6737,642,3984.4
6738,642,3996.2
6739,642,3844.4
6740,642,4165.1
6741,642,3957.8
6742,642,4013.4
6743,642,3968.1
6744,642,3727.1
6745,642,4216.6
6746,642,3856.2
6747,642,4140.7
6748,642,4423.8
6749,642,3656.8
6750,642,3939.8
6751,642,4071.2
6752,642,3920.0
6753,642,3806.6
6754,642,4128.8
6755,642,4068.6
6756,642,3953.3
6757,642,4047.3
6758,642,3743.1
6759,642,3845.7
6760,642,3948.2
6761,642,4020.6
6762,642,3932.0
6763,642,3170.9
6764,642,3878.3
6765,642,3961.5
6766,642,3917.3
6767,642,3188.8
6768,642,3861.3
6769,642,3985.9
6770,642,3967.3
6771,642,3269.6
6772,642,3741.8
6773,642,3311.8
6774,642,3723.5
6775,642,3943.2
6776,642,3151.6
6777,642,3868.7
6778,642,3976.7
6779,642,3979.7
6780,642,3204.5
6781,642,3831.0
6782,642,4010.7
6783,642,3907.3
6784,642,3231.3
6785,642,3891.7
6786,642,4092.0
6787,642,4157.8
6788,642,4027.3
6789,642,3722.6
6790,642,4219.4
6791,642,4012.5
6792,642,4015.6
6793,642,3678.9
6794,642,4256.3
6795,642,4056.8
6796,642,3775.3
6797,642,3963.9
6798,642,3914.9
6799,642,4033.7
6800,642,3986.6
6801,642,4212.6
6802,642,4025.5
6803,642,4029.1
6804,642,4014.8
6805,642,3691.6
6806,642,4209.9
6807,642,4034.2
6808,642,3999.3
6809,642,3995.2
6810,642,4114.5
6811,642,3892.3
6812,642,3784.9
6813,642,4181.9
6814,642,3984.3
6815,642,3995.4
6816,642,3980.6
6817,642,4073.9
6818,642,3921.5
6819,642,3857.9
6820,642,4124.0
6821,642,3976.5
6822,642,3996.1
6823,642,3991.7
6824,642,3828.8
6825,642,4135.5
6826,642,3865.3
6827,642,4117.8
6828,642,4158.7
6829,642,3875.9
6830,642,3969.7
6831,642,3779.3
6832,642,4258.0
6833,642,4079.3
6834,642,3883.8
6835,642,4093.3
6836,642,3683.7
6837,642,3934.3
6838,642,3891.4
6839,642,4323.4
6840,642,4003.1
6841,642,3981.3
6842,642,3999.6
6843,642,4156.8
6844,642,3844.9
6845,642,3843.4
6846,642,4112.3
6847,642,4005.6
6848,642,4001.6
6849,642,3979.0
6850,642,3944.2
6851,642,4047.8
6852,642,3779.4
6853,642,4184.6
6854,642,4062.8
6855,642,4014.8
6856,642,3942.6
6857,642,3780.8
6858,642,4161.5
6859,642,3810.8
6860,642,4183.2
6861,642,4021.1
6862,642,3980.0
6863,642,4055.9
6864,642,3754.0
6865,642,4139.2
6866,642,4035.1
6867,642,3652.6
6868,642,4227.3
6869,642,4121.9
6870,642,3961.1
6871,642,3668.9
6872,642,4263.1
6873,642,4024.1
6874,642,4006.0
6875,642,3979.8
6876,642,4034.3
6877,642,4003.8
6878,642,3801.4
6879,642,4129.5
6880,642,4003.0
6881,642,4028.5
6882,642,3663.4
6883,642,4060.0
6884,642,4186.7
6885,642,3784.1
6886,642,4109.6
6887,642,4120.4
6888,642,4023.4
6889,642,3973.9
6890,642,3801.2
6891,642,4133.4
6892,642,4107.2
6893,642,3678.0
6894,642,3957.6
6895,642,3976.2
6896,642,4220.1
6897,642,3784.6
6898,642,4217.7
6899,642,4144.7
6900,642,3887.9
6901,642,3971.9
6902,642,4140.7
6903,642,3881.5
6904,642,3787.5
6905,642,4132.2
6906,642,4077.6
6907,642,3956.3
6908,642,3976.9
6909,642,4046.8
6910,642,3953.6
6911,642,3817.5
6912,642,3848.6
6913,642,4278.2
6914,642,4003.7
6915,642,4001.5
6916,642,3942.8
6917,642,3769.8
6918,642,4002.5
6919,642,4206.7
6920,642,4043.3
6921,642,4122.9
6922,642,3621.2
6923,642,4000.6
6924,642,4183.8
6925,642,4156.8
6926,642,3878.6
6927,642,3987.5
6928,642,4107.6
6929,642,3903.2
6930,642,3719.6
6931,642,4199.2
6932,642,4023.2
6933,642,3884.6
6934,642,3988.8
6935,642,4142.6
6936,642,3869.7
6937,642,3824.6
6938,642,4226.5
6939,642,3743.1
6940,642,4311.5
6941,642,3952.0
6942,642,3898.9
6943,642,4063.9
6944,642,3769.4
6945,642,4179.2
6946,642,4043.9
6947,642,3988.1
6948,642,4139.2
6949,642,3732.2
6950,642,4073.7
6951,642,3741.0
6952,642,4341.2
6953,642,3696.6
6954,642,3932.6
6955,642,4347.6
6956,642,3674.6
6957,642,4217.4
6958,642,4067.1
6959,642,3956.9
6960,642,3675.1
6961,642,4292.9
6962,642,3988.5
6963,642,4075.9
6964,642,3909.9
6965,642,3991.9
6966,642,3982.6
6967,642,4009.7
6968,642,4061.1
6969,642,3929.0
6970,642,3807.2
6971,642,4137.4
6972,642,4033.2
6973,642,3978.3
6974,642,4006.3
6975,642,3847.7
6976,642,4127.2
6977,642,3728.5
6978,642,4211.0
6979,642,4036.1
6980,642,3991.2
6981,642,3991.4
6982,642,3829.4
6983,642,4138.8
6984,642,4111.3
6985,642,3899.6
6986,642,4002.1
6987,642,3969.5
6988,642,3995.6
6989,642,3781.0
6990,642,4168.3
6991,642,4188.9
6992,642,3850.5
6993,642,3725.8
6994,642,4199.5
6995,642,3736.3
6996,642,4013.6
6997,642,4225.7
6998,642,4064.7
6999,642,3707.0
7000,642,3935.1
7001,642,4021.4
7002,642,4224.6
7003,642,3797.9
7004,642,4181.6
7005,642,4047.7
7006,642,3987.9
7007,642,3989.8
7008,642,3736.8
7009,642,4144.4
7010,642,3795.0
7011,642,3940.9
7012,642,3949.0
7013,642,3977.3
7014,642,3148.6
7015,642,3850.0
7016,642,3184.8
7017,642,3877.4
7018,642,3920.1
7019,642,3559.9
7020,642,3479.4
7021,642,3954.4
7022,642,4010.3
7023,642,3997.7
7024,642,3951.6
7025,642,3197.2
7026,642,3875.9
7027,642,3950.7
7028,642,3994.6
7029,642,3940.1
7030,642,3217.8
7031,642,3854.0
7032,642,3906.9
7033,642,3400.0
7034,642,3876.3
7035,642,4169.9
7036,642,3860.2
7037,642,3959.1
7038,642,3975.6
7039,642,4229.2
7040,642,3799.9
7041,642,3814.9
7042,642,4104.3
7043,642,3844.0
7044,642,4246.1
7045,642,4043.3
7046,642,3825.9
7047,642,3850.0
7048,642,4029.7
7049,642,4209.7
7050,642,4019.2
7051,642,4005.7
7052,642,4012.5
7053,642,3877.3
7054,642,4099.0
7055,642,3994.4
7056,642,3990.8
7057,642,3980.4
7058,642,4191.6
7059,642,3832.6
7060,642,3792.5
7061,642,4136.1
7062,642,4113.6
7063,642,3906.7
7064,642,3970.5
7065,642,4112.5
7066,642,3949.7
7067,642,4122.5
7068,642,3818.1
7069,642,3977.8
7070,642,3987.6
7071,642,3988.8
7072,642,3971.4
7073,642,4149.2
7074,642,3754.5
7075,642,3834.9
7076,642,4231.0
7077,642,4014.4
7078,642,3995.5
7079,642,3802.2
7080,642,4454.8
7081,642,3802.7
7082,642,3916.1
7083,642,3967.4
7084,642,4011.7
7085,642,4908.1
7086,642,3865.4
7087,642,4181.5
7088,642,4026.5
7089,642,4182.9
7090,642,3688.1
7091,642,3958.5
7092,642,3933.1
7093,642,4164.5
7094,642,4011.5
7095,642,3990.7
7096,642,4157.3
7097,642,3856.1
7098,642,3740.4
7099,642,4263.2
7100,642,3986.5
7101,642,3760.0
7102,642,3930.0
7103,642,3985.6
7104,642,4032.9
7105,642,3869.3
7106,642,4080.7
7107,642,4062.4
7108,642,3998.0
7109,642,3830.3
7110,642,3986.7
7111,642,4050.8
7112,642,4261.8
7113,642,3732.3
7114,642,4518.1
7115,642,3534.8
7116,642,4279.3
7117,642,3848.7
7118,642,3793.7
7119,642,3960.0
7120,642,3974.5
7121,642,3984.8
7122,642,3991.9
7123,642,3936.9
7124,642,3218.8
7125,642,4151.4
7126,642,4952.0
7127,642,4168.7
7128,642,3893.3
7129,642,3957.3
7130,642,4008.8
7131,642,3823.2
7132,642,4290.1
7133,642,3585.6
7134,642,4484.3
7135,642,3818.3
7136,642,3757.7
7137,642,3818.1
7138,642,4120.5
7139,642,4175.7
7140,642,4140.5
7141,642,3933.3
7142,642,3950.1
7143,642,3747.4
7144,642,4265.8
7145,642,3796.7
7146,642,3907.6
7147,642,3983.5
7148,642,4053.0
7149,642,4202.3
7150,642,3870.4
7151,642,4090.3
7152,642,4071.3
7153,642,3702.8
7154,642,4201.5
7155,642,4070.5
7156,642,4028.0
7157,642,3752.8
7158,642,4124.6
7159,642,3999.1
7160,642,3703.8
7161,642,4240.6
7162,642,3944.2
7163,642,4118.7
7164,642,3619.3
7165,642,4231.2
7166,642,4095.4
7167,642,4735.1
7168,642,4194.5
7169,642,3768.9
7170,642,4225.3
7171,642,4447.0
7172,642,3287.9
7173,642,3937.1
7174,642,3974.4
7175,642,3984.3
7176,642,4277.3
7177,642,4085.5
7178,642,3795.0
7179,642,4158.0
7180,642,4029.9
7181,642,3826.2
7182,642,4139.4
7183,642,4015.8
7184,642,3973.0
7185,642,4002.5
7186,642,4029.8
7187,642,3670.8
7188,642,3873.5
7189,642,3281.4
7190,642,3909.7
7191,642,4141.0
7192,642,4030.0
7193,642,4029.0
7194,642,3962.8
7195,642,3721.7
7196,642,4213.1
7197,642,3730.2
7198,642,4079.9
7199,642,3851.4
7200,642,3943.2
7201,642,3258.9
7202,642,4122.6
7203,642,4014.2
7204,642,3865.2
7205,642,4123.1
7206,642,4062.3
7207,642,3940.8
7208,642,4972.4
7209,642,3856.7
7210,642,4182.3
7211,642,3952.3
7212,642,4116.3
7213,642,3714.5
7214,642,3890.3
7215,642,3877.7
7216,642,3997.6
7217,642,4287.7
7218,642,4120.8
7219,642,3920.0
7220,642,4290.9
7221,642,3796.6
7222,642,3848.2
7223,642,3816.4
7224,642,4105.5
7225,642,4080.8
7226,642,3995.3
7227,642,3997.8
7228,642,3902.4
7229,642,4080.9
7230,642,3709.2
7231,642,4275.7
7232,642,4018.3
7233,642,3975.5
7234,642,3991.8
7235,642,3863.6
7236,642,4112.2
7237,642,3852.3
7238,642,4150.9
7239,642,3984.0
7240,642,4003.7
7241,642,3714.5
7242,642,3987.1
7243,642,4217.8
7244,642,4033.2
7245,642,3744.4
7246,642,4222.7
7247,642,4080.3
7248,642,3938.8
7249,642,3726.9
7250,642,4208.9
7251,642,4022.0
7252,642,4009.4
7253,642,3985.0
7254,642,4060.8
7255,642,3921.5
7256,642,3765.5
7257,642,3976.1
7258,642,4189.8
7259,642,4038.9
7260,642,3992.3
7261,642,3913.8
7262,642,3752.3
7263,642,3899.8
7264,642,3211.7
7265,642,3835.7
7266,642,3974.0
7267,642,3988.9
7268,642,3992.1
7269,642,3936.7
7270,642,3187.5
7271,642,3829.1
7272,642,3992.7
7273,642,3996.5
7274,642,4014.1
7275,642,3984.3
7276,642,3981.7
7277,642,3961.4
7278,642,3207.2
7279,642,3848.0
7280,642,3956.1
7281,642,3977.7
7282,642,4002.6
7283,642,3992.3
7284,642,3952.2
7285,642,3199.8
7286,642,3826.4
7287,642,3977.8
7288,642,4134.7
7289,642,4106.7
7290,642,3931.3
7291,642,4056.3
7292,642,4001.7
7293,642,3993.3
7294,642,3993.2
7295,642,3949.1
7296,642,4145.2
7297,642,4121.4
7298,642,3613.6
7299,642,3950.4
7300,642,4288.9
7301,642,3737.9
7302,642,3978.3
7303,642,4291.6
7304,642,4006.9
7305,642,3968.2
7306,642,3995.2
7307,642,3910.0
7308,642,3816.3
7309,642,3983.9
7310,642,4222.4
7311,642,4019.2
7312,642,4025.1
7313,642,3975.8
7314,642,4155.4
7315,642,3833.5
7316,642,3618.7
7317,642,4240.7
7318,642,4095.8
7319,642,3998.0
7320,642,3809.9
7321,642,4150.9
7322,642,4007.4
7323,642,3811.8
7324,642,3822.4
7325,642,4056.8
7326,642,4231.0
7327,642,3785.5
7328,642,3981.1
7329,642,3973.7
7330,642,4350.1
7331,642,3940.9
7332,642,3974.9
7333,642,3986.7
7334,642,3988.2
7335,642,3813.1
7336,642,4157.1
7337,642,4123.6
7338,642,3894.1
7339,642,3995.0
7340,642,4047.9
7341,642,3936.6
7342,642,3816.8
7343,642,4149.0
7344,642,4029.1
7345,642,3739.1
7346,642,3959.8
7347,642,4178.3
7348,642,3804.6
7349,642,3975.5
7350,642,4205.2
7351,642,4034.1
7352,642,4007.2
7353,642,3998.2
7354,642,3741.3
7355,642,4178.9
7356,642,3746.3
7357,642,4400.1
7358,642,3921.1
7359,642,4069.3
7360,642,3908.0
7361,642,3766.3
7362,642,4167.0
7363,642,4241.5
7364,642,3828.6
7365,642,3960.2
7366,642,3979.7
7367,642,4093.8
7368,642,3733.8
7369,642,4124.2
7370,642,4006.2
7371,642,4068.0
7372,642,3950.9
7373,642,4026.2
7374,642,3975.2
7375,642,3890.4
7376,642,4050.0
7377,642,3993.5
7378,642,4000.6
7379,642,3972.8
7380,642,3969.3
7381,642,3998.8
7382,642,3794.1
7383,642,4198.3
7384,642,3711.5
7385,642,4241.7
7386,642,4046.0
7387,642,3704.9
7388,642,4230.1
7389,642,3729.3
7390,642,4281.5
7391,642,4010.4
7392,642,3986.1
7393,642,3998.6
7394,642,3855.3
7395,642,3765.7
7396,642,4256.8
7397,642,4072.2
7398,642,4120.7
7399,642,3914.1
7400,642,3955.0
7401,642,3757.1
7402,642,4213.2
7403,642,3999.9
7404,642,4000.4
7405,642,3982.6
7406,642,4063.8
7407,642,3939.9
7408,642,3842.8
7409,642,4124.3
7410,642,4013.3
7411,642,3979.4
7412,642,4125.6
7413,642,3945.4
7414,642,3766.2
7415,642,3810.0
7416,642,4214.0
7417,642,4090.8
7418,642,3987.2
7419,642,4054.6
7420,642,3785.5
7421,642,4133.8
7422,642,3764.7
7423,642,4187.7
7424,642,4045.8
7425,642,3986.9
7426,642,4039.5
7427,642,3814.2
7428,642,4110.0
7429,642,4032.0
7430,642,3957.2
7431,642,3738.4
7432,642,4315.9
7433,642,3942.0
7434,642,3839.4
7435,642,4124.0
7436,642,4008.3
7437,642,4063.0
7438,642,3935.8
7439,642,4175.7
7440,642,3831.3
7441,642,3736.2
7442,642,4176.8
7443,642,4027.7
7444,642,3991.0
7445,642,4069.4
7446,642,3895.9
7447,642,4012.6
7448,642,3755.0
7449,642,3906.2
7450,642,3990.5
7451,642,4221.2
7452,642,3812.4
7453,642,4031.9
7454,642,4316.3
7455,642,3650.6
7456,642,4209.4
7457,642,4034.2
7458,642,3978.6
7459,642,3992.4
7460,642,3768.4
7461,642,4167.8
7462,642,4012.5
7463,642,3993.5
7464,642,4035.2
7465,642,3638.3
7466,642,3983.4
7467,642,3991.9
7468,642,4271.7
7469,642,3704.0
7470,642,4220.3
7471,642,4118.8
7472,642,4003.7
7473,642,4235.6
7474,642,3557.5
7475,642,4136.7
7476,642,4537.3
7477,642,3854.5
7478,642,3663.5
7479,642,3921.0
7480,642,4109.7
7481,642,3658.0
7482,642,4180.0
7483,642,4018.6
7484,642,3675.0
7485,642,4059.6
7486,642,3939.2
7487,642,4260.3
7488,642,3704.6
7489,642,4235.2
7490,642,4071.2
7491,642,4000.7
7492,642,3779.1
7493,642,3973.9
7494,642,4158.1
7495,642,4122.5
7496,642,3657.0
7497,642,4215.2
7498,642,4199.1
7499,642,3861.7
7500,642,3712.7
7501,642,4196.5
7502,642,4022.9
7503,642,4114.7
7504,642,3684.7
7505,642,4065.9
7506,642,3851.1
7507,642,4086.5
7508,642,3801.6
7509,642,3984.3
7510,642,3951.6
7511,642,3147.6
7512,642,3869.8
7513,642,3984.6
7514,642,3972.1
7515,642,4032.4
7516,642,3986.8
7517,642,3989.2
7518,642,4005.6
7519,642,3932.1
7520,642,3226.7
7521,642,3865.5
7522,642,3931.8
7523,642,3997.6
7524,642,4001.8
7525,642,3995.0
7526,642,3975.5
7527,642,3973.2
7528,642,3191.9
7529,642,4011.5
7530,642,3876.8
7531,642,3955.8
7532,642,3951.2
7533,642,3973.5
7534,642,3135.1
7535,642,4000.1
7536,642,4159.0
7537,642,4076.6
7538,642,4006.9
7539,642,3994.8
7540,642,4031.0
7541,642,3677.1
7542,642,4373.8
7543,642,3723.6
7544,642,3896.7
7545,642,3954.3
7546,642,3993.4
7547,642,4252.0
7548,642,4121.3
7549,642,3921.8
7550,642,3991.0
7551,642,3818.6
7552,642,3892.8
7553,642,3957.4
7554,642,4380.8
7555,642,3592.9
7556,642,4273.2
7557,642,4028.4
7558,642,4165.5
7559,642,3552.4
7560,642,4135.9
7561,642,4079.8
7562,642,4007.0
7563,642,4130.7
7564,642,3883.2
7565,642,4104.1
7566,642,3931.1
7567,642,3719.0
7568,642,4168.7
7569,642,4012.0
7570,642,3998.6
7571,642,3991.9
7572,642,3976.7
7573,642,3993.2
7574,642,3872.5
7575,642,4111.1
7576,642,3824.2
7577,642,4281.3
7578,642,3902.4
7579,642,3636.3
7580,642,4013.1
7581,642,4004.7
7582,642,4252.1
7583,642,3791.6
7584,642,4198.4
7585,642,4054.5
7586,642,3729.2
7587,642,4193.7
7588,642,4040.9
7589,642,3983.8
7590,642,4165.2
7591,642,4040.6
7592,642,3814.7
7593,642,3770.7
7594,642,4215.1
7595,642,3941.8
7596,642,3978.9
7597,642,4001.4
7598,642,3857.0
7599,642,4098.9
7600,642,3864.2
7601,642,4111.8
7602,642,4009.0
7603,642,4002.9
7604,642,3995.0
7605,642,4058.3
7606,642,4393.2
7607,642,3316.3
7608,642,4297.7
7609,642,3926.1
7610,642,3962.7
7611,642,3992.2
7612,642,3827.7
7613,642,4129.0
7614,642,3784.2
7615,642,4227.2
7616,642,4023.8
7617,642,3981.2
7618,642,4109.7
7619,642,3751.7
7620,642,4091.7
7621,642,4007.0
7622,642,3993.0
7623,642,4005.6
7624,642,4025.0
7625,642,3953.1
7626,642,3794.5
7627,642,3958.5
7628,642,4180.3
7629,642,4032.8
7630,642,3757.4
7631,642,4110.3
7632,642,4092.5
7633,642,3819.6
7634,642,4197.4
7635,642,3675.5
7636,642,4263.6
7637,642,4133.9
7638,642,3803.2
7639,642,4060.5
7640,642,3673.5
7641,642,4008.5
7642,642,4264.7
7643,642,4045.6
7644,642,3994.6
7645,642,3651.3
7646,642,4226.8
7647,642,4157.3
7648,642,3941.1
7649,642,3982.4
7650,642,4016.6
7651,642,3979.8
7652,642,3748.5
7653,642,4227.3
7654,642,3974.3
7655,642,4023.0
7656,642,3977.1
7657,642,4059.6
7658,642,3629.0
7659,642,3988.4
7660,642,4272.6
7661,642,4000.5
7662,642,3982.4
7663,642,3995.0
7664,642,3930.5
7665,642,4049.9
7666,642,3802.2
7667,642,4149.3
7668,642,4128.5
7669,642,3911.3
7670,642,4001.5
7671,642,3777.9
7672,642,3877.7
7673,642,4392.7
7674,642,3942.1
7675,642,3969.8
7676,642,4069.2
7677,642,3904.0
7678,642,3803.4
7679,642,4185.1
7680,642,3693.5
7681,642,3935.5
7682,642,3960.1
7683,642,3991.0
7684,642,3970.4
7685,642,3226.3
7686,642,4156.0
7687,642,3793.6
7688,642,4197.4
7689,642,3995.1
7690,642,3976.9
7691,642,4003.7
7692,642,3786.7
7693,642,4164.8
7694,642,3859.6
7695,642,4144.9
7696,642,4017.7
7697,642,4010.3
7698,642,3974.3
7699,642,3944.4
7700,642,4042.9
7701,642,3683.8
7702,642,4041.2
7703,642,4337.0
7704,642,3902.7
7705,642,3999.5
7706,642,3818.9
7707,642,4132.6
7708,642,4071.0
7709,642,3942.6
7710,642,4127.4
7711,642,3741.4
7712,642,4087.0
7713,642,3739.6
7714,642,4181.8
7715,642,4132.5
7716,642,3944.1
7717,642,3984.9
7718,642,4120.1
7719,642,3624.3
7720,642,3958.8
7721,642,4208.0
7722,642,4038.2
7723,642,3698.5
7724,642,3909.3
7725,642,4289.1
7726,642,4069.6
7727,642,3739.1
7728,642,4194.7
7729,642,4057.0
7730,642,3973.2
7731,642,3762.6
7732,642,3949.2
7733,642,4229.1
7734,642,3697.2
7735,642,3974.7
7736,642,4305.9
7737,642,4077.3
7738,642,3949.6
7739,642,3839.0
7740,642,4143.0
7741,642,4084.2
7742,642,3918.7
7743,642,4042.1
7744,642,3998.9
7745,642,3940.7
7746,642,3775.3
7747,642,4161.1
7748,642,4020.1
7749,642,3985.9
7750,642,4005.7
7751,642,3670.0
7752,642,4256.2
7753,642,3746.2
7754,642,4242.0
7755,642,3716.6
7756,642,4217.3
7757,642,4066.7
7758,642,3951.6
7759,642,3830.1
7760,642,4299.3
7761,642,3914.4
7762,642,4101.3
7763,642,3552.4
7764,642,3939.7
7765,642,3952.5
7766,642,4020.5
7767,642,3977.5
7768,642,3977.7
7769,642,3127.9
7770,642,3889.9
7771,642,3966.1
7772,642,3142.3
7773,642,3882.0
7774,642,3955.4
7775,642,3150.2
7776,642,3858.3
7777,642,3174.2
7778,642,3873.8
7779,642,3891.3
7780,642,3164.7
7781,642,3885.4
7782,642,3959.2
7783,642,4006.9
7784,642,3129.2
7785,642,3835.0
7786,642,3173.8
7787,642,4191.9
7788,642,4182.8
7789,642,3878.9
7790,642,3969.6
7791,642,4060.0
7792,642,3928.4
7793,642,3825.5
7794,642,4118.9
7795,642,3719.9
7796,642,4246.5
7797,642,4031.8
7798,642,3846.3
7799,642,3849.8
7800,642,4363.8
7801,642,3881.5
7802,642,4025.6
7803,642,3985.7
7804,642,3982.5
7805,642,3789.3
7806,642,4161.9
7807,642,4035.4
7808,642,3976.4
7809,642,4015.3
7810,642,4172.4
7811,642,3829.3
7812,642,3794.9
7813,642,4113.4
7814,642,3725.8
7815,642,4246.2
7816,642,3827.5
7817,642,4317.2
7818,642,3945.7
7819,642,3777.0
7820,642,4125.1
7821,642,4005.6
7822,642,3703.3
7823,642,4245.1
7824,642,4134.4
7825,642,3913.1
7826,642,3713.4
7827,642,4245.6
7828,642,4001.2
7829,642,3992.8
7830,642,3718.7
7831,642,3958.4
7832,642,4268.1
7833,642,3863.0
7834,642,4133.5
7835,642,4020.2
7836,642,3988.5
7837,642,3984.4
7838,642,3754.6
7839,642,4056.7
7840,642,4016.8
7841,642,3973.8
7842,642,4133.3
7843,642,4189.8
7844,642,3853.0
7845,642,3747.7
7846,642,4176.5
7847,642,4014.4
7848,642,3989.9
7849,642,3713.3
7850,642,4329.5
7851,642,3952.5
7852,642,3915.7
7853,642,4104.0
7854,642,3964.8
7855,642,3991.7
7856,642,3988.2
7857,642,3898.4
7858,642,4070.8
7859,642,3750.9
7860,642,4186.0
7861,642,4093.4
7862,642,3956.1
7863,642,3973.5
7864,642,3765.2
7865,642,4179.9
7866,642,3844.4
7867,642,4008.1
7868,642,4174.0
7869,642,4011.1
7870,642,3987.3
7871,642,3751.6
7872,642,4201.3
7873,642,4034.5
7874,642,3984.0
7875,642,3999.0
7876,642,4106.1
7877,642,3895.0
7878,642,3784.0
7879,642,4139.6
7880,642,4114.4
7881,642,3913.1
7882,642,3984.8
7883,642,4026.4
7884,642,3953.5
7885,642,3805.8
7886,642,4146.1
7887,642,3724.4
7888,642,4293.8
7889,642,3985.0
7890,642,3799.9
7891,642,4153.3
7892,642,3704.7
7893,642,4230.2
7894,642,3908.6
7895,642,4132.6
7896,642,3736.3
7897,642,3979.0
7898,642,4249.3
7899,642,4139.5
7900,642,3906.2
7901,642,3959.6
7902,642,4015.9
7903,642,3986.1
7904,642,3839.1
7905,642,4119.9
7906,642,4023.8
7907,642,3977.1
7908,642,3996.9
7909,642,4033.4
7910,642,3951.6
7911,642,3872.1
7912,642,4079.1
7913,642,3774.8
7914,642,4202.8
7915,642,4110.6
7916,642,4222.4
7917,642,3777.6
7918,642,3721.2
7919,642,3839.3
7920,642,4237.8
7921,642,4073.0
7922,642,3977.7
7923,642,3819.3
7924,642,4039.9
7925,642,3969.3
7926,642,4019.8
7927,642,4132.4
7928,642,3980.2
7929,642,3994.1
7930,642,3783.2
7931,642,4028.2
7932,642,3846.3
7933,642,4227.8
7934,642,4748.2
7935,642,3967.4
7936,642,4258.1
7937,642,4079.0
7938,642,4046.8
7939,642,3949.5
7940,642,4130.8
7941,642,3862.9
7942,642,3786.2
7943,642,4155.8
7944,642,4024.9
7945,642,3990.4
7946,642,4044.0
7947,642,3999.5
7948,642,3939.3
7949,642,3790.5
7950,642,4183.3
7951,642,4005.3
7952,642,3988.1
7953,642,3996.8
7954,642,3839.3
7955,642,4135.6
7956,642,4095.7
7957,642,3906.9
7958,642,4028.6
7959,642,3958.7
7960,642,3984.6
7961,642,3956.8
7962,642,4013.8
7963,642,3707.1
7964,642,4235.7
7965,642,3878.1
7966,642,4234.7
7967,642,3934.1
7968,642,3765.8
7969,642,4164.3
7970,642,4019.9
7971,642,3982.9
7972,642,3777.7
7973,642,4326.3
7974,642,3572.3
7975,642,4115.2
7976,642,4151.5
7977,642,3822.9
7978,642,3853.8
7979,642,4072.1
7980,642,4080.5
7981,642,4197.8
7982,642,3753.9
7983,642,4155.9
7984,642,4163.4
7985,642,3608.9
7986,642,4208.1
7987,642,3830.9
7988,642,4168.5
7989,642,3801.3
7990,642,4169.0
7991,642,3777.7
7992,642,3955.8
7993,642,4336.5
7994,642,3765.0
7995,642,4142.5
7996,642,3988.1
7997,642,4006.6
7998,642,4005.8
7999,642,4041.9
8000,642,3947.1
8001,642,3781.1
8002,642,4160.9
8003,642,4049.6
8004,642,3976.9
8005,642,3692.7
8006,642,4225.2
8007,642,4046.0
8008,642,3799.8
8009,642,4161.5
8010,642,4017.7
8011,642,3995.6
8012,642,3988.2
8013,642,3676.6
8014,642,4270.0
8015,642,3730.8
8016,642,3945.9
8017,642,3921.7
8018,642,3167.4
8019,642,3872.6
8020,642,3925.0
8021,642,3158.2
8022,642,3895.0
8023,642,3955.0
8024,642,3155.5
8025,642,3908.1
8026,642,3990.3
8027,642,3942.2
8028,642,3955.3
8029,642,3147.1
8030,642,3932.3
8031,642,3963.6
8032,642,3985.9
8033,642,3996.2
8034,642,3982.7
8035,642,3945.7
8036,642,3210.4
8037,642,3828.0
8038,642,4286.9
8039,642,4068.8
8040,642,4006.5
8041,642,3991.7
8042,642,4086.3
8043,642,3913.0
8044,642,3790.2
8045,642,4162.4
8046,642,4011.4
8047,642,4006.7
8048,642,3977.5
8049,642,3902.0
8050,642,4069.4
8051,642,3857.3
8052,642,4123.1
8053,642,4014.4
8054,642,3998.4
8055,642,3987.6
8056,642,3781.5
8057,642,4173.2
8058,642,4143.3
8059,642,3893.0
8060,642,3959.8
8061,642,4126.5
8062,642,3623.8
8063,642,3923.6
8064,642,4261.0
8065,642,4035.0
8066,642,3995.2
8067,642,3998.9
8068,642,4143.0
8069,642,3850.3
8070,642,3816.9
8071,642,4127.8
8072,642,4018.4
8073,642,3987.3
8074,642,3995.5
8075,642,3961.1
8076,642,4076.3
8077,642,3659.9
8078,642,4223.6
8079,642,4039.6
8080,642,3839.3
8081,642,3850.2
8082,642,3980.8
8083,642,4251.3
8084,642,3792.7
8085,642,4184.9
8086,642,4022.0
8087,642,4012.2
8088,642,4004.1
8089,642,3685.2
8090,642,4010.3
8091,642,4025.2
8092,642,3983.5
8093,642,3967.5
8094,642,3991.9
8095,642,4323.3
8096,642,3774.9
8097,642,4148.6
8098,642,3994.6
8099,642,4108.9
8100,642,3914.6
8101,642,3983.9
8102,642,3982.9
8103,642,3892.9
8104,642,4025.2
8105,642,4012.9
8106,642,3993.5
8107,642,4056.3
8108,642,3861.9
8109,642,5035.7
8110,642,4055.8
8111,642,3685.8
8112,642,3910.3
8113,642,3950.0
8114,642,3199.3
8115,642,3991.6
8116,642,4155.6
8117,642,4098.8
8118,642,3951.3
8119,642,4089.6
8120,642,3908.3
8121,642,4286.7
8122,642,3602.4
8123,642,3991.6
8124,642,4000.6
8125,642,3993.1
8126,642,4039.8
8127,642,3813.8
8128,642,3892.7
8129,642,4019.7
8130,642,4036.1
8131,642,4307.7
8132,642,3915.3
8133,642,4002.1
8134,642,4050.1
8135,642,3925.3
8136,642,3748.9
8137,642,4189.3
8138,642,3710.4
8139,642,4218.6
8140,642,4062.4
8141,642,3944.2
8142,642,4165.3
8143,642,3624.5
8144,642,4199.2
8145,642,4049.9
8146,642,4089.8
8147,642,3902.0
8148,642,3831.0
8149,642,4149.3
8150,642,4635.0
8151,642,4243.7
8152,642,4081.4
8153,642,3777.9
8154,642,3873.1
8155,642,3946.6
8156,642,4281.0
8157,642,4080.1
8158,642,4152.9
8159,642,3868.2
8160,642,3758.5
8161,642,4149.8
8162,642,4145.0
8163,642,3889.0
8164,642,3956.5
8165,642,3942.0
8166,642,4148.1
8167,642,3731.8
8168,642,4137.7
8169,642,4139.0
8170,642,3895.3
8171,642,3802.1
8172,642,4690.1
8173,642,3312.9
8174,642,3821.2
8175,642,4279.8
8176,642,3753.5
8177,642,3958.7
8178,642,4245.3
8179,642,3884.3
8180,642,4132.1
8181,642,3712.5
8182,642,4248.0
8183,642,4049.0
8184,642,4046.1
8185,642,3946.4
8186,642,3743.5
8187,642,4178.3
8188,642,4090.1
8189,642,3657.2
8190,642,3885.4
8191,642,4003.5
8192,642,3990.0
8193,642,3927.1
8194,642,3254.0
8195,642,3993.7
8196,642,4154.7
8197,642,4061.6
8198,642,4044.8
8199,642,3685.5
8200,642,3975.2
8201,642,4163.6
8202,642,3800.3
8203,642,4195.2
8204,642,4039.1
8205,642,3718.8
8206,642,3951.1
8207,642,4035.0
8208,642,4214.2
8209,642,3741.0
8210,642,4246.4
8211,642,4023.4
8212,642,4087.6
8213,642,3923.1
8214,642,3829.9
8215,642,4125.3
8216,642,4056.7
8217,642,3956.9
8218,642,3772.4
8219,642,4330.8
8220,642,3635.6
8221,642,3962.3
8222,642,4192.6
8223,642,4033.8
8224,642,4006.9
8225,642,3979.4
8226,642,4110.7
8227,642,3914.0
8228,642,3668.7
8229,642,4245.0
8230,642,4034.2
8231,642,3986.4
8232,642,4674.1
8233,642,3923.5
8234,642,4284.7
8235,642,4073.0
8236,642,4005.9
8237,642,3988.0
8238,642,3821.3
8239,642,4239.9
8240,642,3692.3
8241,642,4314.5
8242,642,3626.1
8243,642,4233.5
8244,642,3757.4
8245,642,4167.5
8246,642,4088.3
8247,642,3994.5
8248,642,3978.7
8249,642,3602.2
8250,642,4401.1
8251,642,3780.6
8252,642,3967.0
8253,642,4187.9
8254,642,4036.7
8255,642,3975.1
8256,642,3991.9
8257,642,4101.9
8258,642,3907.0
8259,642,3667.7
8260,642,4241.7
8261,642,4033.3
8262,642,3993.5
8263,642,4014.4
8264,642,3978.7
8265,642,4015.4
8266,642,3683.7
8267,642,3936.6
8268,642,3928.3
8269,642,3149.1
8270,642,3902.3
8271,642,3928.9
8272,642,3150.3
8273,642,3908.8
8274,642,3929.2
8275,642,4044.8
8276,642,3904.6
8277,642,3286.5
8278,642,3738.0
8279,642,3197.5
8280,642,3863.3
8281,642,3885.8
8282,642,3135.1
8283,642,3927.2
8284,642,3941.8
8285,642,3202.1
8286,642,3874.0
8287,642,3912.3
8288,642,3157.9
8289,642,3936.9
8290,642,4037.3
8291,642,4196.3
8292,642,3871.9
8293,642,4151.4
8294,642,4029.4
8295,642,4029.8
8296,642,3953.3
8297,642,3984.2
8298,642,3992.7
8299,642,3697.8
8300,642,4245.2
8301,642,4043.0
8302,642,3832.1
8303,642,3949.2
8304,642,3923.7
8305,642,4212.2
8306,642,4106.9
8307,642,3755.9
8308,642,4123.2
8309,642,4032.6
8310,642,3726.6
8311,642,3902.1
8312,642,4029.1
8313,642,3993.5
8314,642,4071.4
8315,642,4180.2
8316,642,4173.8
8317,642,3927.1
8318,642,3701.4
8319,642,4171.3
8320,642,4033.5
8321,642,3990.4
8322,642,3995.1
8323,642,4030.2
8324,642,3972.7
8325,642,3826.4
8326,642,4117.4
8327,642,4030.3
8328,642,3987.1
8329,642,3968.7
8330,642,3813.5
8331,642,3892.4
8332,642,4038.4
8333,642,3793.1
8334,642,3223.9
8335,642,4186.7
8336,642,4063.5
8337,642,3984.0
8338,642,3972.6
8339,642,3679.7
8340,642,4260.0
8341,642,4016.3
8342,642,4004.9
8343,642,4024.2
8344,642,4045.8
8345,642,3915.0
8346,642,3825.7
8347,642,4140.2
8348,642,3996.1
8349,642,3986.1
8350,642,4016.7
8351,642,4056.9
8352,642,3927.7
8353,642,3811.6
8354,642,4127.1
8355,642,4039.2
8356,642,3976.3
8357,642,3976.0
8358,642,3897.3
8359,642,4115.1
8360,642,3704.2
8361,642,4213.2
8362,642,4025.3
8363,642,4000.3
8364,642,3983.3
8365,642,3797.5
8366,642,4152.3
8367,642,4052.3
8368,642,3999.5
8369,642,3969.2
8370,642,4005.9
8371,642,3986.8
8372,642,3871.6
8373,642,4099.1
8374,642,3988.9
8375,642,4017.1
8376,642,3991.6
8377,642,4131.8
8378,642,3864.9
8379,642,4141.3
8380,642,3847.1
8381,642,3967.7
8382,642,3997.4
8383,642,3988.7
8384,642,4098.4
8385,642,3905.7
8386,642,3818.5
8387,642,4116.1
8388,642,4062.6
8389,642,3961.8
8390,642,3684.6
8391,642,4177.7
8392,642,4098.6
8393,642,3795.1
8394,642,4699.7
8395,642,3592.4
8396,642,3929.2
8397,642,3956.1
8398,642,3837.0
8399,642,4119.0
8400,642,4092.9
8401,642,3930.8
8402,642,3806.4
8403,642,4150.6
8404,642,4005.8
8405,642,3705.6
8406,642,3962.0
8407,642,4240.6
8408,642,4034.4
8409,642,3979.7
8410,642,4121.3
8411,642,3904.8
8412,642,3825.4
8413,642,4098.1
8414,642,4026.8
8415,642,3976.6
8416,642,4001.8
8417,642,3953.7
8418,642,4024.8
8419,642,3766.2
8420,642,4196.8
8421,642,4015.4
8422,642,3983.4
8423,642,4020.0
8424,642,3818.2
8425,642,4115.2
8426,642,4084.4
8427,642,3782.3
8428,642,4127.0
8429,642,4002.0
8430,642,4307.1
8431,642,3569.9
8432,642,4095.6
8433,642,4021.2
8434,642,3991.1
8435,642,3987.7
8436,642,4038.9
8437,642,4005.6
8438,642,3834.7
8439,642,4060.9
8440,642,3997.7
8441,642,3794.3
8442,642,3837.5
8443,642,4074.7
8444,642,4240.9
8445,642,3948.2
8446,642,4049.2
8447,642,4009.8
8448,642,3992.2
8449,642,3857.4
8450,642,4009.1
8451,642,4095.0
8452,642,3788.8
8453,642,4171.8
8454,642,4177.3
8455,642,3873.1
8456,642,3979.8
8457,642,3679.7
8458,642,3974.1
8459,642,4327.9
8460,642,3971.8
8461,642,4009.7
8462,642,4010.3
8463,642,3967.6
8464,642,3741.0
8465,642,4195.2
8466,642,4038.5
8467,642,3999.5
8468,642,3990.4
8469,642,4186.3
8470,642,3856.6
8471,642,3792.3
8472,642,4112.5
8473,642,4024.2
8474,642,3964.6
8475,642,3985.5
8476,642,4149.1
8477,642,3609.0
8478,642,4112.4
8479,642,4136.6
8480,642,4102.5
8481,642,3882.0
8482,642,3974.8
8483,642,3940.8
8484,642,3789.9
8485,642,3952.0
8486,642,4200.1
8487,642,4065.0
8488,642,3712.7
8489,642,4372.7
8490,642,3642.5
8491,642,3983.1
8492,642,3887.3
8493,642,4030.6
8494,642,4249.7
8495,642,4065.8
8496,642,3993.1
8497,642,3859.7
8498,642,4116.3
8499,642,3985.5
8500,642,3975.4
8501,642,4034.4
8502,642,3995.9
8503,642,3969.1
8504,642,3857.3
8505,642,4124.5
8506,642,4004.5
8507,642,4202.4
8508,642,3816.3
8509,642,3991.9
8510,642,3964.8
8511,642,3766.7
8512,642,4188.3
8513,642,4013.5
8514,642,4020.7
8515,642,3705.0
8516,642,4080.8
8517,642,4132.2
8518,642,3670.5
8519,642,4086.8
8520,642,3891.5
8521,642,3951.4
8522,642,3156.7
8523,642,3853.5
8524,642,3962.0
8525,642,3165.7
8526,642,3880.9
8527,642,3908.3
8528,642,3181.9
8529,642,3923.3
8530,642,3937.8
8531,642,4006.4
8532,642,3933.7
8533,642,3178.8
8534,642,3851.1
8535,642,3970.4
8536,642,3135.9
8537,642,3869.5
8538,642,4011.9
8539,642,3994.4
8540,642,3999.9
8541,642,4269.8
8542,642,4083.6
8543,642,3997.5
8544,642,3989.2
8545,642,3989.3
8546,642,3984.8
8547,642,3814.3
8548,642,4147.7
8549,642,4030.4
8550,642,3988.1
8551,642,4060.8
8552,642,3765.9
8553,642,3862.9
8554,642,4300.4
8555,642,3677.0
8556,642,4244.8
8557,642,4022.3
8558,642,3975.5
8559,642,3806.7
8560,642,4079.0
8561,642,4100.3
8562,642,4014.3
8563,642,3743.3
8564,642,4303.4
8565,642,3954.4
8566,642,3829.0
8567,642,4107.1
8568,642,4013.0
8569,642,3992.5
8570,642,3989.2
8571,642,4314.6
8572,642,3377.5
8573,642,3969.9
8574,642,4263.5
8575,642,4044.5
8576,642,3987.1
8577,642,3989.8
8578,642,3976.8
8579,642,4013.2
8580,642,3741.3
8581,642,4239.4
8582,642,4000.5
8583,642,3995.5
8584,642,3982.1
8585,642,3928.0
8586,642,4062.4
8587,642,3768.2
8588,642,4194.4
8589,642,4023.8
8590,642,3974.8
8591,642,3992.0
8592,642,3806.7
8593,642,4159.7
8594,642,3669.5
8595,642,4248.4
8596,642,4077.4
8597,642,4138.0
8598,642,3903.3
8599,642,3816.6
8600,642,4144.3
8601,642,4075.6
8602,642,3924.8
8603,642,3960.1
8604,642,4080.7
8605,642,3912.9
8606,642,3758.1
8607,642,4164.9
8608,642,4082.5
8609,642,3968.6
8610,642,4051.3
8611,642,3920.8
8612,642,3979.3
8613,642,3722.8
8614,642,4247.6
8615,642,3892.0
8616,642,4112.5
8617,642,4001.6
8618,642,3877.7
8619,642,4086.5
8620,642,4078.6
8621,642,3929.7
8622,642,3995.1
8623,642,3989.4
8624,642,3996.2
8625,642,3733.2
8626,642,4219.0
8627,642,4009.2
8628,642,3992.2
8629,642,3995.9
8630,642,4031.5
8631,642,3977.7
8632,642,3767.1
8633,642,4168.1
8634,642,3782.9
8635,642,4180.6
8636,642,4329.6
8637,642,3748.9
8638,642,3961.6
8639,642,3731.4
8640,642,4190.8
8641,642,3739.9
8642,642,4240.6
8643,642,4037.0
8644,642,3852.5
8645,642,4144.0
8646,642,3833.2
8647,642,4118.4
8648,642,3860.3
8649,642,3866.6
8650,642,3994.1
8651,642,4044.1
8652,642,4177.4
8653,642,4045.2
8654,642,3993.0
8655,642,4001.4
8656,642,4186.2
8657,642,3828.6
8658,642,3766.4
8659,642,4154.9
8660,642,4028.7
8661,642,3672.7
8662,642,4258.1
8663,642,4195.1
8664,642,3852.6
8665,642,3935.1
8666,642,4028.0
8667,642,3932.8
8668,642,3957.5
8669,642,3993.8
8670,642,4050.2
8671,642,4064.5
8672,642,3752.7
8673,642,4172.5
8674,642,4021.7
8675,642,4000.2
8676,642,3725.3
8677,642,3944.5
8678,642,3984.5
8679,642,4012.3
8680,642,4233.5
8681,642,4176.8
8682,642,3877.1
8683,642,4110.8
8684,642,3788.2
8685,642,4054.2
8686,642,4049.9
8687,642,3675.5
8688,642,3933.8
8689,642,3950.4
8690,642,4251.7
8691,642,3962.9
8692,642,4097.4
8693,642,4012.7
8694,642,3996.1
8695,642,4000.0
8696,642,4112.2
8697,642,3875.4
8698,642,3809.3
8699,642,4150.0
8700,642,3683.0
8701,642,3938.6
8702,642,3993.8
8703,642,4312.2
8704,642,3739.2
8705,642,3945.5
8706,642,4300.6
8707,642,4042.8
8708,642,4005.4
8709,642,3975.2
8710,642,3790.8
8711,642,4155.7
8712,642,3776.0
8713,642,4702.3
8714,642,3587.2
8715,642,3926.3
8716,642,4044.2
8717,642,3703.6
8718,642,4218.2
8719,642,4109.5
8720,642,3895.5
8721,642,3810.4
8722,642,4442.3
8723,642,3486.9
8724,642,3878.2
8725,642,4239.1
8726,642,3976.2
8727,642,4005.8
8728,642,3971.4
8729,642,4144.7
8730,642,3965.8
8731,642,3671.6
8732,642,4231.5
8733,642,4064.8
8734,642,4001.6
8735,642,3691.4
8736,642,4085.3
8737,642,4185.1
8738,642,3708.9
8739,642,4260.0
8740,642,4045.1
8741,642,3979.4
8742,642,3729.1
8743,642,3845.0
8744,642,3500.8
8745,642,3751.5
8746,642,4223.9
8747,642,3993.6
8748,642,3913.4
8749,642,3981.4
8750,642,4351.1
8751,642,3683.8
8752,642,3726.5
8753,642,4172.2
8754,642,4111.5
8755,642,3914.3
8756,642,3984.1
8757,642,4056.7
8758,642,4009.2
8759,642,3750.1
8760,642,4127.7
8761,642,4010.2
8762,642,4139.5
8763,642,3862.7
8764,642,3974.8
8765,642,3979.7
8766,642,3738.2
8767,642,3995.7
8768,642,3990.8
8769,642,4231.1
8770,642,3722.1
8771,642,3929.2
8772,642,3975.4
8773,642,4003.0
8774,642,3984.3
8775,642,3961.0
8776,642,3150.1
8777,642,3890.9
8778,642,3971.2
8779,642,3997.6
8780,642,3980.8
8781,642,3987.4
8782,642,4011.9
8783,642,3986.6
8784,642,3992.2
8785,642,3961.6
8786,642,3192.0
8787,642,3888.5
8788,642,3918.5
8789,642,3958.4
8790,642,3175.9
8791,642,4315.8
8792,642,3820.0
8793,642,3954.4
8794,642,4012.3
8795,642,3970.5
8796,642,3955.8
8797,642,4142.3
8798,642,3692.5
8799,642,3924.9
8800,642,3992.1
8801,642,4299.5
8802,642,4065.3
8803,642,3838.2
8804,642,4142.1
8805,642,3775.8
8806,642,4179.1
8807,642,3819.3
8808,642,4184.9
8809,642,4037.9
8810,642,3744.5
8811,642,4202.7
8812,642,4065.8
8813,642,3947.8
8814,642,4001.4
8815,642,4121.5
8816,642,3877.1
8817,642,3831.7
8818,642,3847.0
8819,642,3933.7
8820,642,4238.1
8821,642,4139.8
8822,642,4111.6
8823,642,3823.4
8824,642,3800.1
8825,642,4139.9
8826,642,4046.8
8827,642,3986.9
8828,642,3975.1
8829,642,4028.8
8830,642,3959.5
8831,642,3704.0
8832,642,4226.8
8833,642,4034.9
8834,642,3990.1
8835,642,4028.4
8836,642,3818.9
8837,642,3806.3
8838,642,4370.4
8839,642,3954.7
8840,642,3987.2
8841,642,3980.0
8842,642,3823.0
8843,642,3933.3
8844,642,4187.7
8845,642,4026.2
8846,642,3988.9
8847,642,4001.7
8848,642,4116.6
8849,642,3888.0
8850,642,3699.0
8851,642,4218.6
8852,642,4007.4
8853,642,4029.7
8854,642,3986.3
8855,642,4005.1
8856,642,4025.1
8857,642,3734.5
8858,642,4191.5
8859,642,4018.8
8860,642,3994.4
8861,642,3986.0
8862,642,3894.5
8863,642,4073.2
8864,642,3780.9
8865,642,4200.5
8866,642,4020.8
8867,642,4016.7
8868,642,3678.9
8869,642,4020.7
8870,642,4218.9
8871,642,4123.9
8872,642,3970.7
8873,642,3919.6
8874,642,3978.2
8875,642,3992.4
8876,642,3808.8
8877,642,4141.6
8878,642,4024.2
8879,642,3989.5
8880,642,4006.2
8881,642,4044.4
8882,642,4012.2
8883,642,3761.5
8884,642,4134.3
8885,642,3995.5
8886,642,3987.9
8887,642,3993.1
8888,642,3955.8
8889,642,4036.3
8890,642,3689.3
8891,642,4268.4
8892,642,3714.4
8893,642,4678.1
8894,642,3671.3
8895,642,3947.5
8896,642,3980.6
8897,642,3867.7
8898,642,4102.6
8899,642,4082.5
8900,642,3919.2
8901,642,3969.0
8902,642,3854.0
8903,642,3886.7
8904,642,4297.5
8905,642,3718.4
8906,642,4230.6
8907,642,4235.4
8908,642,3774.0
8909,642,3766.2
8910,642,4153.2
8911,642,4111.0
8912,642,3904.3
8913,642,3974.5
8914,642,4134.3
8915,642,3606.1
8916,642,3919.0
8917,642,4226.5
8918,642,4091.9
8919,642,3744.2
8920,642,4201.3
8921,642,3993.4
8922,642,4031.3
8923,642,3774.2
8924,642,4178.9
8925,642,4031.7
8926,642,3997.7
8927,642,3975.2
8928,642,3884.2
8929,642,4009.6
8930,642,3827.6
8931,642,4125.7
8932,642,4112.2
8933,642,3986.6
8934,642,4051.0
8935,642,3771.7
8936,642,4130.5
8937,642,4010.2
8938,642,4110.0
8939,642,3681.1
8940,642,4197.2
8941,642,3999.2
8942,642,3791.8
8943,642,4182.1
8944,642,3992.7
8945,642,4017.5
8946,642,4101.7
8947,642,3974.5
8948,642,3903.7
8949,642,3801.6
8950,642,4135.9
8951,642,4019.9
8952,642,3987.9
8953,642,3990.1
8954,642,3890.1
8955,642,4076.0
8956,642,3765.2
8957,642,4198.8
8958,642,3668.1
8959,642,4267.7
8960,642,4087.7
8961,642,3842.6
8962,642,4162.5
8963,642,3777.6
8964,642,4168.8
8965,642,4025.6
8966,642,3979.8
8967,642,4063.5
8968,642,3717.4
8969,642,3958.2
8970,642,4190.9
8971,642,4075.3
8972,642,3691.0
8973,642,4324.2
8974,642,3914.3
8975,642,3822.6
8976,642,4123.8
8977,642,3818.7
8978,642,4170.7
8979,642,4010.7
8980,642,3989.6
8981,642,4057.3
8982,642,3718.3
8983,642,4182.5
8984,642,4121.3
8985,642,4007.5
8986,642,3896.7
8987,642,3832.8
8988,642,4124.9
8989,642,3714.5
8990,642,4238.5
8991,642,4050.6
8992,642,3960.9
8993,642,3794.0
8994,642,3985.7
8995,642,4182.5
8996,642,4008.8
8997,642,4017.3
8998,642,3838.2
8999,642,4100.6
9000,642,4039.4
9001,642,3702.8
9002,642,4228.4
9003,642,4036.0
9004,642,4497.9
9005,642,3564.9
9006,642,4012.5
9007,642,3902.0
9008,642,3866.2
9009,642,4092.1
9010,642,4026.8
9011,642,3959.9
9012,642,3750.4
9013,642,4198.4
9014,642,3775.1
9015,642,3994.5
9016,642,3955.8
9017,642,4212.3
9018,642,4044.5
9019,642,4013.2
9020,642,3738.3
9021,642,3837.1
9022,642,3231.6
9023,642,3829.0
9024,642,3928.4
9025,642,4010.3
9026,642,3997.0
9027,642,3992.7
9028,642,3930.6
9029,642,3217.3
9030,642,3865.0
9031,642,4007.4
9032,642,3979.7
9033,642,3962.4
9034,642,3924.0
9035,642,3148.1
9036,642,3942.3
9037,642,3908.1
9038,642,3208.7
9039,642,3801.4
9040,642,3980.0
9041,642,3174.0
9042,642,3998.5
9043,642,4074.6
9044,642,3951.3
9045,642,4027.9
9046,642,4014.6
9047,642,4004.1
9048,642,3979.1
9049,642,3956.0
9050,642,4030.5
9051,642,3796.9
9052,642,4119.6
9053,642,4073.5
9054,642,4007.8
9055,642,4090.8
9056,642,3857.7
9057,642,4106.1
9058,642,3811.9
9059,642,4173.9
9060,642,3883.7
9061,642,4124.7
9062,642,4001.6
9063,642,3834.7
9064,642,4109.6
9065,642,4027.8
9066,642,3997.3
9067,642,3995.0
9068,642,4128.4
9069,642,3878.2
9070,642,3967.5
9071,642,3984.9
9072,642,3699.5
9073,642,4265.7
9074,642,4029.0
9075,642,4213.5
9076,642,3798.4
9077,642,3794.3
9078,642,4132.6
9079,642,3779.2
9080,642,4201.3
9081,642,4016.7
9082,642,3997.9
9083,642,3701.8
9084,642,3900.0
9085,642,4283.3
9086,642,4073.2
9087,642,4064.7
9088,642,3940.1
9089,642,3815.1
9090,642,4129.2
9091,642,4138.9
9092,642,3888.3
9093,642,3985.6
9094,642,4003.1
9095,642,3985.2
9096,642,3828.3
9097,642,4130.9
9098,642,3998.7
9099,642,4015.7
9100,642,3981.0
9101,642,4052.6
9102,642,3936.8
9103,642,3790.2
9104,642,4151.6
9105,642,4018.7
9106,642,4004.8
9107,642,3991.1
9108,642,3919.0
9109,642,4061.9
9110,642,3770.7
9111,642,4182.4
9112,642,4013.6
9113,642,4009.6
9114,642,3666.5
9115,642,3991.2
9116,642,4355.8
9117,642,3775.3
9118,642,3893.1
9119,642,3949.2
9120,642,4353.3
9121,642,3935.0
9122,642,3726.8
9123,642,3957.2
9124,642,4374.5
9125,642,3927.5
9126,642,3998.8
9127,642,4139.0
9128,642,3852.3
9129,642,3735.0
9130,642,4195.4
9131,642,4088.7
9132,642,3932.7
9133,642,4930.0
9134,642,3801.4
9135,642,4203.5
9136,642,4016.9
9137,642,3995.0
9138,642,4026.1
9139,642,3968.8
9140,642,3994.7
9141,642,3673.5
9142,642,4304.5
9143,642,3684.3
9144,642,4255.1
9145,642,4053.1
9146,642,3861.4
9147,642,4092.6
9148,642,3708.4
9149,642,4251.1
9150,642,4351.5
9151,642,3720.5
9152,642,3965.5
9153,642,3760.4
9154,642,4165.3
9155,642,4100.2
9156,642,3959.4
9157,642,3949.7
9158,642,4269.1
9159,642,3768.4
9160,642,4015.8
9161,642,3927.0
9162,642,4043.3
9163,642,3940.2
9164,642,3733.6
9165,642,4326.0
9166,642,3927.5
9167,642,3764.3
9168,642,3937.0
9169,642,4222.7
9170,642,4034.7
9171,642,3985.0
9172,642,4119.4
9173,642,3893.4
9174,642,4941.3
9175,642,4015.7
9176,642,4000.0
9177,642,3875.9
9178,642,4089.6
9179,642,3848.1
9180,642,4141.2
9181,642,3848.4
9182,642,4116.9
9183,642,3724.1
9184,642,3992.6
9185,642,4243.8
9186,642,4028.3
9187,642,4118.3
9188,642,3894.2
9189,642,4148.6
9190,642,3840.0
9191,642,3985.6
9192,642,3981.4
9193,642,3960.1
9194,642,4038.8
9195,642,3756.1
9196,642,4305.4
9197,642,3923.0
9198,642,3754.2
9199,642,4185.7
9200,642,4007.5
9201,642,4226.9
9202,642,3807.8
9203,642,3960.3
9204,642,3990.9
9205,642,3887.8
9206,642,4067.3
9207,642,3676.3
9208,642,3951.6
9209,642,3994.1
9210,642,3951.5
9211,642,3154.2
9212,642,3955.5
9213,642,4281.9
9214,642,4080.3
9215,642,4884.9
9216,642,4018.4
9217,642,3750.2
9218,642,4301.4
9219,642,3937.1
9220,642,3977.0
9221,642,3792.1
9222,642,3886.9
9223,642,4388.4
9224,642,3690.2
9225,642,4204.8
9226,642,4086.2
9227,642,3909.5
9228,642,3986.1
9229,642,4157.2
9230,642,3848.4
9231,642,3747.1
9232,642,3983.1
9233,642,4164.3
9234,642,4028.1
9235,642,4020.6
9236,642,3975.8
9237,642,4009.0
9238,642,3751.8
9239,642,4190.2
9240,642,4046.3
9241,642,3955.4
9242,642,3826.2
9243,642,3984.4
9244,642,4163.1
9245,642,4179.5
9246,642,3862.2
9247,642,3978.0
9248,642,3982.1
9249,642,4090.2
9250,642,3764.8
9251,642,4109.9
9252,642,4022.1
9253,642,3972.6
9254,642,4037.8
9255,642,4111.9
9256,642,4823.7
9257,642,3699.7
9258,642,4245.5
9259,642,4039.4
9260,642,4140.2
9261,642,3867.5
9262,642,3767.9
9263,642,4163.2
9264,642,4056.0
9265,642,4004.1
9266,642,3945.1
9267,642,4000.9
9268,642,4072.0
9269,642,3699.2
9270,642,4165.8
9271,642,3688.3
9272,642,3879.4
9273,642,3156.0
9274,642,3882.3
9275,642,3951.3
9276,642,3171.9
9277,642,3862.9
9278,642,3972.5
9279,642,3984.8
9280,642,3228.5
9281,642,3845.4
9282,642,3949.1
9283,642,3988.9
9284,642,3997.6
9285,642,3991.8
9286,642,3997.5
9287,642,3945.4
9288,642,3196.7
9289,642,3854.1
9290,642,4011.9
9291,642,3960.0
9292,642,3988.3
9293,642,3975.2
9294,642,4337.1
9295,642,4039.5
9296,642,3782.8
9297,642,3902.5
9298,642,3945.2
9299,642,4237.3
9300,642,4235.4
9301,642,3896.5
9302,642,3962.5
9303,642,3711.7
9304,642,3904.4
9305,642,4266.8
9306,642,4068.4
9307,642,3983.3
9308,642,3948.5
9309,642,4071.4
9310,642,4050.5
9311,642,3910.1
9312,642,3831.7
9313,642,4126.0
9314,642,4029.0
9315,642,3787.4
9316,642,4154.8
9317,642,4028.2
9318,642,4015.4
9319,642,3944.9
9320,642,4222.4
9321,642,3816.2
9322,642,3829.3
9323,642,4110.5
9324,642,4003.5
9325,642,3982.9
9326,642,3997.9
9327,642,4060.7
9328,642,3702.6
9329,642,4023.2
9330,642,4179.0
9331,642,3790.3
9332,642,4163.4
9333,642,4033.2
9334,642,3781.9
9335,642,4232.4
9336,642,3646.4
9337,642,4266.9
9338,642,4054.4
9339,642,3985.7
9340,642,3973.0
9341,642,3816.3
9342,642,4162.0
9343,642,3707.3
9344,642,3948.3
9345,642,4242.2
9346,642,4218.0
9347,642,3610.0
9348,642,4131.8
9349,642,4081.0
9350,642,4003.9
9351,642,4082.5
9352,642,3905.1
9353,642,4178.6
9354,642,3819.5
9355,642,3872.8
9356,642,4082.7
9357,642,4012.5
9358,642,3991.2
9359,642,3972.0
9360,642,4125.0
9361,642,3900.6
9362,642,3700.5
9363,642,4202.4
9364,642,4046.4
9365,642,4010.9
9366,642,3997.3
9367,642,3833.5
9368,642,4110.5
9369,642,4146.2
9370,642,3889.0
9371,642,4027.4
9372,642,3960.9
9373,642,3962.9
9374,642,3758.5
9375,642,4178.3
9376,642,4017.4
9377,642,3991.6
9378,642,3847.4
9379,642,4256.3
9380,642,3909.1
9381,642,3920.7
9382,642,4035.5
9383,642,4137.8
9384,642,3874.0
9385,642,3971.8
9386,642,4047.1
9387,642,3613.5
9388,642,3951.8
9389,642,4262.8
9390,642,4073.1
9391,642,3992.2
9392,642,4004.2
9393,642,3765.1
9394,642,4163.9
9395,642,3756.1
9396,642,4216.6
9397,642,4028.7
9398,642,4055.7
9399,642,3722.2
9400,642,3973.0
9401,642,4182.5
9402,642,4118.0
9403,642,3938.6
9404,642,3982.2
9405,642,4006.5
9406,642,4097.6
9407,642,3612.9
9408,642,4202.9
9409,642,4032.2
9410,642,4112.2
9411,642,3901.6
9412,642,4112.1
9413,642,3866.4
9414,642,3741.3
9415,642,4169.4
9416,642,4083.7
9417,642,3970.3
9418,642,4017.4
9419,642,4081.9
9420,642,3892.1
9421,642,3841.0
9422,642,4392.8
9423,642,3749.6
9424,642,3956.3
9425,642,3974.9
9426,642,4097.0
9427,642,3891.2
9428,642,3755.6
9429,642,4177.0
9430,642,3838.9
9431,642,4159.5
9432,642,4017.1
9433,642,3816.6
9434,642,3867.6
9435,642,4044.8
9436,642,4203.9
9437,642,4038.5
9438,642,4019.8
9439,642,3977.1
9440,642,3927.3
9441,642,4048.2
9442,642,3844.7
9443,642,4115.9
9444,642,4009.7
9445,642,4061.3
9446,642,3986.6
9447,642,3803.3
9448,642,4104.0
9449,642,4003.8
9450,642,4000.3
9451,642,3698.4
9452,642,4135.0
9453,642,4249.5
9454,642,3638.1
9455,642,3929.8
9456,642,4246.7
9457,642,4015.4
9458,642,4097.5
9459,642,3763.0
9460,642,4134.2
9461,642,3756.4
9462,642,3918.0
9463,642,3974.9
9464,642,4241.1
9465,642,4146.6
9466,642,3793.3
9467,642,4114.4
9468,642,3686.6
9469,642,3892.9
9470,642,3202.7
9471,642,3875.0
9472,642,3948.5
9473,642,3997.4
9474,642,3994.6
9475,642,4005.2
9476,642,3984.0
9477,642,3995.2
9478,642,3993.5
9479,642,3980.1
9480,642,4010.9
9481,642,3997.8
9482,642,4002.0
9483,642,3988.7
9484,642,3998.9
9485,642,3951.6
9486,642,3197.3
9487,642,3874.8
9488,642,3952.5
9489,642,3943.7
9490,642,3403.7
9491,642,3867.6
9492,642,4014.2
9493,642,3791.9
9494,642,4116.6
9495,642,4052.4
9496,642,3994.2
9497,642,4113.5
9498,642,3727.8
9499,642,4194.3
9500,642,4129.9
9501,642,3956.0
9502,642,4085.4
9503,642,4125.3
9504,642,3778.6
9505,642,3785.9
9506,642,4147.2
9507,642,4035.0
9508,642,3989.3
9509,642,3944.3
9510,642,4130.7
9511,642,3895.8
9512,642,3826.2
9513,642,4117.7
9514,642,3712.7
9515,642,4249.4
9516,642,4028.1
9517,642,3987.8
9518,642,4088.9
9519,642,3785.5
9520,642,4099.7
9521,642,4092.5
9522,642,3632.1
9523,642,3887.9
9524,642,3975.8
9525,642,3981.1
9526,642,3991.8
9527,642,3987.6
9528,642,3959.1
9529,642,3185.3
9530,642,3895.6
9531,642,3950.5
9532,642,4004.7
9533,642,3936.8
9534,642,3178.5
9535,642,3881.0
9536,642,3896.7
9537,642,3223.3
9538,642,3873.9
9539,642,3958.2
9540,642,4007.5
9541,642,3987.4
9542,642,3931.3
9543,642,4157.3
9544,642,3875.3
9545,642,4050.6
9546,642,3992.5
9547,642,3975.1
9548,642,4017.6
9549,642,4210.5
9550,642,4102.6
9551,642,3763.2
9552,642,4189.6
9553,642,3808.1
9554,642,4167.3
9555,642,3774.6
9556,642,3987.3
9557,642,4352.2
9558,642,3647.6
9559,642,4192.7
9560,642,4051.5
9561,642,3782.9
9562,642,3856.9
9563,642,3927.4
9564,642,4071.5
9565,642,4256.3
9566,642,4139.1
9567,642,3648.5
9568,642,3903.8
9569,642,4011.8
9570,642,3898.8
9571,642,3236.6
9572,642,3966.9
9573,642,4182.4
9574,642,4012.9
9575,642,3995.9
9576,642,3987.3
9577,642,3738.3
9578,642,4222.6
9579,642,3806.8
9580,642,4077.7
9581,642,4100.7
9582,642,4012.7
9583,642,4044.5
9584,642,3907.8
9585,642,4026.7
9586,642,3850.9
9587,642,4111.3
9588,642,3703.3
9589,642,4277.8
9590,642,3759.3
9591,642,4043.4
9592,642,4024.8
9593,642,3825.0
9594,642,4273.6
9595,642,4067.4
9596,642,4145.8
9597,642,3862.1
9598,642,3757.1
9599,642,4165.9
9600,642,4138.8
9601,642,3890.8
9602,642,3972.5
9603,642,4158.2
9604,642,3844.9
9605,642,3847.2
9606,642,4109.7
9607,642,4003.7
9608,642,3962.6
9609,642,4032.0
9610,642,4094.1
9611,642,3912.3
9612,642,3792.5
9613,642,4142.0
9614,642,4011.2
9615,642,3995.2
9616,642,3995.8
9617,642,3816.0
9618,642,4131.5
9619,642,3888.8
9620,642,4108.1
9621,642,4019.8
9622,642,3983.6
9623,642,4071.1
9624,642,3734.5
9625,642,4281.2
9626,642,3914.6
9627,642,3717.7
9628,642,4209.7
9629,642,4161.3
9630,642,3876.9
9631,642,3761.1
9632,642,4186.7
9633,642,3982.6
9634,642,4022.0
9635,642,3975.3
9636,642,4169.7
9637,642,3840.6
9638,642,3854.3
9639,642,4118.8
9640,642,3752.0
9641,642,4024.3
9642,642,4164.7
9643,642,4111.0
9644,642,3936.6
9645,642,3669.7
9646,642,4234.7
9647,642,4021.4
9648,642,4008.4
9649,642,4003.2
9650,642,3787.3
9651,642,4171.7
9652,642,4137.5
9653,642,3896.5
9654,642,3800.7
9655,642,4102.3
9656,642,4032.4
9657,642,3803.8
9658,642,4213.3
9659,642,3991.9
9660,642,3994.3
9661,642,3984.6
9662,642,4162.7
9663,642,3837.2
9664,642,3720.0
9665,642,4210.1
9666,642,4159.1
9667,642,3877.5
9668,642,3957.1
9669,642,4245.6
9670,642,3770.4
9671,642,3769.2
9672,642,4155.0
9673,642,3799.4
9674,642,4182.0
9675,642,3702.7
9676,642,4140.0
9677,642,4191.6
9678,642,3790.7
9679,642,3837.5
9680,642,3947.0
9681,642,4280.4
9682,642,4068.9
9683,642,3844.2
9684,642,4125.4
9685,642,4149.2
9686,642,3877.7
9687,642,4093.6
9688,642,3879.4
9689,642,3984.2
9690,642,3819.6
9691,642,4128.7
9692,642,4044.6
9693,642,3975.2
9694,642,3979.9
9695,642,4177.8
9696,642,3849.6
9697,642,3780.5
9698,642,3914.8
9699,642,4154.6
9700,642,4080.3
9701,642,3995.5
9702,642,3955.7
9703,642,4052.4
9704,642,3725.2
9705,642,4196.1
9706,642,4030.5
9707,642,4138.0
9708,642,3881.2
9709,642,3792.0
9710,642,4155.0
9711,642,3731.4
9712,642,4230.5
9713,642,4165.3
9714,642,3566.2
9715,642,3929.1
9716,642,3928.3
9717,642,4023.4
9718,642,4311.8
9719,642,4073.6
9720,642,3984.6
9721,642,4184.8
9722,642,3830.1
9723,642,3848.3
9724,642,4080.4
9725,642,4090.4
9726,642,3941.9
9727,642,3964.2
9728,642,4045.6
9729,642,4078.4
9730,642,3671.0
9731,642,4123.6
9732,642,4094.4
9733,642,3912.0
9734,642,3701.6
9735,642,4023.9
9736,642,4197.5
9737,642,3815.5
9738,642,4195.6
9739,642,4038.5
9740,642,3972.0
9741,642,4006.6
9742,642,3849.7
9743,642,4126.8
9744,642,3772.8
9745,642,4170.9
9746,642,4124.7
9747,642,3903.8
9748,642,4273.7
9749,642,3553.9
9750,642,4102.7
9751,642,4073.1
9752,642,4100.5
9753,642,3896.6
9754,642,3675.1
9755,642,4206.3
9756,642,3801.0
9757,642,3991.8
9758,642,4197.9
9759,642,4039.6
9760,642,3693.4
9761,642,4381.5
9762,642,3919.7
9763,642,3741.9
9764,642,4214.0
9765,642,3999.9
9766,642,3981.5
9767,642,4016.0
9768,642,3903.0
9769,642,3746.7
9770,642,4042.2
9771,642,4221.1
9772,642,4032.0
9773,642,4012.9
9774,642,3656.8
9775,642,3892.0
9776,642,3976.9
9777,642,3128.0
9778,642,3864.1
9779,642,3217.3
9780,642,3809.0
9781,642,3972.3
9782,642,3145.9
9783,642,3850.1
9784,642,3982.0
9785,642,3202.4
9786,642,3859.6
9787,642,3957.4
9788,642,3925.7
9789,642,3301.1
9790,642,3763.1
9791,642,3986.0
9792,642,4013.6
9793,642,3955.6
9794,642,3996.9
9795,642,4005.8
9796,642,4277.5
9797,642,3913.9
9798,642,4129.3
9799,642,3870.0
9800,642,4177.8
9801,642,3677.4
9802,642,3941.1
9803,642,3956.8
9804,642,3939.3
9805,642,3187.4
9806,642,3867.0
9807,642,3976.8
9808,642,4002.2
9809,642,3957.1
9810,642,3999.8
9811,642,3984.4
9812,642,3185.1
9813,642,3841.2
9814,642,3951.9
9815,642,3148.9
9816,642,3864.0
9817,642,4089.9
9818,642,3932.1
9819,642,3971.8
9820,642,3948.7
9821,642,3203.1
9822,642,4073.1
9823,642,4007.9
9824,642,4133.6
9825,642,3907.8
9826,642,3842.7
9827,642,4046.1
9828,642,4113.1
9829,642,4026.0
9830,642,3996.6
9831,642,4009.9
9832,642,4098.7
9833,642,3714.1
9834,642,4114.7
9835,642,4035.7
9836,642,4037.6
9837,642,3950.0
9838,642,3795.9
9839,642,4122.6
9840,642,3803.8
9841,642,4177.3
9842,642,4031.5
9843,642,3981.1
9844,642,3695.1
9845,642,3990.6
9846,642,4390.2
9847,642,4026.9
9848,642,3955.8
9849,642,3943.1
9850,642,4156.5
9851,642,3841.1
9852,642,3735.0
9853,642,4188.5
9854,642,4007.8
9855,642,4024.3
9856,642,3984.9
9857,642,4106.8
9858,642,3877.2
9859,642,3904.7
9860,642,4066.2
9861,642,3989.6
9862,642,3994.4
9863,642,3959.8
9864,642,4060.0
9865,642,3933.6
9866,642,3840.5
9867,642,4110.4
9868,642,4049.1
9869,642,3979.9
9870,642,3961.4
9871,642,3827.7
9872,642,4178.2
9873,642,3696.3
9874,642,4261.8
9875,642,4148.1
9876,642,3891.3
9877,642,3984.9
9878,642,3691.4
9879,642,4002.5
9880,642,4285.5
9881,642,3767.1
9882,642,4185.3
9883,642,4282.0
9884,642,3768.5
9885,642,3771.5
9886,642,4141.6
9887,642,3888.3
9888,642,4137.5
9889,642,3984.0
9890,642,4106.4
9891,642,3892.4
9892,642,3757.1
9893,642,4188.5
9894,642,4024.4
9895,642,3971.6
9896,642,4015.8
9897,642,4342.1
9898,642,3686.2
9899,642,3689.0
9900,642,4200.0
9901,642,4059.3
9902,642,4066.9
9903,642,3927.3
9904,642,3769.6
9905,642,4150.7
9906,642,3877.0
9907,642,4103.8
9908,642,4130.7
9909,642,3901.2
9910,642,3808.7
9911,642,3948.1
9912,642,4165.5
9913,642,4031.2
9914,642,3997.1
9915,642,4040.8
9916,642,4081.1
9917,642,3879.0
9918,642,3779.4
9919,642,4147.7
9920,642,4017.9
9921,642,4000.9
9922,642,3981.0
9923,642,4110.5
9924,642,3918.9
9925,642,3805.6
9926,642,4120.5
9927,642,4020.8
9928,642,3992.2
9929,642,3701.9
9930,642,4186.8
9931,642,4046.8
9932,642,3688.0
9933,642,4237.1
9934,642,3862.2
9935,642,3947.3
9936,642,4218.1
9937,642,3796.9
9938,642,4188.8
9939,642,4091.7
9940,642,3925.2
9941,642,3801.3
9942,642,3798.8
9943,642,4291.3
9944,642,3852.3
9945,642,4221.1
9946,642,4047.2
9947,642,3950.7
9948,642,3975.9
9949,642,4174.2
9950,642,3835.5
9951,642,3762.3
9952,642,4162.3
9953,642,4028.8
9954,642,3989.6
9955,642,3971.4
9956,642,4056.2
9957,642,3978.7
9958,642,3790.9
9959,642,4157.9
9960,642,4115.8
9961,642,3905.6
9962,642,3960.4
9963,642,3835.9
9964,642,3840.9
9965,642,3956.6
9966,642,4292.4
9967,642,4026.2
9968,642,3737.2
9969,642,3957.5
9970,642,4019.1
9971,642,4223.5
9972,642,4128.9
9973,642,3919.4
9974,642,3968.5
9975,642,4176.0
9976,642,3851.8
9977,642,3771.3
9978,642,3957.6
9979,642,4206.8
9980,642,3994.4
9981,642,3996.8
9982,642,4127.3
9983,642,3886.3
9984,642,3776.5
9985,642,4159.1
9986,642,4009.3
9987,642,3992.9
9988,642,3948.8
9989,642,4564.0
9990,642,3588.0
9991,642,3693.4
9992,642,3953.0
9993,642,3987.2
9994,642,3972.6
9995,642,4039.1
9996,642,3982.9
9997,642,4191.6
9998,642,4096.0
9999,642,4007.8
