iteration,latency_ns,round_trip_us
0,654,3893.0
1,654,3919.5
2,654,4035.5
3,654,4358.5
4,654,3871.6
5,654,4061.5
6,654,3708.9
7,654,4052.2
8,654,3815.2
9,654,3232.0
10,654,3809.8
11,654,3975.2
12,654,3998.5
13,654,3986.2
14,654,3958.9
15,654,3180.1
16,654,3832.6
17,654,3127.7
18,654,4051.6
19,654,3844.3
20,654,4265.2
21,654,3764.2
22,654,3994.3
23,654,4260.2
24,654,4353.2
25,654,3716.5
26,654,3714.5
27,654,4094.1
28,654,3773.5
29,654,4285.2
30,654,3989.3
31,654,3899.4
32,654,4147.2
33,654,4093.5
34,654,3591.8
35,654,4253.0
36,654,3885.1
37,654,4130.8
38,654,3821.2
39,654,4148.6
40,654,4996.0
41,654,3885.9
42,654,4123.5
43,654,3960.9
44,654,3656.4
45,654,3951.4
46,654,3323.3
47,654,3794.8
48,654,4260.7
49,654,3677.6
50,654,3894.6
51,654,3135.4
52,654,3942.3
53,654,3996.1
54,654,3927.6
55,654,3985.1
56,654,3263.1
57,654,3778.6
58,654,3980.5
59,654,4042.5
60,654,4001.7
61,654,3947.8
62,654,4261.3
63,654,4046.6
64,654,3844.2
65,654,4158.6
66,654,3945.3
67,654,4067.0
68,654,3729.8
69,654,4008.6
70,654,3905.1
71,654,4225.0
72,654,3693.3
73,654,4017.8
74,654,4302.3
75,654,3779.0
76,654,3881.5
77,654,4053.3
78,654,4266.3
79,654,3690.8
80,654,3914.4
81,654,4077.4
82,654,4002.1
83,654,4219.8
84,654,3821.1
85,654,3946.2
86,654,3966.6
87,654,3888.3
88,654,3266.8
89,654,3865.4
90,654,4040.6
91,654,3979.1
92,654,3967.7
93,654,4040.2
94,654,4228.5
95,654,3740.8
96,654,3923.1
97,654,3922.9
98,654,4007.5
99,654,3988.7
100,654,3965.1
101,654,3143.8
102,654,3875.4
103,654,3939.7
104,654,3235.8
105,654,3804.4
106,654,3962.1
107,654,3220.1
108,654,3871.8
109,654,4009.5
110,654,3975.5
111,654,3971.3
112,654,4011.0
113,654,3864.0
114,654,3114.2
115,654,3874.5
116,654,3224.4
117,654,3887.2
118,654,3966.1
119,654,3904.9
120,654,3156.3
121,654,3858.2
122,654,4117.2
123,654,3918.7
124,654,3994.0
125,654,3968.4
126,654,4019.4
127,654,3949.5
128,654,3158.4
129,654,3885.8
130,654,3935.3
131,654,3159.6
132,654,3854.7
133,654,3967.4
134,654,3164.3
135,654,3861.0
136,654,3950.0
137,654,3162.4
138,654,3853.7
139,654,3115.3
140,654,3882.2
141,654,3951.5
142,654,3190.8
143,654,3838.0
144,654,3963.6
145,654,3166.9
146,654,3828.9
147,654,3185.0
148,654,3981.8
149,654,4180.2
150,654,4006.0
151,654,4022.0
152,654,3641.0
153,654,4233.7
154,654,4079.9
155,654,3813.3
156,654,3803.4
157,654,3947.0
158,654,3232.1
159,654,3877.9
160,654,3979.1
161,654,3891.6
162,654,3157.5
163,654,4008.4
164,654,3832.0
165,654,3149.9
166,654,3844.6
167,654,3222.1
168,654,3802.5
169,654,4137.6
170,654,3945.2
171,654,4356.9
172,654,3647.8
173,654,4018.3
174,654,3945.1
175,654,3912.6
176,654,4003.9
177,654,3960.2
178,654,4035.8
179,654,3915.1
180,654,3109.6
181,654,3864.8
182,654,3131.9
183,654,3941.9
184,654,3903.6
185,654,3206.5
186,654,3843.1
187,654,3924.0
188,654,3258.7
189,654,3780.2
190,654,3092.6
191,654,3862.3
192,654,3536.8
193,654,3895.1
194,654,3874.7
195,654,4070.2
196,654,4117.4
197,654,3589.1
198,654,3919.2
199,654,3905.3
200,654,3200.4
201,654,3848.7
202,654,3222.8
203,654,3802.1
204,654,4135.7
205,654,3932.9
206,654,3939.6
207,654,3887.3
208,654,3163.7
209,654,3968.5
210,654,3902.0
211,654,3163.1
212,654,3911.2
213,654,4219.6
214,654,3869.3
215,654,4182.5
216,654,4095.3
217,654,3706.3
218,654,3933.8
219,654,3873.4
220,654,4034.7
221,654,3938.1
222,654,4291.6
223,654,4069.9
224,654,4092.0
225,654,3820.8
226,654,4014.4
227,654,4026.0
228,654,3765.5
229,654,3906.9
230,654,4245.1
231,654,4069.5
232,654,3983.3
233,654,3896.4
234,654,3802.0
235,654,4058.5
236,654,4169.7
237,654,4100.0
238,654,3976.6
239,654,4144.0
240,654,3652.0
241,654,4130.9
242,654,4044.9
243,654,3967.0
244,654,3720.1
245,654,4372.0
246,654,3947.0
247,654,3711.4
248,654,3983.9
249,654,3936.9
250,654,4171.5
251,654,4020.5
252,654,4197.5
253,654,3871.3
254,654,3790.0
255,654,4129.7
256,654,4006.6
257,654,4003.9
258,654,3750.6
259,654,3921.9
260,654,4258.6
261,654,3756.5
262,654,3974.9
263,654,4029.7
264,654,3897.5
265,654,3914.1
266,654,3157.3
267,654,3943.2
268,654,3898.8
269,654,3218.3
270,654,3813.1
271,654,4023.8
272,654,3879.2
273,654,3230.7
274,654,3933.4
275,654,3944.8
276,654,4015.6
277,654,4006.7
278,654,3983.5
279,654,3879.2
280,654,3171.9
281,654,3865.0
282,654,4012.9
283,654,3971.8
284,654,3920.0
285,654,3278.3
286,654,3916.9
287,654,3935.3
288,654,3903.4
289,654,3940.8
290,654,3146.4
291,654,3953.3
292,654,3903.3
293,654,3194.6
294,654,3898.4
295,654,3941.3
296,654,4293.2
297,654,3731.8
298,654,3934.3
299,654,4069.4
300,654,4120.8
301,654,3990.5
302,654,4158.2
303,654,4033.6
304,654,3608.2
305,654,3966.7
306,654,4003.1
307,654,4068.5
308,654,3976.5
309,654,3972.5
310,654,4031.6
311,654,4028.0
312,654,3985.5
313,654,3930.7
314,654,3975.2
315,654,3936.3
316,654,3220.3
317,654,3772.2
318,654,3249.2
319,654,3842.4
320,654,3866.4
321,654,3251.7
322,654,3767.5
323,654,3140.1
324,654,3935.9
325,654,3951.5
326,654,3921.0
327,654,4195.8
328,654,3836.5
329,654,3105.6
330,654,4004.7
331,654,3867.6
332,654,3162.7
333,654,3887.0
334,654,4031.6
335,654,3980.6
336,654,4030.2
337,654,3854.6
338,654,3265.9
339,654,3780.8
340,654,3951.2
341,654,3157.6
342,654,3947.3
343,654,3916.0
344,654,4041.8
345,654,3909.4
346,654,3153.6
347,654,3825.5
348,654,3237.0
349,654,3869.7
350,654,3912.7
351,654,3970.9
352,654,3253.7
353,654,3864.9
354,654,3902.3
355,654,4023.3
356,654,3921.7
357,654,3160.5
358,654,3953.5
359,654,3976.1
360,654,3967.6
361,654,3891.4
362,654,3188.8
363,654,3828.3
364,654,3232.5
365,654,3822.2
366,654,3928.5
367,654,3126.8
368,654,4018.4
369,654,3892.6
370,654,3923.7
371,654,3170.3
372,654,4060.0
373,654,3900.1
374,654,3957.4
375,654,3892.6
376,654,3150.5
377,654,3958.5
378,654,3898.3
379,654,3966.4
380,654,3135.5
381,654,3963.5
382,654,3929.4
383,654,3939.5
384,654,3171.5
385,654,3852.4
386,654,3999.1
387,654,3967.9
388,654,3984.8
389,654,3109.4
390,654,3918.6
391,654,3970.4
392,654,3963.6
393,654,3191.5
394,654,3809.0
395,654,3151.5
396,654,3851.1
397,654,3939.7
398,654,3185.5
399,654,3869.9
400,654,3954.2
401,654,3122.2
402,654,3910.1
403,654,3939.4
404,654,3164.3
405,654,3902.3
406,654,3892.7
407,654,3194.4
408,654,4032.6
409,654,4205.3
410,654,4016.5
411,654,3965.0
412,654,3985.1
413,654,4050.6
414,654,3938.3
415,654,3744.0
416,654,4210.1
417,654,4069.7
418,654,4016.0
419,654,3663.1
420,654,4188.7
421,654,3758.8
422,654,3973.3
423,654,3978.6
424,654,3992.8
425,654,4107.3
426,654,3919.0
427,654,3979.2
428,654,3966.7
429,654,3965.9
430,654,4227.2
431,654,4116.1
432,654,4034.6
433,654,4077.1
434,654,4021.6
435,654,3517.9
436,654,3954.8
437,654,3962.0
438,654,4016.6
439,654,3985.7
440,654,4027.5
441,654,3935.3
442,654,3995.5
443,654,4050.1
444,654,3977.3
445,654,3891.6
446,654,3211.7
447,654,3928.8
448,654,3895.9
449,654,3913.3
450,654,3348.5
451,654,3874.5
452,654,3857.1
453,654,4015.5
454,654,3970.6
455,654,4032.4
456,654,3994.4
457,654,3869.7
458,654,3128.9
459,654,3889.3
460,654,3123.3
461,654,3887.7
462,654,4152.8
463,654,3882.1
464,654,4090.4
465,654,3856.4
466,654,4003.3
467,654,4038.1
468,654,3915.8
469,654,3218.1
470,654,3825.3
471,654,3904.9
472,654,3281.0
473,654,3878.6
474,654,3902.3
475,654,3945.0
476,654,3240.3
477,654,3802.1
478,654,4016.9
479,654,3920.5
480,654,3236.3
481,654,3853.4
482,654,3970.7
483,654,3888.2
484,654,3265.1
485,654,3811.3
486,654,3935.9
487,654,3217.0
488,654,3908.0
489,654,3974.5
490,654,3909.5
491,654,3966.2
492,654,3125.8
493,654,3890.8
494,654,3953.1
495,654,4168.9
496,654,3952.0
497,654,3963.1
498,654,3895.2
499,654,3153.8
500,654,3937.4
501,654,3859.6
502,654,3211.3
503,654,3799.8
504,654,3201.3
505,654,3876.0
506,654,3864.4
507,654,3277.8
508,654,3881.5
509,654,3891.4
510,654,3948.5
511,654,3151.5
512,654,3973.9
513,654,4012.2
514,654,3986.2
515,654,4243.6
516,654,4029.3
517,654,3639.3
518,654,3942.3
519,654,3109.0
520,654,3888.9
521,654,3939.2
522,654,3195.6
523,654,3876.4
524,654,3984.1
525,654,3993.9
526,654,3969.1
527,654,3204.6
528,654,4181.5
529,654,3857.4
530,654,4131.1
531,654,3928.4
532,654,4140.9
533,654,3916.4
534,654,3985.7
535,654,3730.4
536,654,4053.9
537,654,4147.5
538,654,3831.7
539,654,3897.8
540,654,3988.9
541,654,4286.3
542,654,3668.8
543,654,3885.7
544,654,3260.6
545,654,3820.9
546,654,3895.4
547,654,3172.3
548,654,3835.9
549,654,3209.0
550,654,3837.0
551,654,4015.7
552,654,3930.6
553,654,3274.0
554,654,3855.6
555,654,3968.3
556,654,3909.6
557,654,4048.4
558,654,3915.8
559,654,3236.7
560,654,3803.1
561,654,3911.4
562,654,3228.7
563,654,3888.3
564,654,4224.5
565,654,4073.8
566,654,4019.7
567,654,3838.8
568,654,3779.2
569,654,3976.8
570,654,3992.4
571,654,3945.4
572,654,3232.4
573,654,3877.2
574,654,3973.2
575,654,3970.3
576,654,3912.9
577,654,3204.4
578,654,3853.3
579,654,3933.6
580,654,3189.8
581,654,3828.4
582,654,3964.7
583,654,3236.1
584,654,3909.3
585,654,3898.1
586,654,3901.9
587,654,3485.1
588,654,3655.4
589,654,3915.6
590,654,4285.9
591,654,3795.0
592,654,4100.9
593,654,3884.6
594,654,4047.8
595,654,3852.0
596,654,3903.8
597,654,3136.2
598,654,4028.5
599,654,3885.8
600,654,3932.4
601,654,3185.3
602,654,3934.0
603,654,3937.0
604,654,3986.7
605,654,4129.2
606,654,4007.5
607,654,3858.2
608,654,3986.6
609,654,4251.7
610,654,4105.9
611,654,4022.5
612,654,4041.5
613,654,3929.6
614,654,3829.1
615,654,4193.5
616,654,3955.9
617,654,3964.2
618,654,3995.3
619,654,3955.9
620,654,4012.7
621,654,3794.3
622,654,4168.3
623,654,4105.8
624,654,3930.8
625,654,4044.8
626,654,3718.4
627,654,4003.1
628,654,3971.7
629,654,3937.0
630,654,4301.5
631,654,3676.3
632,654,3865.2
633,654,3153.7
634,654,3835.4
635,654,3957.7
636,654,3206.7
637,654,3830.1
638,654,4031.9
639,654,3979.0
640,654,4010.4
641,654,3970.0
642,654,4003.2
643,654,3972.6
644,654,3962.7
645,654,3138.8
646,654,3895.6
647,654,3943.4
648,654,3962.0
649,654,3142.7
650,654,3904.5
651,654,3961.7
652,654,3171.5
653,654,3806.0
654,654,3129.7
655,654,3854.6
656,654,3151.2
657,654,3855.9
658,654,3140.9
659,654,3863.0
660,654,3133.0
661,654,3906.7
662,654,3931.9
663,654,3156.4
664,654,3859.7
665,654,4121.0
666,654,3901.8
667,654,3960.5
668,654,3997.2
669,654,4495.3
670,654,3947.7
671,654,3631.4
672,654,3966.8
673,654,4016.8
674,654,3966.7
675,654,3970.3
676,654,3950.2
677,654,4449.4
678,654,3903.2
679,654,3836.2
680,654,4196.7
681,654,3759.8
682,654,4128.7
683,654,3766.3
684,654,4064.8
685,654,4258.4
686,654,3681.2
687,654,4193.1
688,654,4035.2
689,654,3984.6
690,654,3980.7
691,654,3871.5
692,654,4106.7
693,654,3720.7
694,654,3920.2
695,654,4389.6
696,654,3635.4
697,654,3951.3
698,654,3888.8
699,654,3261.6
700,654,3822.7
701,654,3982.1
702,654,4034.3
703,654,3880.7
704,654,3221.4
705,654,3845.3
706,654,3986.5
707,654,3905.4
708,654,3230.3
709,654,3891.0
710,654,3951.9
711,654,3952.6
712,654,3217.4
713,654,3926.1
714,654,4177.4
715,654,4001.0
716,654,4044.7
717,654,4025.8
718,654,3870.3
719,654,4077.1
720,654,3756.2
721,654,4241.3
722,654,3960.9
723,654,4019.3
724,654,3985.3
725,654,3781.5
726,654,4184.5
727,654,4170.3
728,654,3868.3
729,654,3981.1
730,654,3877.4
731,654,4216.3
732,654,3584.1
733,654,3959.1
734,654,4064.1
735,654,4131.5
736,654,3784.6
737,654,4017.9
738,654,4000.5
739,654,3901.1
740,654,4271.7
741,654,4085.0
742,654,3734.0
743,654,4178.8
744,654,4069.8
745,654,3984.1
746,654,3745.9
747,654,3952.3
748,654,3926.5
749,654,4235.7
750,654,4117.5
751,654,3925.4
752,654,4025.5
753,654,3728.3
754,654,4186.1
755,654,4069.6
756,654,3697.4
757,654,3894.5
758,654,3978.5
759,654,4060.4
760,654,3942.2
761,654,3919.1
762,654,3151.6
763,654,3856.9
764,654,3129.5
765,654,3975.6
766,654,3973.5
767,654,3908.1
768,654,3133.8
769,654,4008.0
770,654,3877.8
771,654,3969.0
772,654,3279.8
773,654,3954.6
774,654,4152.5
775,654,4014.8
776,654,3647.3
777,654,3981.4
778,654,3915.3
779,654,3155.7
780,654,4165.2
781,654,3759.1
782,654,4055.3
783,654,4192.6
784,654,4175.9
785,654,3876.8
786,654,3707.7
787,654,3967.7
788,654,3968.1
789,654,4362.6
790,654,3945.6
791,654,3985.7
792,654,3726.4
793,654,3846.7
794,654,3489.4
795,654,3901.1
796,654,3796.3
797,654,4153.3
798,654,3879.9
799,654,3892.7
800,654,3937.0
801,654,4269.0
802,654,4011.8
803,654,3829.7
804,654,4108.4
805,654,4085.2
806,654,3956.0
807,654,3729.8
808,654,3864.2
809,654,3999.2
810,654,4412.9
811,654,3689.0
812,654,3880.0
813,654,4020.2
814,654,4000.1
815,654,3894.2
816,654,3178.1
817,654,3989.2
818,654,4187.5
819,654,3744.9
820,654,4259.9
821,654,4029.0
822,654,3992.1
823,654,3657.0
824,654,3903.6
825,654,3190.6
826,654,3867.5
827,654,4022.8
828,654,3995.9
829,654,3945.7
830,654,4021.9
831,654,4010.9
832,654,3980.7
833,654,3971.1
834,654,4023.3
835,654,4011.5
836,654,4125.6
837,654,3858.1
838,654,4261.1
839,654,4138.6
840,654,3710.3
841,654,3891.9
842,654,4224.3
843,654,3763.0
844,654,3877.8
845,654,3932.2
846,654,3276.6
847,654,3762.1
848,654,3228.5
849,654,3747.1
850,654,3200.1
851,654,3805.4
852,654,4270.1
853,654,3941.3
854,654,4145.2
855,654,3765.7
856,654,4257.0
857,654,3702.6
858,654,3987.1
859,654,3954.9
860,654,3998.3
861,654,3986.1
862,654,3995.6
863,654,3919.5
864,654,3960.9
865,654,3140.1
866,654,3828.8
867,654,3234.7
868,654,3904.7
869,654,3910.2
870,654,3963.6
871,654,4040.6
872,654,3931.4
873,654,3232.1
874,654,3927.4
875,654,3817.4
876,654,3129.8
877,654,3892.2
878,654,3084.7
879,654,3932.5
880,654,3910.5
881,654,3181.2
882,654,4015.0
883,654,3894.9
884,654,3930.5
885,654,4299.1
886,654,3742.4
887,654,4023.3
888,654,3923.5
889,654,3933.6
890,654,3237.9
891,654,3805.5
892,654,3927.2
893,654,3220.5
894,654,3779.6
895,654,3153.3
896,654,3896.8
897,654,3920.5
898,654,3161.5
899,654,3862.4
900,654,3096.9
901,654,3935.0
902,654,3938.7
903,654,3167.5
904,654,3894.9
905,654,3966.8
906,654,3919.1
907,654,3212.1
908,654,3837.2
909,654,3958.7
910,654,3150.8
911,654,3897.8
912,654,3971.9
913,654,3913.2
914,654,3163.9
915,654,3840.6
916,654,3157.1
917,654,3838.7
918,654,3168.6
919,654,3859.6
920,654,3979.0
921,654,3983.1
922,654,3252.0
923,654,3731.5
924,654,3169.3
925,654,3880.1
926,654,3927.7
927,654,3996.9
928,654,4304.8
929,654,3849.7
930,654,4001.9
931,654,4190.2
932,654,4164.1
933,654,3867.5
934,654,3802.9
935,654,4127.8
936,654,4115.9
937,654,3884.7
938,654,3694.2
939,654,4041.3
940,654,3990.9
941,654,4827.0
942,654,3165.3
943,654,3957.8
944,654,4237.3
945,654,3775.8
946,654,3885.3
947,654,4066.8
948,654,3919.4
949,654,4262.7
950,654,4104.9
951,654,4045.7
952,654,3928.8
953,654,3780.2
954,654,3840.1
955,654,3978.9
956,654,3992.6
957,654,3988.8
958,654,3996.2
959,654,3987.9
960,654,3961.5
961,654,3984.7
962,654,3135.0
963,654,3964.4
964,654,3970.0
965,654,4364.6
966,654,4095.9
967,654,4070.7
968,654,3797.7
969,654,3840.5
970,654,4093.7
971,654,3755.5
972,654,4205.4
973,654,4144.8
974,654,3645.5
975,654,4204.9
976,654,3781.9
977,654,3883.9
978,654,4040.9
979,654,4265.0
980,654,3740.5
981,654,4035.4
982,654,5163.7
983,654,4055.8
984,654,3777.5
985,654,3829.7
986,654,3988.6
987,654,4089.8
988,654,4213.5
989,654,4038.0
990,654,3948.2
991,654,4205.7
992,654,3850.9
993,654,3741.5
994,654,4217.5
995,654,3982.1
996,654,3674.3
997,654,3900.8
998,654,3391.0
999,654,3673.7
1000,654,3983.2
1001,654,3984.6
1002,654,3932.9
1003,654,3158.0
1004,654,4407.7
1005,654,3644.9
1006,654,3893.3
1007,654,4395.7
1008,654,3557.2
1009,654,3868.8
1010,654,3269.9
1011,654,3990.5
1012,654,3857.9
1013,654,3981.7
1014,654,4280.6
1015,654,3812.0
1016,654,4174.2
1017,654,3739.8
1018,654,4043.4
1019,654,3852.0
1020,654,3994.7
1021,654,3919.4
1022,654,3184.2
1023,654,3880.8
1024,654,4033.1
1025,654,3913.5
1026,654,3109.2
1027,654,3957.8
1028,654,3970.8
1029,654,3987.6
1030,654,4398.4
1031,654,3966.4
1032,654,3980.9
1033,654,3735.7
1034,654,4180.3
1035,654,4037.1
1036,654,3801.9
1037,654,4212.2
1038,654,4008.5
1039,654,3963.7
1040,654,4031.4
1041,654,3866.8
1042,654,4078.3
1043,654,3790.2
1044,654,4192.7
1045,654,4041.0
1046,654,3959.0
1047,654,3726.6
1048,654,3961.3
1049,654,4213.0
1050,654,3758.4
1051,654,4037.7
1052,654,4195.1
1053,654,3799.8
1054,654,3832.8
1055,654,3609.4
1056,654,3942.2
1057,654,3699.9
1058,654,4098.2
1059,654,3839.1
1060,654,4220.9
1061,654,3669.3
1062,654,3934.5
1063,654,3994.6
1064,654,4191.6
1065,654,3845.9
1066,654,3938.0
1067,654,3991.4
1068,654,3863.4
1069,654,3198.2
1070,654,3872.8
1071,654,3930.1
1072,654,3219.2
1073,654,3852.2
1074,654,4279.8
1075,654,3779.7
1076,654,3967.0
1077,654,3972.1
1078,654,3925.1
1079,654,3109.7
1080,654,3914.1
1081,654,4003.3
1082,654,3946.9
1083,654,3557.0
1084,654,3737.8
1085,654,4099.4
1086,654,4258.8
1087,654,3787.3
1088,654,3736.7
1089,654,3817.6
1090,654,3949.9
1091,654,3257.5
1092,654,3813.9
1093,654,4001.2
1094,654,3919.7
1095,654,3163.5
1096,654,3789.2
1097,654,3197.3
1098,654,3932.6
1099,654,3997.5
1100,654,3976.5
1101,654,3844.5
1102,654,3230.7
1103,654,3891.4
1104,654,3870.8
1105,654,4131.5
1106,654,3979.7
1107,654,3897.6
1108,654,3229.0
1109,654,3866.3
1110,654,3934.0
1111,654,4338.4
1112,654,3987.0
1113,654,3902.1
1114,654,4078.3
1115,654,3733.1
1116,654,4216.4
1117,654,4099.8
1118,654,3749.4
1119,654,3793.5
1120,654,4027.1
1121,654,4046.4
1122,654,3990.2
1123,654,3975.2
1124,654,3965.5
1125,654,3903.4
1126,654,3252.4
1127,654,3885.2
1128,654,3974.1
1129,654,4069.8
1130,654,4178.0
1131,654,4023.7
1132,654,3996.2
1133,654,3727.1
1134,654,4067.1
1135,654,4072.2
1136,654,3824.2
1137,654,4221.1
1138,654,3908.5
1139,654,3976.0
1140,654,4093.6
1141,654,3891.9
1142,654,4122.4
1143,654,4130.9
1144,654,3885.9
1145,654,4206.7
1146,654,4593.9
1147,654,4110.1
1148,654,4124.1
1149,654,3565.7
1150,654,3970.1
1151,654,3887.9
1152,654,3274.6
1153,654,3816.4
1154,654,3913.7
1155,654,3211.0
1156,654,3881.8
1157,654,3952.6
1158,654,3933.5
1159,654,3154.6
1160,654,3844.0
1161,654,3409.9
1162,654,3710.6
1163,654,3921.2
1164,654,3904.5
1165,654,3197.3
1166,654,3830.9
1167,654,3146.6
1168,654,3905.0
1169,654,3935.6
1170,654,3185.3
1171,654,3880.0
1172,654,3903.2
1173,654,3200.5
1174,654,3993.2
1175,654,3784.8
1176,654,3143.3
1177,654,3863.9
1178,654,3270.8
1179,654,3733.0
1180,654,3969.0
1181,654,3131.7
1182,654,3883.0
1183,654,3982.4
1184,654,3930.3
1185,654,3221.2
1186,654,3807.7
1187,654,4524.6
1188,654,3646.5
1189,654,4010.0
1190,654,3896.0
1191,654,3981.6
1192,654,4262.9
1193,654,3709.1
1194,654,3930.0
1195,654,4072.1
1196,654,3905.1
1197,654,4044.1
1198,654,3919.3
1199,654,4067.2
1200,654,3946.5
1201,654,3933.8
1202,654,3208.7
1203,654,3824.3
1204,654,3486.0
1205,654,3803.2
1206,654,3828.2
1207,654,3907.1
1208,654,4237.2
1209,654,4103.2
1210,654,3975.5
1211,654,3989.1
1212,654,3697.4
1213,654,4260.3
1214,654,3774.7
1215,654,3879.0
1216,654,3932.9
1217,654,3238.8
1218,654,3889.3
1219,654,3901.5
1220,654,3929.4
1221,654,3217.8
1222,654,3914.6
1223,654,3980.9
1224,654,4286.5
1225,654,4166.7
1226,654,3914.5
1227,654,3955.5
1228,654,4108.5
1229,654,3858.1
1230,654,3814.1
1231,654,4109.1
1232,654,4039.8
1233,654,3982.2
1234,654,4086.8
1235,654,3721.6
1236,654,4167.0
1237,654,3822.1
1238,654,3835.0
1239,654,4402.7
1240,654,3701.0
1241,654,3911.7
1242,654,3989.6
1243,654,4237.9
1244,654,3727.9
1245,654,4243.0
1246,654,4028.4
1247,654,3717.8
1248,654,3896.6
1249,654,4086.0
1250,654,4087.4
1251,654,3881.0
1252,654,3975.0
1253,654,3962.3
1254,654,3890.3
1255,654,3266.6
1256,654,3911.1
1257,654,3906.4
1258,654,3975.7
1259,654,4387.1
1260,654,3963.7
1261,654,4001.5
1262,654,4003.4
1263,654,3875.1
1264,654,4081.1
1265,654,3745.3
1266,654,3964.7
1267,654,3904.3
1268,654,4046.6
1269,654,4164.8
1270,654,3780.9
1271,654,4027.1
1272,654,3917.2
1273,654,3147.9
1274,654,4326.9
1275,654,3680.1
1276,654,4199.4
1277,654,3708.9
1278,654,3992.5
1279,654,3880.8
1280,654,3122.3
1281,654,3883.0
1282,654,3138.4
1283,654,3827.8
1284,654,3221.7
1285,654,3842.1
1286,654,4011.5
1287,654,3999.4
1288,654,3895.1
1289,654,3173.8
1290,654,3941.3
1291,654,3892.7
1292,654,3260.3
1293,654,3771.6
1294,654,3966.8
1295,654,3973.8
1296,654,3156.6
1297,654,3911.0
1298,654,3964.8
1299,654,4064.2
1300,654,3983.4
1301,654,3872.7
1302,654,3269.5
1303,654,3897.7
1304,654,3941.6
1305,654,3884.3
1306,654,3179.6
1307,654,3849.0
1308,654,4025.5
1309,654,3940.6
1310,654,4166.8
1311,654,3892.2
1312,654,4013.5
1313,654,3963.3
1314,654,3893.9
1315,654,3193.2
1316,654,3835.1
1317,654,3228.8
1318,654,3788.7
1319,654,4278.9
1320,654,4072.3
1321,654,4001.4
1322,654,3653.9
1323,654,4009.2
1324,654,3980.8
1325,654,3930.7
1326,654,3233.8
1327,654,3855.8
1328,654,3969.3
1329,654,3912.1
1330,654,3163.7
1331,654,3930.6
1332,654,4022.2
1333,654,3970.6
1334,654,4059.3
1335,654,3871.8
1336,654,3982.4
1337,654,4276.3
1338,654,4100.3
1339,654,3969.7
1340,654,4039.4
1341,654,3787.6
1342,654,4137.0
1343,654,3843.0
1344,654,3752.9
1345,654,3150.9
1346,654,3856.4
1347,654,4042.3
1348,654,3883.1
1349,654,3129.9
1350,654,3924.6
1351,654,4058.8
1352,654,3874.7
1353,654,3218.7
1354,654,3823.9
1355,654,4048.8
1356,654,3879.6
1357,654,3178.9
1358,654,3961.0
1359,654,4002.3
1360,654,3979.1
1361,654,4134.3
1362,654,4133.3
1363,654,3735.3
1364,654,3933.6
1365,654,4022.4
1366,654,4230.7
1367,654,3743.1
1368,654,3988.5
1369,654,4283.2
1370,654,3880.0
1371,654,4104.1
1372,654,3789.9
1373,654,3935.3
1374,654,4070.2
1375,654,3966.7
1376,654,3855.0
1377,654,4046.3
1378,654,3979.0
1379,654,3924.1
1380,654,3150.8
1381,654,3941.0
1382,654,4008.9
1383,654,3986.9
1384,654,4001.7
1385,654,4120.5
1386,654,4218.8
1387,654,3943.3
1388,654,3731.7
1389,654,3866.2
1390,654,3954.0
1391,654,3163.2
1392,654,4011.2
1393,654,3869.8
1394,654,3934.2
1395,654,3175.0
1396,654,3870.2
1397,654,4065.7
1398,654,4242.4
1399,654,3757.8
1400,654,4013.7
1401,654,4220.4
1402,654,3756.4
1403,654,4204.9
1404,654,4247.6
1405,654,3612.6
1406,654,3936.6
1407,654,3930.8
1408,654,4193.5
1409,654,3705.3
1410,654,3989.1
1411,654,4004.3
1412,654,3875.7
1413,654,3172.3
1414,654,4247.4
1415,654,3992.5
1416,654,3680.2
1417,654,4221.7
1418,654,3783.5
1419,654,3990.4
1420,654,3933.9
1421,654,3959.7
1422,654,3181.6
1423,654,3812.5
1424,654,3156.7
1425,654,3833.2
1426,654,3974.1
1427,654,3141.2
1428,654,3875.8
1429,654,3946.9
1430,654,3206.3
1431,654,3876.4
1432,654,3904.8
1433,654,3210.3
1434,654,3776.0
1435,654,3178.9
1436,654,3837.1
1437,654,3154.6
1438,654,3840.4
1439,654,3937.5
1440,654,3132.7
1441,654,3865.4
1442,654,3186.0
1443,654,3855.4
1444,654,3956.8
1445,654,3194.3
1446,654,4215.7
1447,654,4041.5
1448,654,3861.5
1449,654,3825.9
1450,654,3926.6
1451,654,4003.3
1452,654,3907.3
1453,654,4571.8
1454,654,3532.9
1455,654,3962.4
1456,654,4245.5
1457,654,3654.0
1458,654,3996.2
1459,654,4283.4
1460,654,3746.0
1461,654,4001.9
1462,654,4054.9
1463,654,4058.5
1464,654,4170.0
1465,654,3725.7
1466,654,3971.3
1467,654,3955.1
1468,654,4185.0
1469,654,3824.2
1470,654,4214.4
1471,654,3817.7
1472,654,4211.6
1473,654,3686.2
1474,654,3957.6
1475,654,4320.8
1476,654,4247.4
1477,654,3672.2
1478,654,3987.3
1479,654,4165.8
1480,654,4004.6
1481,654,3744.2
1482,654,4139.4
1483,654,4110.7
1484,654,3925.7
1485,654,3988.8
1486,654,3977.4
1487,654,3625.3
1488,654,4078.9
1489,654,3975.7
1490,654,3985.9
1491,654,4243.8
1492,654,3756.2
1493,654,4089.1
1494,654,4164.6
1495,654,3703.1
1496,654,3916.2
1497,654,3967.0
1498,654,3217.1
1499,654,3900.5
1500,654,3859.7
1501,654,3174.6
1502,654,3803.4
1503,654,3202.2
1504,654,4188.4
1505,654,3693.9
1506,654,3909.5
1507,654,3250.9
1508,654,3794.2
1509,654,4015.1
1510,654,4015.6
1511,654,4058.7
1512,654,3969.1
1513,654,3928.8
1514,654,4004.3
1515,654,3934.5
1516,654,4063.8
1517,654,4022.2
1518,654,4354.5
1519,654,3663.8
1520,654,4117.1
1521,654,4099.0
1522,654,3829.4
1523,654,4130.7
1524,654,4088.4
1525,654,3960.8
1526,654,3802.2
1527,654,3922.2
1528,654,4061.7
1529,654,3925.9
1530,654,4190.8
1531,654,4010.4
1532,654,3693.7
1533,654,3984.6
1534,654,3923.1
1535,654,4304.6
1536,654,3693.0
1537,654,3939.1
1538,654,3189.5
1539,654,3806.3
1540,654,3221.2
1541,654,3775.4
1542,654,3116.1
1543,654,3849.4
1544,654,3207.6
1545,654,3848.3
1546,654,3977.0
1547,654,3990.7
1548,654,4017.4
1549,654,3917.3
1550,654,3221.9
1551,654,3969.7
1552,654,3859.8
1553,654,3953.7
1554,654,3148.9
1555,654,3951.5
1556,654,3997.7
1557,654,3893.5
1558,654,3137.1
1559,654,3950.8
1560,654,4039.7
1561,654,3860.6
1562,654,3977.3
1563,654,3217.2
1564,654,3897.8
1565,654,4256.8
1566,654,3701.7
1567,654,4241.6
1568,654,3707.9
1569,654,3919.9
1570,654,3585.2
1571,654,3689.9
1572,654,4104.2
1573,654,3996.1
1574,654,3992.1
1575,654,4090.4
1576,654,4002.2
1577,654,3912.6
1578,654,3813.8
1579,654,4134.8
1580,654,3989.0
1581,654,4001.5
1582,654,4068.1
1583,654,3935.4
1584,654,3996.0
1585,654,3778.4
1586,654,3876.1
1587,654,3991.5
1588,654,4287.4
1589,654,3670.1
1590,654,3901.6
1591,654,3168.7
1592,654,3848.1
1593,654,4043.5
1594,654,3977.8
1595,654,3989.0
1596,654,3997.3
1597,654,3957.5
1598,654,3956.0
1599,654,3238.2
1600,654,3872.6
1601,654,3883.0
1602,654,3223.5
1603,654,3777.4
1604,654,3967.7
1605,654,3132.9
1606,654,3930.1
1607,654,3980.5
1608,654,4063.7
1609,654,3958.5
1610,654,3955.8
1611,654,3951.8
1612,654,3156.5
1613,654,3956.0
1614,654,3970.7
1615,654,3962.3
1616,654,4006.4
1617,654,3989.9
1618,654,3994.3
1619,654,3935.2
1620,654,4049.6
1621,654,3984.0
1622,654,4070.9
1623,654,3844.6
1624,654,3135.6
1625,654,3842.7
1626,654,3111.9
1627,654,3940.8
1628,654,4018.7
1629,654,4228.4
1630,654,3907.2
1631,654,3884.6
1632,654,3923.6
1633,654,4131.5
1634,654,3844.2
1635,654,3915.6
1636,654,3139.2
1637,654,3948.7
1638,654,3968.6
1639,654,3952.8
1640,654,3207.0
1641,654,3841.8
1642,654,3957.0
1643,654,4306.9
1644,654,4100.6
1645,654,3692.8
1646,654,3919.9
1647,654,3959.0
1648,654,3999.5
1649,654,4267.1
1650,654,3847.1
1651,654,4319.9
1652,654,3647.0
1653,654,3828.0
1654,654,3227.7
1655,654,3761.4
1656,654,3253.6
1657,654,3952.4
1658,654,3923.4
1659,654,3950.2
1660,654,4272.0
1661,654,4015.6
1662,654,3717.5
1663,654,4207.7
1664,654,3886.4
1665,654,4112.9
1666,654,3886.6
1667,654,4114.2
1668,654,3770.8
1669,654,3872.7
1670,654,4007.4
1671,654,3954.5
1672,654,4029.9
1673,654,3931.7
1674,654,3171.1
1675,654,3940.7
1676,654,3914.4
1677,654,3973.3
1678,654,3150.3
1679,654,3861.2
1680,654,3963.0
1681,654,3130.7
1682,654,3872.6
1683,654,3125.0
1684,654,3859.2
1685,654,3980.5
1686,654,3142.3
1687,654,3874.2
1688,654,3978.2
1689,654,3984.6
1690,654,3170.8
1691,654,3844.9
1692,654,3963.3
1693,654,3145.2
1694,654,3851.3
1695,654,3125.8
1696,654,3846.9
1697,654,3115.2
1698,654,3869.5
1699,654,3115.1
1700,654,3920.8
1701,654,3952.4
1702,654,3156.9
1703,654,3859.9
1704,654,4044.5
1705,654,3891.6
1706,654,3204.9
1707,654,3851.2
1708,654,4010.1
1709,654,3997.4
1710,654,4040.3
1711,654,3939.8
1712,654,3928.2
1713,654,3251.5
1714,654,3795.7
1715,654,3922.8
1716,654,3166.9
1717,654,3978.0
1718,654,4102.3
1719,654,3868.4
1720,654,3988.9
1721,654,4257.8
1722,654,4161.8
1723,654,4254.8
1724,654,4190.4
1725,654,3249.1
1726,654,3852.2
1727,654,3962.8
1728,654,3963.9
1729,654,3986.6
1730,654,4052.4
1731,654,4358.6
1732,654,3789.8
1733,654,3856.6
1734,654,3984.7
1735,654,4391.1
1736,654,3884.9
1737,654,3704.2
1738,654,4006.8
1739,654,4332.3
1740,654,3985.5
1741,654,3942.0
1742,654,3988.4
1743,654,4102.0
1744,654,3611.3
1745,654,4198.6
1746,654,4022.0
1747,654,3703.9
1748,654,3981.1
1749,654,4228.0
1750,654,3791.5
1751,654,4338.2
1752,654,3909.7
1753,654,3765.3
1754,654,4177.0
1755,654,3708.7
1756,654,3882.0
1757,654,3167.0
1758,654,3944.2
1759,654,4220.6
1760,654,4115.0
1761,654,3939.1
1762,654,4021.6
1763,654,4085.6
1764,654,3982.9
1765,654,3731.7
1766,654,4135.2
1767,654,3729.0
1768,654,4230.7
1769,654,4104.1
1770,654,3677.7
1771,654,3892.5
1772,654,3924.1
1773,654,3234.8
1774,654,3954.6
1775,654,3833.9
1776,654,3912.2
1777,654,3125.9
1778,654,3950.3
1779,654,4016.5
1780,654,3985.6
1781,654,3902.4
1782,654,3260.7
1783,654,3782.3
1784,654,4066.5
1785,654,3959.2
1786,654,4250.9
1787,654,3962.6
1788,654,4094.7
1789,654,4013.7
1790,654,3769.0
1791,654,4289.2
1792,654,3662.5
1793,654,3897.3
1794,654,3970.0
1795,654,3991.8
1796,654,4271.5
1797,654,3900.9
1798,654,3889.2
1799,654,3944.0
1800,654,3973.6
1801,654,3966.8
1802,654,3990.9
1803,654,3999.0
1804,654,3971.8
1805,654,4011.7
1806,654,3996.4
1807,654,3926.9
1808,654,3539.0
1809,654,3692.4
1810,654,3826.3
1811,654,3905.4
1812,654,3190.5
1813,654,3839.1
1814,654,3148.4
1815,654,3846.4
1816,654,3202.2
1817,654,3943.1
1818,654,3947.5
1819,654,3932.6
1820,654,3928.2
1821,654,3395.8
1822,654,3894.1
1823,654,3979.3
1824,654,4134.1
1825,654,3635.6
1826,654,3902.8
1827,654,3278.0
1828,654,3760.7
1829,654,4128.6
1830,654,3861.8
1831,654,4021.2
1832,654,4055.8
1833,654,4280.9
1834,654,4058.3
1835,654,3746.1
1836,654,4146.4
1837,654,4022.0
1838,654,3982.9
1839,654,3683.2
1840,654,3955.7
1841,654,4000.2
1842,654,4003.6
1843,654,3983.1
1844,654,4013.5
1845,654,3915.7
1846,654,3168.9
1847,654,3821.4
1848,654,3114.0
1849,654,3867.4
1850,654,3123.3
1851,654,3893.5
1852,654,3145.1
1853,654,3883.3
1854,654,3934.3
1855,654,3167.3
1856,654,3838.4
1857,654,3964.6
1858,654,3998.4
1859,654,3128.4
1860,654,3879.6
1861,654,3946.5
1862,654,3160.0
1863,654,3839.0
1864,654,3120.8
1865,654,3884.3
1866,654,3130.2
1867,654,3919.6
1868,654,3977.2
1869,654,3972.3
1870,654,4123.2
1871,654,3875.4
1872,654,4077.7
1873,654,4054.0
1874,654,4065.2
1875,654,3994.3
1876,654,3849.8
1877,654,4020.0
1878,654,4081.7
1879,654,3879.3
1880,654,4110.6
1881,654,3893.5
1882,654,4086.4
1883,654,4010.7
1884,654,3776.2
1885,654,3971.3
1886,654,3958.4
1887,654,3152.6
1888,654,3875.2
1889,654,4254.8
1890,654,3832.6
1891,654,4203.0
1892,654,3764.8
1893,654,3998.5
1894,654,3927.2
1895,654,3944.6
1896,654,4045.8
1897,654,3996.9
1898,654,4259.4
1899,654,3798.5
1900,654,3893.9
1901,654,4019.6
1902,654,3979.4
1903,654,4011.2
1904,654,3920.5
1905,654,3165.3
1906,654,3931.7
1907,654,3923.3
1908,654,3965.1
1909,654,3140.2
1910,654,3894.1
1911,654,3926.0
1912,654,3328.4
1913,654,3699.8
1914,654,4011.8
1915,654,4002.3
1916,654,4240.7
1917,654,3826.5
1918,654,3864.1
1919,654,3220.9
1920,654,3825.5
1921,654,3930.0
1922,654,3146.1
1923,654,3944.0
1924,654,3981.3
1925,654,3976.5
1926,654,3980.7
1927,654,4029.1
1928,654,3918.3
1929,654,3966.0
1930,654,3124.7
1931,654,3878.1
1932,654,3155.2
1933,654,3833.7
1934,654,3187.2
1935,654,3852.5
1936,654,3949.5
1937,654,3181.7
1938,654,3841.2
1939,654,3915.7
1940,654,3173.4
1941,654,3883.3
1942,654,3952.8
1943,654,3162.7
1944,654,3853.2
1945,654,3949.7
1946,654,3177.3
1947,654,3822.3
1948,654,3167.5
1949,654,3838.9
1950,654,3114.5
1951,654,3852.8
1952,654,3160.7
1953,654,3863.7
1954,654,3994.6
1955,654,3954.0
1956,654,3253.8
1957,654,3793.9
1958,654,3909.2
1959,654,3171.5
1960,654,3867.9
1961,654,3951.8
1962,654,3195.8
1963,654,4188.8
1964,654,4012.2
1965,654,4656.2
1966,654,4305.3
1967,654,3766.1
1968,654,4283.1
1969,654,3971.3
1970,654,3711.2
1971,654,3856.8
1972,654,4000.0
1973,654,4360.0
1974,654,3704.2
1975,654,4165.3
1976,654,3753.9
1977,654,4108.6
1978,654,3904.7
1979,654,3968.6
1980,654,4156.7
1981,654,4173.4
1982,654,3993.5
1983,654,3981.9
1984,654,3807.5
1985,654,4154.3
1986,654,3697.2
1987,654,3994.5
1988,654,4290.8
1989,654,4042.7
1990,654,3979.9
1991,654,3806.3
1992,654,4184.7
1993,654,4079.2
1994,654,3696.9
1995,654,3810.9
1996,654,4042.1
1997,654,3981.5
1998,654,3987.3
1999,654,4239.8
2000,654,4041.6
2001,654,3931.5
2002,654,3964.6
2003,654,4163.9
2004,654,3929.7
2005,654,3801.2
2006,654,5136.1
2007,654,4026.6
2008,654,4016.1
2009,654,3736.0
2010,654,3901.3
2011,654,3978.8
2012,654,4000.4
2013,654,4039.5
2014,654,3848.1
2015,654,3352.5
2016,654,3804.2
2017,654,3984.7
2018,654,4275.9
2019,654,3801.2
2020,654,4116.5
2021,654,4120.8
2022,654,3683.1
2023,654,4178.2
2024,654,3813.9
2025,654,3951.1
2026,654,3981.9
2027,654,4198.9
2028,654,4109.3
2029,654,4000.7
2030,654,3651.6
2031,654,3836.0
2032,654,3230.1
2033,654,3945.4
2034,654,3850.8
2035,654,4260.8
2036,654,4102.7
2037,654,3787.2
2038,654,4055.4
2039,654,3979.8
2040,654,3778.9
2041,654,3983.6
2042,654,4250.6
2043,654,4079.7
2044,654,4004.8
2045,654,3811.8
2046,654,4122.7
2047,654,4853.5
2048,654,3977.9
2049,654,3905.0
2050,654,4022.0
2051,654,3969.2
2052,654,4019.0
2053,654,4197.8
2054,654,3786.3
2055,654,4219.2
2056,654,3709.8
2057,654,3927.6
2058,654,4007.2
2059,654,3998.9
2060,654,3910.8
2061,654,3153.2
2062,654,3881.1
2063,654,3143.3
2064,654,3918.6
2065,654,4009.7
2066,654,3971.3
2067,654,3997.7
2068,654,3943.2
2069,654,4044.4
2070,654,4003.1
2071,654,4037.8
2072,654,3927.3
2073,654,4022.5
2074,654,3928.6
2075,654,4175.1
2076,654,4172.4
2077,654,3768.3
2078,654,4195.6
2079,654,3774.4
2080,654,3964.7
2081,654,4148.8
2082,654,4186.2
2083,654,3954.7
2084,654,3985.1
2085,654,3954.9
2086,654,4000.6
2087,654,3702.1
2088,654,3930.5
2089,654,4094.4
2090,654,4239.2
2091,654,3662.1
2092,654,3923.4
2093,654,3151.9
2094,654,3862.7
2095,654,3972.8
2096,654,3227.5
2097,654,3804.9
2098,654,3957.8
2099,654,4057.5
2100,654,3925.9
2101,654,3228.6
2102,654,3879.7
2103,654,3888.6
2104,654,3285.8
2105,654,3743.9
2106,654,3941.1
2107,654,3228.8
2108,654,3893.3
2109,654,3903.2
2110,654,3954.1
2111,654,3209.9
2112,654,3820.8
2113,654,4053.9
2114,654,4014.1
2115,654,4240.6
2116,654,4033.7
2117,654,3751.7
2118,654,3874.6
2119,654,4021.0
2120,654,3992.1
2121,654,3949.4
2122,654,3936.3
2123,654,3229.0
2124,654,3870.4
2125,654,3989.9
2126,654,4001.1
2127,654,3924.1
2128,654,3142.1
2129,654,3928.4
2130,654,3865.1
2131,654,3303.7
2132,654,4116.9
2133,654,3735.2
2134,654,4232.8
2135,654,3769.5
2136,654,4115.3
2137,654,4198.4
2138,654,3643.9
2139,654,3966.3
2140,654,3991.3
2141,654,3925.2
2142,654,4035.0
2143,654,3915.1
2144,654,3152.6
2145,654,3834.9
2146,654,3488.1
2147,654,3785.7
2148,654,4116.5
2149,654,4103.7
2150,654,3914.5
2151,654,3768.0
2152,654,4173.3
2153,654,4004.3
2154,654,3809.3
2155,654,3922.7
2156,654,4194.8
2157,654,3774.7
2158,654,3960.0
2159,654,4402.5
2160,654,3555.8
2161,654,3925.1
2162,654,4052.1
2163,654,3997.2
2164,654,3993.5
2165,654,3910.8
2166,654,3239.7
2167,654,3769.1
2168,654,3162.9
2169,654,3820.4
2170,654,4034.4
2171,654,4029.1
2172,654,3946.3
2173,654,4108.3
2174,654,4251.1
2175,654,4013.5
2176,654,3991.4
2177,654,3830.9
2178,654,4103.0
2179,654,4176.0
2180,654,3677.2
2181,654,4148.1
2182,654,4004.1
2183,654,4005.5
2184,654,3831.8
2185,654,4117.9
2186,654,3712.1
2187,654,3997.3
2188,654,3940.4
2189,654,3978.2
2190,654,3940.4
2191,654,3236.9
2192,654,3813.3
2193,654,3958.5
2194,654,3927.3
2195,654,3262.9
2196,654,3859.2
2197,654,3945.0
2198,654,3940.8
2199,654,3201.4
2200,654,3878.4
2201,654,3951.2
2202,654,3932.6
2203,654,3181.0
2204,654,3878.0
2205,654,3947.7
2206,654,3160.3
2207,654,3802.5
2208,654,3180.5
2209,654,3868.6
2210,654,3968.7
2211,654,4069.6
2212,654,3905.7
2213,654,3978.5
2214,654,3184.7
2215,654,3881.4
2216,654,3961.7
2217,654,3951.9
2218,654,3500.4
2219,654,3707.1
2220,654,4161.9
2221,654,4008.5
2222,654,4008.7
2223,654,3983.7
2224,654,3837.2
2225,654,4119.6
2226,654,3837.8
2227,654,3804.0
2228,654,4047.7
2229,654,4000.8
2230,654,4261.8
2231,654,3979.0
2232,654,4013.3
2233,654,3785.2
2234,654,3850.1
2235,654,4045.9
2236,654,4209.3
2237,654,3855.0
2238,654,3852.5
2239,654,4060.5
2240,654,4015.5
2241,654,3949.0
2242,654,4089.7
2243,654,3952.8
2244,654,3887.6
2245,654,3994.8
2246,654,4282.2
2247,654,3732.8
2248,654,3983.5
2249,654,3898.8
2250,654,3283.9
2251,654,3809.2
2252,654,4035.3
2253,654,3847.7
2254,654,3184.0
2255,654,3866.4
2256,654,3988.6
2257,654,4043.6
2258,654,3998.1
2259,654,3989.0
2260,654,3997.9
2261,654,3988.1
2262,654,4104.7
2263,654,3961.4
2264,654,3861.9
2265,654,3108.3
2266,654,3918.0
2267,654,4014.4
2268,654,3962.5
2269,654,3924.6
2270,654,3146.1
2271,654,3889.7
2272,654,3982.6
2273,654,3935.2
2274,654,3247.6
2275,654,3914.8
2276,654,3864.0
2277,654,3214.3
2278,654,3848.5
2279,654,3996.8
2280,654,4049.0
2281,654,3875.7
2282,654,3229.6
2283,654,3787.9
2284,654,3937.9
2285,654,3132.8
2286,654,3958.1
2287,654,4063.5
2288,654,3939.8
2289,654,4392.1
2290,654,3979.8
2291,654,3588.0
2292,654,4002.4
2293,654,4441.0
2294,654,3583.5
2295,654,4012.9
2296,654,3880.7
2297,654,4037.1
2298,654,4241.7
2299,654,3951.1
2300,654,3812.5
2301,654,4058.7
2302,654,3905.2
2303,654,3870.7
2304,654,3246.6
2305,654,3849.1
2306,654,3985.0
2307,654,3960.0
2308,654,3949.9
2309,654,3191.4
2310,654,3830.9
2311,654,4041.6
2312,654,3909.2
2313,654,3161.1
2314,654,3894.0
2315,654,4000.5
2316,654,3887.7
2317,654,3160.4
2318,654,3903.6
2319,654,4044.5
2320,654,3909.4
2321,654,3219.9
2322,654,3809.2
2323,654,3938.1
2324,654,3236.9
2325,654,3822.1
2326,654,3926.7
2327,654,3170.2
2328,654,3850.5
2329,654,4291.2
2330,654,3772.0
2331,654,4036.4
2332,654,4011.5
2333,654,3941.8
2334,654,4057.4
2335,654,3919.1
2336,654,3967.0
2337,654,4224.4
2338,654,3753.9
2339,654,3970.4
2340,654,4326.5
2341,654,4128.9
2342,654,3890.9
2343,654,3743.8
2344,654,4238.6
2345,1369,3998.7
2346,654,3818.8
2347,654,4110.2
2348,654,4149.4
2349,654,3891.8
2350,654,3673.1
2351,654,4150.1
2352,654,4014.5
2353,654,3869.4
2354,654,4197.7
2355,654,4026.8
2356,654,3835.6
2357,654,4121.5
2358,654,3686.3
2359,654,4000.7
2360,654,4342.2
2361,654,3690.2
2362,654,3975.8
2363,654,3912.3
2364,654,3214.9
2365,654,4122.1
2366,654,4013.7
2367,654,3751.4
2368,654,3884.8
2369,654,4090.7
2370,654,3955.0
2371,654,3913.1
2372,654,3966.7
2373,654,3145.6
2374,654,3872.8
2375,654,3964.5
2376,654,3514.1
2377,654,3590.9
2378,654,3873.4
2379,654,3135.5
2380,654,4029.1
2381,654,3901.5
2382,654,3915.6
2383,654,3222.6
2384,654,3797.6
2385,654,4023.0
2386,654,3973.9
2387,654,3907.4
2388,654,3224.1
2389,654,3954.0
2390,654,3953.2
2391,654,3943.1
2392,654,3994.0
2393,654,4049.3
2394,654,3909.5
2395,654,4032.7
2396,654,3917.7
2397,654,4081.5
2398,654,3928.9
2399,654,3107.8
2400,654,3962.8
2401,654,3877.5
2402,654,3263.9
2403,654,3798.9
2404,654,4025.1
2405,654,3995.9
2406,654,4017.0
2407,654,3928.3
2408,654,4050.1
2409,654,3886.6
2410,654,3178.4
2411,654,3863.4
2412,654,4049.0
2413,654,3981.9
2414,654,3892.2
2415,654,3230.4
2416,654,3827.0
2417,654,4043.2
2418,654,3930.1
2419,654,4000.7
2420,654,3965.0
2421,654,3147.0
2422,654,3866.7
2423,654,3963.5
2424,654,3226.6
2425,654,3881.0
2426,654,3900.1
2427,654,3088.0
2428,654,3979.1
2429,654,3898.9
2430,654,3116.0
2431,654,3884.8
2432,654,3181.9
2433,654,3843.2
2434,654,4234.1
2435,654,3827.4
2436,654,3968.7
2437,654,3943.2
2438,654,4031.8
2439,654,3970.0
2440,654,3904.7
2441,654,3526.0
2442,654,4127.1
2443,654,3789.9
2444,654,3951.3
2445,654,3651.1
2446,654,3934.5
2447,654,3988.7
2448,654,3208.1
2449,654,3884.7
2450,654,3981.1
2451,654,3899.1
2452,654,3981.1
2453,654,3323.5
2454,654,4051.0
2455,654,3656.0
2456,654,3965.9
2457,654,4002.8
2458,654,3940.7
2459,654,3163.0
2460,654,3829.1
2461,654,3153.8
2462,654,3872.8
2463,654,3987.3
2464,654,3952.3
2465,654,3168.4
2466,654,3871.3
2467,654,3900.6
2468,654,3239.1
2469,654,3838.1
2470,654,3956.2
2471,654,3192.4
2472,654,3841.5
2473,654,3961.0
2474,654,3189.1
2475,654,3861.4
2476,654,3942.9
2477,654,3986.0
2478,654,4002.7
2479,654,3950.8
2480,654,3191.5
2481,654,4197.7
2482,654,3741.5
2483,654,3949.7
2484,654,3914.7
2485,654,4028.6
2486,654,4013.1
2487,654,3879.5
2488,654,3158.9
2489,654,3928.5
2490,654,3967.7
2491,654,4014.2
2492,654,3978.9
2493,654,3936.2
2494,654,3253.6
2495,654,3805.9
2496,654,4026.1
2497,654,3912.5
2498,654,3289.6
2499,654,3810.0
2500,654,3992.8
2501,654,3990.8
2502,654,4323.6
2503,654,3704.2
2504,654,3869.0
2505,654,3980.7
2506,654,4061.8
2507,654,4017.4
2508,654,3995.4
2509,654,4258.0
2510,654,3743.5
2511,654,3933.7
2512,654,4295.1
2513,654,3838.1
2514,654,3799.7
2515,654,4109.9
2516,654,3950.0
2517,654,4039.3
2518,654,3862.6
2519,654,3973.1
2520,654,3185.8
2521,654,3914.1
2522,654,3933.7
2523,654,4086.0
2524,654,3884.8
2525,654,3965.7
2526,654,4065.1
2527,654,3965.7
2528,654,3942.8
2529,654,3229.2
2530,654,4214.1
2531,654,3628.5
2532,654,3965.8
2533,654,3945.4
2534,654,3106.6
2535,654,4034.8
2536,654,3954.0
2537,654,4235.9
2538,654,3772.4
2539,654,4147.0
2540,654,3824.6
2541,654,4219.0
2542,654,3791.8
2543,654,3887.0
2544,654,4252.5
2545,654,4086.8
2546,654,3985.8
2547,654,3721.3
2548,654,3921.5
2549,654,4245.1
2550,654,3928.1
2551,654,3791.7
2552,654,3927.3
2553,654,3295.9
2554,654,3798.4
2555,654,3986.1
2556,654,3905.3
2557,654,3232.5
2558,654,3864.5
2559,654,3915.3
2560,654,4043.0
2561,654,3992.3
2562,654,3991.6
2563,654,3998.0
2564,654,3993.0
2565,654,4009.2
2566,654,3935.3
2567,654,4430.7
2568,654,4048.2
2569,654,3892.2
2570,654,3729.8
2571,654,4154.9
2572,654,3795.3
2573,654,3993.9
2574,654,3964.8
2575,654,4010.5
2576,654,3902.0
2577,654,4014.7
2578,654,4017.7
2579,654,3925.0
2580,654,3317.7
2581,654,3738.6
2582,654,3903.9
2583,654,3218.7
2584,654,3831.0
2585,654,4047.3
2586,654,4217.0
2587,654,3793.4
2588,654,3908.3
2589,654,3937.1
2590,654,3170.2
2591,654,3846.9
2592,654,3159.0
2593,654,3963.9
2594,654,3966.2
2595,654,3982.3
2596,654,3971.5
2597,654,3889.4
2598,654,3208.5
2599,654,3825.1
2600,654,4000.7
2601,654,3199.5
2602,654,3815.7
2603,654,3919.6
2604,654,3278.8
2605,654,3814.8
2606,654,3948.9
2607,654,4199.8
2608,654,4111.4
2609,654,4043.6
2610,654,4004.3
2611,654,3691.3
2612,654,4241.1
2613,654,3699.8
2614,654,3975.6
2615,654,3988.2
2616,654,4255.6
2617,654,4071.7
2618,654,3814.2
2619,654,3824.9
2620,654,3955.3
2621,654,4055.8
2622,654,4009.3
2623,654,3952.9
2624,654,4023.5
2625,654,3894.4
2626,654,3176.7
2627,654,4033.2
2628,654,3855.5
2629,654,4061.5
2630,654,4234.8
2631,654,3780.1
2632,654,4186.7
2633,654,3685.7
2634,654,3965.8
2635,654,4313.9
2636,654,3865.0
2637,654,3924.6
2638,654,4053.3
2639,654,4215.9
2640,654,3978.1
2641,654,3688.5
2642,654,4134.9
2643,654,3827.4
2644,654,4400.6
2645,654,3900.4
2646,654,4025.6
2647,654,3660.3
2648,654,3903.6
2649,654,4275.4
2650,654,4066.1
2651,654,4007.5
2652,654,3739.0
2653,654,4165.1
2654,654,3779.8
2655,654,4052.6
2656,654,3930.6
2657,654,3982.6
2658,654,3966.5
2659,654,3986.2
2660,654,3900.5
2661,654,3192.1
2662,654,3878.6
2663,654,3940.3
2664,654,3158.6
2665,654,3973.6
2666,654,3903.2
2667,654,4245.2
2668,654,3869.1
2669,654,3963.8
2670,654,3892.2
2671,654,4016.2
2672,654,4302.2
2673,654,4039.9
2674,654,3820.5
2675,654,4254.9
2676,654,4048.5
2677,654,3904.1
2678,654,3706.5
2679,654,4285.7
2680,654,3922.4
2681,654,4000.8
2682,654,3698.2
2683,654,4069.1
2684,654,3966.6
2685,654,3960.7
2686,654,3915.8
2687,654,4232.0
2688,654,3851.3
2689,654,3936.8
2690,654,3893.9
2691,654,4001.9
2692,654,4026.9
2693,654,3987.4
2694,654,3899.5
2695,654,3270.5
2696,654,3870.1
2697,654,3981.8
2698,654,3887.7
2699,654,3154.7
2700,654,3877.8
2701,654,3949.5
2702,654,3150.7
2703,654,3851.1
2704,654,3176.5
2705,654,3859.9
2706,654,3979.9
2707,654,3908.2
2708,654,3194.7
2709,654,3899.7
2710,654,3925.7
2711,654,3146.4
2712,654,3867.6
2713,654,3980.1
2714,654,3144.7
2715,654,3898.7
2716,654,3935.2
2717,654,3164.7
2718,654,3825.5
2719,654,4015.6
2720,654,3990.5
2721,654,3937.9
2722,654,3192.7
2723,654,3846.7
2724,654,3968.1
2725,654,3147.7
2726,654,3848.3
2727,654,3095.0
2728,654,3919.1
2729,654,3963.1
2730,654,3153.6
2731,654,3857.0
2732,654,3968.6
2733,654,3161.0
2734,654,3851.5
2735,654,3954.0
2736,654,3154.9
2737,654,3858.9
2738,654,4050.1
2739,654,3980.3
2740,654,3929.1
2741,654,3179.3
2742,654,3919.9
2743,654,3915.8
2744,654,3980.1
2745,654,3109.8
2746,654,4030.3
2747,654,4001.0
2748,654,3880.7
2749,654,3986.9
2750,654,4023.4
2751,654,3936.9
2752,654,4058.4
2753,654,3868.5
2754,654,3137.0
2755,654,3862.6
2756,654,3214.8
2757,654,3803.1
2758,654,3249.4
2759,654,3752.6
2760,654,3227.0
2761,654,3845.7
2762,654,3984.4
2763,654,4022.8
2764,654,3918.3
2765,654,3933.3
2766,654,3284.6
2767,654,3823.8
2768,654,3988.1
2769,654,3919.2
2770,654,3150.7
2771,654,3948.2
2772,654,3919.4
2773,654,4043.3
2774,654,3929.4
2775,654,3943.3
2776,654,3230.6
2777,654,3885.9
2778,654,3948.4
2779,654,4017.2
2780,654,4013.0
2781,654,3961.1
2782,654,4301.2
2783,654,4059.9
2784,654,4039.5
2785,654,3674.9
2786,654,3977.6
2787,654,3951.3
2788,654,3980.3
2789,654,4266.3
2790,654,3773.3
2791,654,3984.9
2792,654,3839.6
2793,654,3177.3
2794,654,3809.9
2795,654,3132.6
2796,654,3941.9
2797,654,3893.1
2798,654,3207.0
2799,654,3829.2
2800,654,3216.8
2801,654,3782.6
2802,654,4285.9
2803,654,3806.0
2804,654,4069.9
2805,654,4257.9
2806,654,4021.3
2807,654,3595.3
2808,654,3942.2
2809,654,4018.7
2810,654,3987.3
2811,654,3997.8
2812,654,3998.2
2813,654,3919.0
2814,654,3150.3
2815,654,3871.9
2816,654,3927.9
2817,654,3131.8
2818,654,3857.5
2819,654,3176.5
2820,654,3858.0
2821,654,3119.5
2822,654,3831.2
2823,654,3205.8
2824,654,3840.5
2825,654,3969.1
2826,654,3253.5
2827,654,3835.2
2828,654,3977.0
2829,654,3944.7
2830,654,4021.4
2831,654,4057.1
2832,654,4037.8
2833,654,3974.1
2834,654,4203.7
2835,654,4129.1
2836,654,3704.5
2837,654,3907.2
2838,654,3954.8
2839,654,3908.0
2840,654,3480.5
2841,654,3756.0
2842,654,3917.5
2843,654,3828.4
2844,654,4410.4
2845,654,3709.0
2846,654,4285.3
2847,654,3944.1
2848,654,3816.7
2849,654,4147.4
2850,654,3925.3
2851,654,4080.8
2852,654,3985.3
2853,654,3899.1
2854,654,3793.3
2855,654,3999.1
2856,654,3979.7
2857,654,3900.9
2858,654,3104.6
2859,654,3865.7
2860,654,3127.9
2861,654,3943.1
2862,654,3886.6
2863,654,3210.3
2864,654,4184.1
2865,654,3724.8
2866,654,3912.5
2867,654,4047.9
2868,654,4310.7
2869,654,4044.7
2870,654,3704.1
2871,654,4316.1
2872,654,3648.8
2873,654,4006.5
2874,654,3990.8
2875,654,3910.0
2876,654,4037.1
2877,654,4239.4
2878,654,3712.4
2879,654,4224.2
2880,654,3960.5
2881,654,4093.7
2882,654,3755.7
2883,654,3975.0
2884,654,3969.8
2885,654,4086.8
2886,654,4168.3
2887,654,3713.2
2888,654,3992.1
2889,654,4230.9
2890,654,4118.9
2891,654,3922.2
2892,654,3750.9
2893,654,3878.8
2894,654,3939.0
2895,654,4097.9
2896,654,3954.1
2897,654,4184.9
2898,654,4113.9
2899,654,3853.8
2900,654,3971.0
2901,654,4132.2
2902,654,4006.1
2903,654,3998.0
2904,654,4046.0
2905,654,3847.1
2906,654,3774.1
2907,654,5191.0
2908,654,4077.8
2909,654,4017.8
2910,654,3939.5
2911,654,3839.6
2912,654,4169.0
2913,654,4064.8
2914,654,3984.7
2915,654,3991.5
2916,654,3857.7
2917,654,4182.9
2918,654,3693.0
2919,654,4174.6
2920,654,4082.6
2921,654,3946.1
2922,654,3973.4
2923,654,3672.7
2924,654,4209.6
2925,654,3817.7
2926,654,4068.4
2927,654,3820.1
2928,654,4397.1
2929,654,3717.0
2930,654,4050.5
2931,654,4138.9
2932,654,3785.1
2933,654,3918.3
2934,654,4253.2
2935,654,4243.0
2936,654,3566.3
2937,654,4000.8
2938,654,3838.8
2939,654,4037.2
2940,654,4227.8
2941,654,3824.6
2942,654,4082.0
2943,654,4110.9
2944,654,3814.4
2945,654,3894.7
2946,654,3909.6
2947,654,3205.3
2948,654,4892.2
2949,654,4049.2
2950,654,4198.2
2951,654,3888.0
2952,654,3841.2
2953,654,3986.6
2954,654,4213.6
2955,654,3823.2
2956,654,3837.7
2957,654,3218.0
2958,654,3927.5
2959,654,4208.4
2960,654,3770.3
2961,654,3933.7
2962,654,3966.7
2963,654,3994.5
2964,654,3997.4
2965,654,3927.1
2966,654,3223.8
2967,654,3807.4
2968,654,4449.3
2969,654,3624.1
2970,654,3854.5
2971,654,3181.9
2972,654,3837.3
2973,654,3941.9
2974,654,3152.2
2975,654,3852.2
2976,654,3157.5
2977,654,3863.5
2978,654,3945.2
2979,654,3197.8
2980,654,3828.1
2981,654,3990.9
2982,654,3968.6
2983,654,3142.2
2984,654,3877.9
2985,654,3937.0
2986,654,3157.4
2987,654,3838.9
2988,654,3187.3
2989,654,3861.7
2990,654,3947.3
2991,654,3142.8
2992,654,3911.0
2993,654,3934.0
2994,654,3986.0
2995,654,3633.4
2996,654,3775.9
2997,654,3760.6
2998,654,3830.7
2999,654,3919.4
3000,654,3980.1
3001,654,3129.2
3002,654,3892.8
3003,654,4291.7
3004,654,4110.4
3005,654,3985.2
3006,654,3630.8
3007,654,4222.6
3008,654,3733.1
3009,654,4272.7
3010,654,4052.5
3011,654,3819.2
3012,654,4133.6
3013,654,3798.9
3014,654,3912.6
3015,654,3996.3
3016,654,3977.6
3017,654,4028.4
3018,654,4048.3
3019,654,4202.1
3020,654,4178.3
3021,654,3826.8
3022,654,3671.2
3023,654,4202.7
3024,654,3851.2
3025,654,3987.4
3026,654,3863.0
3027,654,4374.7
3028,654,4006.8
3029,654,4115.0
3030,654,4955.6
3031,654,3926.0
3032,654,3961.3
3033,654,3705.0
3034,654,4264.5
3035,654,3930.7
3036,654,4066.8
3037,654,3662.2
3038,654,3936.5
3039,654,3158.2
3040,654,3947.8
3041,654,3891.9
3042,654,3995.8
3043,654,3965.0
3044,654,3216.9
3045,654,3906.8
3046,654,3871.0
3047,654,3212.6
3048,654,3774.7
3049,654,3241.6
3050,654,3799.7
3051,654,3936.4
3052,654,3118.0
3053,654,3865.3
3054,654,3174.0
3055,654,3886.6
3056,654,3983.4
3057,654,3983.0
3058,654,3986.6
3059,654,3960.9
3060,654,3253.1
3061,654,3855.3
3062,654,3871.1
3063,654,3155.3
3064,654,3941.9
3065,654,3909.4
3066,654,4036.3
3067,654,4270.7
3068,654,3783.2
3069,654,4238.0
3070,654,3839.0
3071,654,3856.9
3072,654,3908.1
3073,654,3982.3
3074,654,3314.0
3075,654,3733.1
3076,654,3940.6
3077,654,3177.5
3078,654,3918.0
3079,654,3919.4
3080,654,4040.5
3081,654,3884.6
3082,654,3224.5
3083,654,3821.2
3084,654,3216.0
3085,654,3776.0
3086,654,3243.5
3087,654,3802.5
3088,654,3995.1
3089,654,3913.5
3090,654,3139.2
3091,654,3892.1
3092,654,4033.3
3093,654,3899.7
3094,654,3162.3
3095,654,3900.4
3096,654,4018.2
3097,654,3888.2
3098,654,3206.9
3099,654,3857.8
3100,654,3977.2
3101,654,4310.5
3102,654,4105.9
3103,654,3860.5
3104,654,4016.3
3105,654,3653.4
3106,654,4054.5
3107,654,3962.1
3108,654,4299.1
3109,654,4116.3
3110,654,3927.3
3111,654,3762.9
3112,654,4047.0
3113,654,3898.3
3114,654,3922.5
3115,654,4222.2
3116,654,4090.2
3117,654,3801.6
3118,654,3802.4
3119,654,3948.0
3120,654,3230.0
3121,654,3844.0
3122,654,4000.7
3123,654,3999.2
3124,654,3983.9
3125,654,3922.7
3126,654,3225.3
3127,654,4159.6
3128,654,4072.5
3129,654,3944.0
3130,654,3827.1
3131,654,4117.7
3132,654,4078.5
3133,654,3930.7
3134,654,3987.8
3135,654,3665.0
3136,654,3868.9
3137,654,3574.2
3138,654,3487.3
3139,654,3975.5
3140,654,4001.2
3141,654,3929.6
3142,654,3325.4
3143,654,3952.4
3144,654,4120.4
3145,654,3945.5
3146,654,3922.0
3147,654,3847.2
3148,654,4013.3
3149,654,4217.0
3150,654,4041.9
3151,654,3995.0
3152,654,3726.3
3153,654,4235.9
3154,654,3756.9
3155,654,4402.9
3156,654,3858.2
3157,654,3713.1
3158,654,3921.4
3159,654,4022.4
3160,654,3939.8
3161,654,3948.4
3162,654,3186.6
3163,654,3794.2
3164,654,3151.9
3165,654,3925.7
3166,654,3959.3
3167,654,3938.1
3168,654,3162.4
3169,654,3860.9
3170,654,4051.0
3171,654,3861.9
3172,654,3268.7
3173,654,3819.8
3174,654,3932.2
3175,654,3134.8
3176,654,3960.5
3177,654,4022.6
3178,654,3964.0
3179,654,4032.4
3180,654,3954.3
3181,654,3997.1
3182,654,3875.8
3183,654,3129.3
3184,654,3896.5
3185,654,4060.7
3186,654,4253.9
3187,654,3800.1
3188,654,3889.2
3189,654,3924.5
3190,654,3153.8
3191,654,3878.0
3192,654,4026.9
3193,654,4026.6
3194,654,4347.9
3195,654,3686.0
3196,654,3966.7
3197,654,4011.3
3198,654,4222.7
3199,654,3875.1
3200,654,3875.4
3201,654,3991.2
3202,654,3916.0
3203,654,3979.0
3204,654,3988.6
3205,654,3955.4
3206,654,3103.8
3207,654,3881.2
3208,654,3257.4
3209,654,3736.4
3210,654,3686.4
3211,654,3644.5
3212,654,3713.1
3213,654,3925.6
3214,654,3977.5
3215,654,3168.9
3216,654,3802.5
3217,654,3135.8
3218,654,3871.1
3219,654,3212.0
3220,654,3860.4
3221,654,3951.8
3222,654,4028.3
3223,654,3983.9
3224,654,3945.9
3225,654,4063.1
3226,654,3940.8
3227,654,3972.0
3228,654,3143.1
3229,654,3879.1
3230,654,3928.0
3231,654,3189.4
3232,654,3867.5
3233,654,3944.9
3234,654,3198.1
3235,654,3949.8
3236,654,3869.1
3237,654,3957.5
3238,654,3187.0
3239,654,3870.0
3240,654,3975.1
3241,654,3947.4
3242,654,3131.5
3243,654,3870.7
3244,654,3968.8
3245,654,3166.3
3246,654,3803.4
3247,654,3143.9
3248,654,3881.4
3249,654,3155.5
3250,654,3888.8
3251,654,3952.2
3252,654,3965.3
3253,654,3992.3
3254,654,3123.5
3255,654,3976.4
3256,654,4293.1
3257,654,4022.9
3258,654,4034.0
3259,654,3653.2
3260,654,4204.0
3261,654,3887.8
3262,654,4119.3
3263,654,4031.5
3264,654,3964.5
3265,654,4057.8
3266,654,3930.4
3267,654,3988.8
3268,654,3744.8
3269,654,4109.1
3270,654,3996.2
3271,654,4109.8
3272,654,3741.3
3273,654,4030.3
3274,654,3844.2
3275,654,3952.7
3276,654,4090.3
3277,654,3859.6
3278,654,3204.4
3279,654,3925.3
3280,654,4278.2
3281,654,3756.0
3282,654,3991.2
3283,654,4193.6
3284,654,3797.8
3285,654,4071.4
3286,654,3868.0
3287,654,4235.2
3288,654,4154.1
3289,654,3585.6
3290,654,3986.0
3291,654,4281.1
3292,654,3855.1
3293,654,4102.1
3294,654,4225.8
3295,654,3832.6
3296,654,3815.4
3297,654,4128.5
3298,654,4070.1
3299,654,3696.8
3300,654,3827.6
3301,654,4035.6
3302,654,4287.6
3303,654,3830.7
3304,654,4178.9
3305,654,3755.6
3306,654,3870.1
3307,654,3965.9
3308,654,3230.4
3309,654,3850.1
3310,654,3879.0
3311,654,3222.7
3312,654,3843.6
3313,654,4028.4
3314,654,3937.5
3315,654,3964.8
3316,654,3360.9
3317,654,3824.8
3318,654,3922.2
3319,654,4331.8
3320,654,3687.3
3321,654,3859.4
3322,654,4041.1
3323,654,4001.6
3324,654,3913.3
3325,654,3163.1
3326,654,3850.1
3327,654,3228.7
3328,654,3855.0
3329,654,3976.9
3330,654,4070.6
3331,654,3856.3
3332,654,4023.5
3333,654,4418.5
3334,654,3620.8
3335,654,4041.6
3336,654,4243.9
3337,654,3805.9
3338,654,3973.6
3339,654,3838.7
3340,654,4335.1
3341,654,3749.8
3342,654,4278.9
3343,654,3960.0
3344,654,3800.6
3345,654,4131.4
3346,654,3732.6
3347,654,4295.1
3348,654,4068.5
3349,654,3928.0
3350,654,3961.1
3351,654,3730.5
3352,654,4280.1
3353,654,3708.6
3354,654,4195.6
3355,654,4026.1
3356,654,4044.7
3357,654,3964.4
3358,654,3904.4
3359,654,4060.2
3360,654,4011.9
3361,654,3983.3
3362,654,4063.6
3363,654,3710.5
3364,654,3864.7
3365,654,3915.0
3366,654,4067.0
3367,654,4303.0
3368,654,3803.2
3369,654,3964.2
3370,654,3826.7
3371,654,3491.6
3372,654,3579.5
3373,654,3910.4
3374,654,3438.0
3375,654,3973.8
3376,654,3811.8
3377,654,4106.4
3378,654,3867.4
3379,654,3932.6
3380,654,3937.8
3381,654,3978.3
3382,654,4248.8
3383,654,3715.7
3384,654,3979.8
3385,654,4224.5
3386,654,3838.9
3387,654,3946.5
3388,654,3912.7
3389,654,4024.1
3390,654,4021.2
3391,654,3895.2
3392,654,3307.8
3393,654,3814.4
3394,654,3967.9
3395,654,3915.0
3396,654,4045.8
3397,654,3893.5
3398,654,3211.5
3399,654,4030.7
3400,654,3816.4
3401,654,4050.5
3402,654,4002.4
3403,654,4143.3
3404,654,3968.0
3405,654,3944.4
3406,654,3867.6
3407,654,4259.4
3408,654,3830.3
3409,654,3892.8
3410,654,3891.8
3411,654,3305.5
3412,654,3754.9
3413,654,3968.8
3414,654,3968.7
3415,654,3170.5
3416,654,3851.6
3417,654,4018.8
3418,654,3985.1
3419,654,3914.5
3420,654,3144.1
3421,654,3947.8
3422,654,3894.0
3423,654,3129.2
3424,654,4008.2
3425,654,4256.2
3426,654,3871.9
3427,654,3878.2
3428,654,3853.6
3429,654,3145.9
3430,654,3859.8
3431,654,4301.4
3432,654,3773.2
3433,654,3998.4
3434,654,4273.4
3435,654,3687.2
3436,654,3992.2
3437,654,4294.3
3438,654,4009.0
3439,654,3738.7
3440,654,3969.2
3441,654,4019.7
3442,654,3879.9
3443,654,4027.5
3444,654,4023.6
3445,654,4038.2
3446,654,4002.9
3447,654,3862.4
3448,654,4085.3
3449,654,3920.1
3450,654,4039.7
3451,654,4252.0
3452,654,4075.8
3453,654,3814.6
3454,654,3796.3
3455,654,3996.4
3456,654,4017.2
3457,654,3894.5
3458,654,3237.9
3459,654,3873.6
3460,654,3987.7
3461,654,3874.3
3462,654,3260.5
3463,654,3773.3
3464,654,4044.8
3465,654,3916.7
3466,654,3223.1
3467,654,3873.1
3468,654,4032.5
3469,654,3948.2
3470,654,4260.7
3471,654,4051.7
3472,654,3736.5
3473,654,4192.8
3474,654,3763.9
3475,654,4258.6
3476,654,3738.0
3477,654,4215.9
3478,654,4014.1
3479,654,3821.6
3480,654,4210.9
3481,654,4081.9
3482,654,3647.1
3483,654,4159.4
3484,654,3730.7
3485,654,4250.3
3486,654,3724.6
3487,654,4273.1
3488,654,3738.5
3489,654,3911.0
3490,654,3986.6
3491,654,3944.1
3492,654,3294.7
3493,654,3743.9
3494,654,3905.1
3495,654,3166.3
3496,654,3853.0
3497,654,3329.3
3498,654,3701.7
3499,654,3939.4
3500,654,3112.8
3501,654,3898.6
3502,654,3979.7
3503,654,3128.5
3504,654,3890.1
3505,654,3918.3
3506,654,3181.2
3507,654,3902.5
3508,654,3941.8
3509,654,3164.5
3510,654,3849.5
3511,654,3951.8
3512,654,3157.8
3513,654,3881.3
3514,654,3988.2
3515,654,4036.2
3516,654,3988.6
3517,654,3933.2
3518,654,4007.6
3519,654,3965.5
3520,654,3158.5
3521,654,3875.4
3522,654,3952.4
3523,654,3163.0
3524,654,3852.7
3525,654,3943.5
3526,654,3290.4
3527,654,3915.7
3528,654,3860.3
3529,654,4066.8
3530,654,3965.4
3531,654,4047.2
3532,654,3991.3
3533,654,4024.0
3534,654,3865.9
3535,654,4015.5
3536,654,3984.8
3537,654,3944.9
3538,654,3998.7
3539,654,3958.9
3540,654,3233.6
3541,654,3857.7
3542,654,3918.9
3543,654,4349.7
3544,654,4013.6
3545,654,3784.1
3546,654,4194.9
3547,654,4003.4
3548,654,3748.4
3549,654,3894.3
3550,654,4285.8
3551,654,3705.1
3552,654,3911.8
3553,654,3227.8
3554,654,3888.3
3555,654,4162.0
3556,654,4091.4
3557,654,3812.1
3558,654,4161.4
3559,654,3754.6
3560,654,3948.5
3561,654,3935.2
3562,654,3977.8
3563,654,4051.3
3564,654,3922.9
3565,654,4159.7
3566,654,3932.3
3567,654,3944.5
3568,654,3979.5
3569,654,3953.3
3570,654,3973.6
3571,654,3168.7
3572,654,3881.4
3573,654,4030.0
3574,654,3915.9
3575,654,3599.5
3576,654,3834.5
3577,654,3616.3
3578,654,4026.1
3579,654,4030.1
3580,654,3862.1
3581,654,3132.6
3582,654,3850.9
3583,654,3218.2
3584,654,3993.2
3585,654,3807.0
3586,654,4022.8
3587,654,3990.4
3588,654,3994.6
3589,654,3938.4
3590,654,3138.7
3591,654,4032.6
3592,654,3913.5
3593,654,3982.4
3594,654,3990.6
3595,654,3854.3
3596,654,3174.5
3597,654,4220.1
3598,654,4055.8
3599,654,3976.1
3600,654,3782.0
3601,654,4169.1
3602,654,3761.0
3603,654,3891.0
3604,654,3947.8
3605,654,3226.3
3606,654,3904.8
3607,654,4224.7
3608,654,3770.0
3609,654,3989.1
3610,654,4281.5
3611,654,3970.2
3612,654,3981.3
3613,654,4008.7
3614,654,4044.3
3615,654,3934.8
3616,654,3734.7
3617,654,4187.6
3618,654,4044.8
3619,654,3992.7
3620,654,4057.5
3621,654,3848.8
3622,654,3808.4
3623,654,3936.7
3624,654,4251.4
3625,654,3861.6
3626,654,3879.7
3627,654,3981.5
3628,654,3856.2
3629,654,3181.3
3630,654,3848.9
3631,654,3141.3
3632,654,3843.2
3633,654,3224.9
3634,654,3809.6
3635,654,3906.2
3636,654,3457.4
3637,654,3995.1
3638,654,3733.1
3639,654,4198.2
3640,654,3736.1
3641,654,4396.9
3642,654,3998.2
3643,654,3749.7
3644,654,4102.6
3645,654,4058.0
3646,654,3882.6
3647,654,4023.0
3648,654,4062.2
3649,654,3716.2
3650,654,3866.2
3651,654,4039.8
3652,654,3970.3
3653,654,3989.5
3654,654,3892.8
3655,654,3262.8
3656,654,3882.1
3657,654,4003.7
3658,654,4171.8
3659,654,3792.5
3660,654,4238.9
3661,654,4020.8
3662,654,3992.4
3663,654,3978.0
3664,654,3762.1
3665,654,4244.8
3666,654,4065.5
3667,654,3663.6
3668,654,3960.6
3669,654,3943.2
3670,654,4229.7
3671,654,3875.3
3672,654,4154.3
3673,654,4035.2
3674,654,3982.8
3675,654,3985.8
3676,654,4097.6
3677,654,3604.8
3678,654,3931.0
3679,654,3956.6
3680,654,4074.1
3681,654,3999.0
3682,654,3855.5
3683,654,3181.5
3684,654,3947.9
3685,654,3839.1
3686,654,3329.7
3687,654,3734.7
3688,654,4016.9
3689,654,3954.1
3690,654,3532.8
3691,654,3622.2
3692,654,4181.5
3693,654,3769.9
3694,654,4223.5
3695,654,3695.6
3696,654,3973.1
3697,654,4061.9
3698,654,4317.9
3699,654,3960.7
3700,654,3988.6
3701,654,3974.1
3702,654,3998.1
3703,654,3850.3
3704,654,4125.1
3705,654,3892.7
3706,654,4087.0
3707,654,4075.1
3708,654,3657.5
3709,654,4006.3
3710,654,4097.1
3711,654,3853.2
3712,654,4004.0
3713,654,4217.5
3714,654,3774.6
3715,654,3878.8
3716,654,4025.0
3717,654,3925.0
3718,654,3231.8
3719,654,3820.4
3720,654,4014.0
3721,654,3994.8
3722,654,3991.0
3723,654,3991.7
3724,654,3987.4
3725,654,4000.3
3726,654,4042.1
3727,654,4272.8
3728,654,4088.2
3729,654,3923.5
3730,654,3633.6
3731,654,3939.2
3732,654,3951.2
3733,654,3158.5
3734,654,3949.5
3735,654,4292.1
3736,654,3834.1
3737,654,3788.4
3738,654,3924.5
3739,654,3201.0
3740,654,3942.7
3741,654,3898.3
3742,654,3959.6
3743,654,3243.5
3744,654,3834.7
3745,654,3934.4
3746,654,3949.5
3747,654,3119.5
3748,654,3916.6
3749,654,3912.0
3750,654,3237.6
3751,654,3801.5
3752,654,3102.9
3753,654,3866.9
3754,654,3145.0
3755,654,3882.0
3756,654,3971.8
3757,654,3973.2
3758,654,3167.4
3759,654,3816.8
3760,654,3116.2
3761,654,3913.4
3762,654,3932.2
3763,654,3206.8
3764,654,3791.4
3765,654,3182.8
3766,654,3856.9
3767,654,3968.8
3768,654,3955.9
3769,654,3169.3
3770,654,3837.4
3771,654,3155.6
3772,654,3974.8
3773,654,4069.7
3774,654,3848.2
3775,654,3972.8
3776,654,3927.2
3777,654,3211.4
3778,654,3827.1
3779,654,3916.3
3780,654,3175.3
3781,654,3831.8
3782,654,3167.9
3783,654,3912.1
3784,654,3954.6
3785,654,4009.5
3786,654,4005.8
3787,654,3915.7
3788,654,3249.7
3789,654,3780.7
3790,654,3990.6
3791,654,4009.3
3792,654,3949.7
3793,654,3206.6
3794,654,3907.4
3795,654,3987.8
3796,654,3943.8
3797,654,4000.4
3798,654,3916.0
3799,654,3229.5
3800,654,3795.5
3801,654,4012.8
3802,654,4006.2
3803,654,3985.5
3804,654,4047.2
3805,654,3962.1
3806,654,3993.0
3807,654,3957.8
3808,654,3993.1
3809,654,3988.4
3810,654,3950.2
3811,654,3146.4
3812,654,3920.3
3813,654,3924.4
3814,654,3994.0
3815,654,3957.6
3816,654,3223.4
3817,654,3792.4
3818,654,3110.0
3819,654,3855.8
3820,654,3202.5
3821,654,3801.3
3822,654,3169.7
3823,654,3899.1
3824,654,4033.3
3825,654,3981.8
3826,654,3959.0
3827,654,3997.9
3828,654,3933.7
3829,654,3954.9
3830,654,3206.5
3831,654,3825.0
3832,654,3913.2
3833,654,3212.9
3834,654,3824.7
3835,654,3144.3
3836,654,3926.6
3837,654,3974.1
3838,654,3993.5
3839,654,3996.1
3840,654,3977.6
3841,654,4002.1
3842,654,3942.9
3843,654,4045.4
3844,654,3957.7
3845,654,4028.8
3846,654,4003.8
3847,654,3901.1
3848,654,3243.5
3849,654,3806.9
3850,654,4013.4
3851,654,4012.8
3852,654,3879.5
3853,654,3170.7
3854,654,3936.7
3855,654,3970.0
3856,654,3993.5
3857,654,4004.5
3858,654,3911.0
3859,654,3214.2
3860,654,3847.1
3861,654,3991.4
3862,654,4009.5
3863,654,3876.9
3864,654,3172.4
3865,654,3898.6
3866,654,3917.2
3867,654,3224.5
3868,654,3820.8
3869,654,4033.6
3870,654,4001.8
3871,654,3944.9
3872,654,4022.7
3873,654,3934.8
3874,654,3204.0
3875,654,3893.8
3876,654,3853.3
3877,654,3151.8
3878,654,3933.9
3879,654,3887.8
3880,654,3274.2
3881,654,3808.8
3882,654,3915.9
3883,654,3160.4
3884,654,3857.3
3885,654,3176.2
3886,654,3810.8
3887,654,3126.1
3888,654,3875.3
3889,654,3184.8
3890,654,3840.1
3891,654,4014.7
3892,654,3993.2
3893,654,3988.0
3894,654,3946.0
3895,654,3158.6
3896,654,3960.2
3897,654,3968.8
3898,654,3952.5
3899,654,3920.1
3900,654,4051.1
3901,654,3995.5
3902,654,3932.7
3903,654,3244.2
3904,654,3851.3
3905,654,4052.4
3906,654,3952.2
3907,654,3979.8
3908,654,3916.5
3909,654,4210.3
3910,654,3808.1
3911,654,4027.5
3912,654,3998.1
3913,654,4131.2
3914,654,3944.1
3915,654,3992.1
3916,654,4213.1
3917,654,4008.8
3918,654,3991.0
3919,654,3981.1
3920,654,3835.0
3921,654,4123.5
3922,654,4059.7
3923,654,3975.0
3924,654,4006.8
3925,654,3950.3
3926,654,3991.1
3927,654,3820.4
3928,654,4131.7
3929,654,3745.8
3930,654,4252.7
3931,654,4662.6
3932,654,3913.5
3933,654,3259.5
3934,654,3786.3
3935,654,4030.8
3936,654,3969.1
3937,654,4023.1
3938,654,3915.6
3939,654,3153.1
3940,654,3944.7
3941,654,3964.8
3942,654,3905.4
3943,654,3196.9
3944,654,3914.7
3945,654,3903.5
3946,654,3974.5
3947,654,3158.7
3948,654,3897.7
3949,654,3914.4
3950,654,3125.5
3951,654,3961.5
3952,654,3970.2
3953,654,4005.0
3954,654,3927.0
3955,654,4008.4
3956,654,3974.0
3957,654,4047.0
3958,654,3890.7
3959,654,3144.9
3960,654,3949.4
3961,654,3893.6
3962,654,3244.5
3963,654,3879.7
3964,654,3971.2
3965,654,3911.9
3966,654,3211.4
3967,654,3803.3
3968,654,4025.2
3969,654,4014.6
3970,654,3879.3
3971,654,3202.5
3972,654,3925.6
3973,654,3953.6
3974,654,3989.0
3975,654,3909.8
3976,654,3179.8
3977,654,3929.8
3978,654,3949.9
3979,654,4004.3
3980,654,3924.3
3981,654,3222.1
3982,654,3885.3
3983,654,3950.6
3984,654,3985.1
3985,654,3914.9
3986,654,3224.5
3987,654,3845.5
3988,654,3928.4
3989,654,3179.7
3990,654,3930.8
3991,654,3925.1
3992,654,4023.2
3993,654,4001.9
3994,654,3962.5
3995,654,3998.5
3996,654,3905.3
3997,654,3219.6
3998,654,3856.8
3999,654,3910.7
4000,654,3286.5
4001,654,3741.8
4002,654,4011.8
4003,654,4009.1
4004,654,3996.1
4005,654,4000.0
4006,654,4014.5
4007,654,3907.5
4008,654,3969.0
4009,654,3236.2
4010,654,3778.7
4011,654,3329.4
4012,654,3715.7
4013,654,3979.3
4014,654,3929.4
4015,654,3960.2
4016,654,3107.4
4017,654,3879.2
4018,654,3119.8
4019,654,3873.9
4020,654,3122.1
4021,654,3857.0
4022,654,3157.4
4023,654,3884.3
4024,654,3951.9
4025,654,3926.4
4026,654,3286.3
4027,654,3764.4
4028,654,3926.8
4029,654,3191.7
4030,654,3836.1
4031,654,3168.6
4032,654,3839.3
4033,654,3914.6
4034,654,3243.0
4035,654,3839.6
4036,654,3937.2
4037,654,3152.5
4038,654,3834.4
4039,654,3150.6
4040,654,3824.2
4041,654,3129.4
4042,654,3874.9
4043,654,3108.3
4044,654,3875.8
4045,654,3106.8
4046,654,3864.1
4047,654,3170.1
4048,654,3957.4
4049,654,3858.6
4050,654,3228.8
4051,654,3809.4
4052,654,3952.2
4053,654,3138.9
4054,654,3903.5
4055,654,3905.7
4056,654,3218.2
4057,654,3865.8
4058,654,3973.6
4059,654,4066.1
4060,654,4022.9
4061,654,3859.4
4062,654,4000.9
4063,654,4396.5
4064,654,3717.9
4065,654,3896.6
4066,654,3941.1
4067,654,3185.6
4068,654,3791.1
4069,654,3248.9
4070,654,3869.8
4071,654,3882.2
4072,654,3186.9
4073,654,3917.6
4074,654,3986.4
4075,654,3931.9
4076,654,4022.9
4077,654,3920.5
4078,654,3151.0
4079,654,3947.7
4080,654,3990.7
4081,654,3968.2
4082,654,3881.7
4083,654,3215.8
4084,654,3818.0
4085,654,3145.1
4086,654,3862.3
4087,654,4042.3
4088,654,3873.4
4089,654,3121.7
4090,654,3970.3
4091,654,3986.8
4092,654,4023.9
4093,654,3998.9
4094,654,3991.9
4095,654,3966.8
4096,654,3947.5
4097,654,3229.4
4098,654,3804.1
4099,654,4029.4
4100,654,4004.3
4101,654,3966.9
4102,654,4001.6
4103,654,3976.2
4104,654,3957.1
4105,654,3226.9
4106,654,3817.0
4107,654,4039.4
4108,654,3998.5
4109,654,3991.5
4110,654,3993.9
4111,654,3914.2
4112,654,3963.9
4113,654,3111.8
4114,654,3987.6
4115,654,4012.1
4116,654,4334.5
4117,654,3666.0
4118,654,3949.0
4119,654,3936.9
4120,654,4012.6
4121,654,4226.9
4122,654,3850.3
4123,654,4190.3
4124,654,3731.2
4125,654,4212.7
4126,654,4035.9
4127,654,3943.9
4128,654,3900.1
4129,654,3856.6
4130,654,3981.4
4131,654,3939.5
4132,654,3971.7
4133,654,4015.9
4134,654,3934.3
4135,654,4055.9
4136,654,3991.7
4137,654,3903.2
4138,654,3224.8
4139,654,3874.6
4140,654,3965.3
4141,654,4045.0
4142,654,3950.3
4143,654,3943.0
4144,654,3119.9
4145,654,3891.0
4146,654,3989.4
4147,654,4038.4
4148,654,3895.1
4149,654,3159.6
4150,654,3936.0
4151,654,3888.5
4152,654,3148.2
4153,654,3901.4
4154,654,3911.9
4155,654,3242.7
4156,654,3835.2
4157,654,4004.8
4158,654,3930.3
4159,654,3228.7
4160,654,3816.1
4161,654,3991.5
4162,654,4006.6
4163,654,3994.5
4164,654,4002.9
4165,654,3927.4
4166,654,4046.9
4167,654,4005.8
4168,654,3880.7
4169,654,3165.5
4170,654,3931.9
4171,654,3983.2
4172,654,3997.3
4173,654,3954.0
4174,654,3985.5
4175,654,3941.8
4176,654,3207.7
4177,654,3878.1
4178,654,4003.6
4179,654,3962.0
4180,654,4015.4
4181,654,3934.4
4182,654,4040.0
4183,654,3909.5
4184,654,3232.4
4185,654,3826.0
4186,654,4003.6
4187,654,3977.1
4188,654,3972.5
4189,654,4031.9
4190,654,3922.0
4191,654,3137.1
4192,654,3854.6
4193,654,3189.7
4194,654,3821.7
4195,654,3154.9
4196,654,3840.4
4197,654,3944.0
4198,654,3184.9
4199,654,3942.7
4200,654,3941.3
4201,654,4075.3
4202,654,3860.4
4203,654,3124.0
4204,654,3914.8
4205,654,4021.9
4206,654,3900.3
4207,654,3982.6
4208,654,4041.4
4209,654,3874.8
4210,654,3292.8
4211,654,3865.3
4212,654,3978.6
4213,654,3920.8
4214,654,3934.5
4215,654,3144.2
4216,654,3870.8
4217,654,3196.5
4218,654,3966.3
4219,654,3809.1
4220,654,3159.9
4221,654,3911.9
4222,654,3945.2
4223,654,3924.0
4224,654,3133.7
4225,654,3920.7
4226,654,3926.1
4227,654,3142.6
4228,654,4005.4
4229,654,3973.0
4230,654,3968.8
4231,654,3912.4
4232,654,3234.7
4233,654,3863.3
4234,654,3961.7
4235,654,4005.2
4236,654,3910.8
4237,654,3133.5
4238,654,3840.9
4239,654,3235.2
4240,654,3845.9
4241,654,3972.2
4242,654,4160.2
4243,654,4081.4
4244,654,3843.9
4245,654,4181.2
4246,654,4027.9
4247,654,3793.3
4248,654,3825.3
4249,654,3505.0
4250,654,3907.5
4251,654,3805.8
4252,654,4238.7
4253,654,3619.7
4254,654,4261.7
4255,654,4010.3
4256,654,3807.3
4257,654,3943.1
4258,654,3881.0
4259,654,4123.5
4260,654,3827.0
4261,654,3951.5
4262,654,3184.1
4263,654,3874.9
4264,654,3997.5
4265,654,3973.3
4266,654,3987.1
4267,654,3950.0
4268,654,3108.2
4269,654,3939.8
4270,654,3936.6
4271,654,3156.6
4272,654,3889.7
4273,654,3962.9
4274,654,3953.1
4275,654,3172.0
4276,654,3858.6
4277,654,3967.1
4278,654,3943.7
4279,654,3273.7
4280,654,3778.8
4281,654,3994.1
4282,654,3976.1
4283,654,4000.0
4284,654,3994.5
4285,654,3937.7
4286,654,3143.9
4287,654,4349.2
4288,654,3599.0
4289,654,3935.9
4290,654,3955.2
4291,654,3613.5
4292,654,3441.8
4293,654,3880.7
4294,654,3155.3
4295,654,3889.6
4296,654,3949.5
4297,654,3174.3
4298,654,3937.7
4299,654,3959.1
4300,654,4126.3
4301,654,3895.4
4302,654,3960.6
4303,654,3986.7
4304,654,3951.4
4305,654,4027.3
4306,654,4008.8
4307,654,3908.5
4308,654,3207.7
4309,654,3781.0
4310,654,3212.7
4311,654,3823.1
4312,654,3932.7
4313,654,3150.8
4314,654,3841.5
4315,654,3139.5
4316,654,3885.7
4317,654,3128.8
4318,654,3973.0
4319,654,3945.1
4320,654,4246.0
4321,654,3771.9
4322,654,3892.3
4323,654,3226.9
4324,654,3876.8
4325,654,3953.7
4326,654,4072.5
4327,654,3981.2
4328,654,3925.1
4329,654,3893.9
4330,654,3164.3
4331,654,3979.1
4332,654,3945.9
4333,654,4252.0
4334,654,4056.5
4335,654,3751.1
4336,654,3891.1
4337,654,4037.5
4338,654,4260.1
4339,654,4026.2
4340,654,3958.2
4341,654,4086.5
4342,654,3759.2
4343,654,4177.3
4344,654,3689.9
4345,654,3994.8
4346,654,3990.0
4347,654,4005.1
4348,654,4238.3
4349,654,3794.3
4350,654,3852.1
4351,654,4398.6
4352,654,3676.6
4353,654,3910.1
4354,654,3951.0
4355,654,3175.5
4356,654,3872.3
4357,654,4033.6
4358,654,3995.4
4359,654,3903.4
4360,654,3128.5
4361,654,3961.4
4362,654,3967.1
4363,654,4258.0
4364,654,3760.2
4365,654,3936.9
4366,654,3937.1
4367,654,3194.8
4368,654,3992.0
4369,654,3966.6
4370,654,4212.2
4371,654,4027.6
4372,654,3955.9
4373,654,4015.5
4374,654,3778.0
4375,654,4177.0
4376,654,4018.9
4377,654,4028.0
4378,654,3684.7
4379,654,3982.8
4380,654,4241.6
4381,654,3790.0
4382,654,4334.8
4383,654,3677.3
4384,654,3959.7
4385,654,3849.2
4386,654,4030.6
4387,654,4080.7
4388,654,3943.8
4389,654,4021.9
4390,654,3961.9
4391,654,4070.8
4392,654,3859.7
4393,654,3953.2
4394,654,3152.0
4395,654,3866.7
4396,654,3986.1
4397,654,4017.3
4398,654,3992.0
4399,654,3918.2
4400,654,3129.1
4401,654,3940.4
4402,654,3979.3
4403,654,4021.2
4404,654,3996.2
4405,654,3984.4
4406,654,3910.4
4407,654,3121.0
4408,654,3911.6
4409,654,4037.7
4410,654,3993.9
4411,654,3915.0
4412,654,3175.3
4413,654,3846.8
4414,654,4018.3
4415,654,3998.5
4416,654,3984.2
4417,654,3919.1
4418,654,3224.8
4419,654,3871.5
4420,654,3965.7
4421,654,4001.7
4422,654,3911.3
4423,654,3269.2
4424,654,3758.5
4425,654,4038.4
4426,654,3927.8
4427,654,3223.7
4428,654,3901.4
4429,654,3883.7
4430,654,3139.3
4431,654,3988.6
4432,654,3938.9
4433,654,4271.5
4434,654,4105.3
4435,654,3695.8
4436,654,3944.5
4437,654,3938.6
4438,654,3964.1
4439,654,3911.1
4440,654,3369.1
4441,654,3778.4
4442,654,3834.6
4443,654,3112.2
4444,654,3955.4
4445,654,4293.1
4446,654,3752.5
4447,654,4220.7
4448,654,3790.8
4449,654,4274.6
4450,654,3701.5
4451,654,3984.0
4452,654,3976.5
4453,654,4095.5
4454,654,4217.9
4455,654,3717.2
4456,654,3933.5
4457,654,3980.3
4458,654,3930.5
4459,654,4031.2
4460,654,4238.0
4461,654,3978.9
4462,654,4093.3
4463,654,4030.6
4464,654,3724.3
4465,654,3828.0
4466,654,3970.5
4467,654,3154.1
4468,654,3857.9
4469,654,3963.8
4470,654,3147.8
4471,654,3868.1
4472,654,3997.4
4473,654,4001.9
4474,654,3928.3
4475,654,3233.1
4476,654,3835.9
4477,654,3924.8
4478,654,3211.1
4479,654,3819.7
4480,654,4114.9
4481,654,3857.6
4482,654,3942.6
4483,654,3172.3
4484,654,3884.7
4485,654,3917.6
4486,654,3220.3
4487,654,4176.5
4488,654,4187.2
4489,654,3636.5
4490,654,3810.1
4491,654,3929.4
4492,654,3245.5
4493,654,4154.5
4494,654,3757.0
4495,654,3950.6
4496,654,3930.4
4497,654,4022.4
4498,654,3902.1
4499,654,3156.7
4500,654,3860.1
4501,654,3180.9
4502,654,3792.3
4503,654,3210.5
4504,654,3885.8
4505,654,3969.1
4506,654,3926.1
4507,654,3223.4
4508,654,3883.6
4509,654,3980.3
4510,654,3937.4
4511,654,3910.5
4512,654,3233.3
4513,654,3806.8
4514,654,3139.5
4515,654,3891.1
4516,654,4270.8
4517,654,4111.4
4518,654,3972.2
4519,654,3643.5
4520,654,4283.5
4521,654,3664.1
4522,654,3926.1
4523,654,3248.4
4524,654,3795.1
4525,654,3960.0
4526,654,3125.1
4527,654,3972.2
4528,654,3869.9
4529,654,3206.2
4530,654,3844.8
4531,654,3953.6
4532,654,3137.8
4533,654,3847.5
4534,654,3123.4
4535,654,4060.2
4536,654,3855.5
4537,654,3921.0
4538,654,3153.0
4539,654,3868.7
4540,654,3949.4
4541,654,3143.8
4542,654,3878.5
4543,654,4013.3
4544,654,3987.6
4545,654,4022.6
4546,654,3920.1
4547,654,3186.4
4548,654,3868.9
4549,654,3937.9
4550,654,3132.7
4551,654,3852.7
4552,654,3137.7
4553,654,3828.1
4554,654,3162.6
4555,654,3882.9
4556,654,3946.4
4557,654,3191.1
4558,654,3945.9
4559,654,4210.0
4560,654,4046.7
4561,654,3987.9
4562,654,3996.3
4563,654,4132.0
4564,654,3861.4
4565,654,3879.9
4566,654,3761.0
4567,654,4258.8
4568,654,3787.9
4569,654,3952.0
4570,654,3926.8
4571,654,4013.6
4572,654,3946.5
4573,654,3233.5
4574,654,3893.7
4575,654,4226.7
4576,654,4031.8
4577,654,4001.6
4578,654,4047.5
4579,654,3718.9
4580,654,3854.7
4581,654,3921.4
4582,654,3981.6
4583,654,3180.7
4584,654,4256.7
4585,654,3993.7
4586,654,3951.9
4587,654,4000.4
4588,654,3853.9
4589,654,3810.4
4590,654,4003.0
4591,654,3997.0
4592,654,3915.0
4593,654,3999.1
4594,654,4032.2
4595,654,3927.5
4596,654,3254.3
4597,654,3786.5
4598,654,3931.0
4599,654,3194.8
4600,654,3917.5
4601,654,3983.3
4602,654,3912.8
4603,654,3140.4
4604,654,3913.3
4605,654,4007.4
4606,654,3954.0
4607,654,4011.7
4608,654,3896.8
4609,654,3191.5
4610,654,3806.9
4611,654,3168.3
4612,654,3921.9
4613,654,3960.6
4614,654,3984.8
4615,654,4082.5
4616,654,4214.8
4617,654,3711.1
4618,654,4022.2
4619,654,4028.9
4620,654,3902.3
4621,654,4245.3
4622,654,4282.6
4623,654,3852.1
4624,654,3797.2
4625,654,4122.3
4626,654,3999.3
4627,654,3687.3
4628,654,4152.8
4629,654,4064.3
4630,654,4064.2
4631,654,3783.6
4632,654,4014.5
4633,654,4156.4
4634,654,4011.1
4635,654,3989.2
4636,654,3770.5
4637,654,4274.0
4638,654,3687.3
4639,654,4192.2
4640,654,3986.9
4641,654,3980.3
4642,654,4038.1
4643,654,3846.9
4644,654,3868.2
4645,654,4057.5
4646,654,3949.0
4647,654,4286.2
4648,654,3934.4
4649,654,4009.8
4650,654,3780.0
4651,654,3924.0
4652,654,3923.7
4653,654,4301.0
4654,654,3799.4
4655,654,3943.4
4656,654,3995.4
4657,654,4085.7
4658,654,4156.6
4659,654,4106.2
4660,654,3567.6
4661,654,3937.6
4662,654,3989.1
4663,654,4310.3
4664,654,3833.7
4665,654,4035.8
4666,654,3982.8
4667,654,3920.3
4668,654,3951.1
4669,654,3951.4
4670,654,3983.4
4671,654,4010.4
4672,654,4288.8
4673,654,4019.0
4674,654,3991.2
4675,654,3669.9
4676,654,3937.9
4677,654,4061.2
4678,654,4018.9
4679,654,3968.4
4680,654,3967.0
4681,654,3995.1
4682,654,3999.6
4683,654,3923.3
4684,654,3222.2
4685,654,3774.4
4686,654,3136.7
4687,654,3888.1
4688,654,3942.3
4689,654,3178.7
4690,654,3917.5
4691,654,3901.4
4692,654,4095.5
4693,654,3991.6
4694,654,3970.8
4695,654,3918.1
4696,654,3139.7
4697,654,3874.1
4698,654,4482.9
4699,654,3640.8
4700,654,4210.7
4701,654,3787.8
4702,654,3923.0
4703,654,4023.5
4704,654,4210.1
4705,654,3820.3
4706,654,4176.9
4707,654,3801.9
4708,654,4251.0
4709,654,3950.0
4710,654,3834.2
4711,654,3817.1
4712,654,4273.8
4713,654,4110.2
4714,654,3930.6
4715,654,3687.1
4716,654,3988.7
4717,654,3973.3
4718,654,4219.7
4719,654,3755.0
4720,654,4227.9
4721,654,3819.5
4722,654,4286.6
4723,654,4048.0
4724,654,3739.6
4725,654,4122.0
4726,654,4012.6
4727,654,3804.3
4728,654,4226.6
4729,654,3807.8
4730,654,4123.1
4731,654,3763.0
4732,654,4222.3
4733,654,3793.3
4734,654,4183.9
4735,654,4038.3
4736,654,3763.7
4737,654,3921.7
4738,654,4032.4
4739,654,3924.8
4740,654,3918.0
4741,654,3964.8
4742,654,3238.6
4743,654,3863.8
4744,654,3984.3
4745,654,4035.3
4746,654,3906.0
4747,654,3977.0
4748,654,4244.8
4749,654,3808.6
4750,654,4119.6
4751,654,3979.0
4752,654,3912.7
4753,654,4208.7
4754,654,3716.0
4755,654,4256.0
4756,654,4081.6
4757,654,3762.0
4758,654,3879.9
4759,654,3920.0
4760,654,3945.7
4761,654,3247.4
4762,654,3817.1
4763,654,3968.5
4764,654,3946.1
4765,654,3237.5
4766,654,3839.4
4767,654,3910.7
4768,654,3245.2
4769,654,3788.8
4770,654,3909.2
4771,654,3179.4
4772,654,4013.7
4773,654,4210.4
4774,654,3801.1
4775,654,3792.0
4776,654,3294.7
4777,654,3763.1
4778,654,3965.6
4779,654,4038.4
4780,654,4233.7
4781,654,3898.6
4782,654,3926.6
4783,654,4185.1
4784,654,4027.7
4785,654,3732.9
4786,654,3941.5
4787,654,3917.7
4788,654,3244.8
4789,654,3870.5
4790,654,4135.9
4791,654,3815.7
4792,654,3914.7
4793,654,3123.1
4794,654,3849.5
4795,654,3172.5
4796,654,3859.3
4797,654,3948.8
4798,654,3160.4
4799,654,3864.4
4800,654,3920.8
4801,654,3178.6
4802,654,3863.7
4803,654,3990.9
4804,654,4014.5
4805,654,4000.5
4806,654,3935.4
4807,654,3188.3
4808,654,3882.2
4809,654,3949.6
4810,654,3970.2
4811,654,3155.2
4812,654,3817.9
4813,654,3184.3
4814,654,3937.7
4815,654,3942.4
4816,654,3958.3
4817,654,4143.4
4818,654,3850.1
4819,654,4374.9
4820,654,3958.0
4821,654,4024.1
4822,654,3969.6
4823,654,4156.2
4824,654,3853.0
4825,654,3679.3
4826,654,4211.8
4827,654,3842.6
4828,654,3800.6
4829,654,4396.1
4830,654,3700.6
4831,654,4065.8
4832,654,4171.0
4833,654,4004.0
4834,654,3868.2
4835,654,3898.8
4836,654,4179.9
4837,654,4119.6
4838,654,3666.0
4839,654,4383.5
4840,654,3878.2
4841,654,3938.9
4842,654,3835.9
4843,654,4127.5
4844,654,4108.0
4845,654,3901.9
4846,654,3987.1
4847,654,3776.4
4848,654,3915.6
4849,654,3962.9
4850,654,4263.7
4851,654,3844.1
4852,654,4175.6
4853,654,3823.5
4854,654,3872.2
4855,654,4190.2
4856,654,3871.6
4857,654,4227.6
4858,654,3985.2
4859,654,3711.8
4860,654,3900.2
4861,654,4011.2
4862,654,4039.4
4863,654,3938.2
4864,654,4036.0
4865,654,4167.8
4866,654,4092.6
4867,654,4026.4
4868,654,3834.6
4869,654,4127.3
4870,654,3689.1
4871,654,3903.8
4872,654,3122.8
4873,654,3893.5
4874,654,4045.1
4875,654,3977.8
4876,654,4012.8
4877,654,3915.9
4878,654,3155.7
4879,654,3848.0
4880,654,3177.7
4881,654,3839.8
4882,654,4033.9
4883,654,3883.4
4884,654,3216.7
4885,654,3819.0
4886,654,3141.7
4887,654,3947.0
4888,654,3992.0
4889,654,3995.9
4890,654,3882.0
4891,654,3167.2
4892,654,3835.4
4893,654,3225.8
4894,654,3776.5
4895,654,3211.7
4896,654,3810.6
4897,654,3935.2
4898,654,3238.7
4899,654,3800.6
4900,654,3931.3
4901,654,3215.9
4902,654,3880.5
4903,654,4023.6
4904,654,4055.0
4905,654,4186.2
4906,654,4021.2
4907,654,3827.4
4908,654,3877.0
4909,654,4174.2
4910,654,4072.1
4911,654,4012.1
4912,654,3740.7
4913,654,3934.9
4914,654,4127.4
4915,654,4123.2
4916,654,3688.8
4917,654,4243.8
4918,654,3809.5
4919,654,4214.1
4920,654,4058.3
4921,654,3802.5
4922,654,4139.9
4923,654,4061.9
4924,654,3905.5
4925,654,4026.8
4926,654,3880.7
4927,654,3753.7
4928,654,3958.2
4929,654,4276.0
4930,654,3931.8
4931,654,3919.9
4932,654,4187.3
4933,654,3857.1
4934,654,4220.0
4935,654,3771.9
4936,654,3815.4
4937,654,4017.0
4938,654,4177.2
4939,654,4158.8
4940,654,3776.0
4941,654,4149.1
4942,654,3913.7
4943,654,3984.7
4944,654,3771.4
4945,654,3991.4
4946,654,4252.7
4947,654,3848.9
4948,654,4133.6
4949,654,4057.7
4950,654,4001.3
4951,654,3745.6
4952,654,4107.0
4953,654,3825.1
4954,654,4073.6
4955,654,5122.9
4956,654,4076.5
4957,654,3774.2
4958,654,3973.8
4959,654,3927.8
4960,654,3992.0
4961,654,3952.8
4962,654,4008.9
4963,654,3996.3
4964,654,3922.3
4965,654,3146.2
4966,654,3977.6
4967,654,3957.6
4968,654,3995.6
4969,654,3960.8
4970,654,3993.2
4971,654,3994.5
4972,654,4231.0
4973,654,3867.2
4974,654,4244.0
4975,654,3653.1
4976,654,4399.0
4977,654,3910.7
4978,654,4040.3
4979,654,3945.9
4980,654,3788.6
4981,654,4150.8
4982,654,3994.5
4983,654,3995.8
4984,654,4081.5
4985,654,3737.8
4986,654,4134.7
4987,654,3863.5
4988,654,4121.9
4989,654,3792.0
4990,654,4181.8
4991,654,4032.3
4992,654,3750.1
4993,654,4077.3
4994,654,3843.3
4995,654,3981.5
4996,654,4023.0
4997,654,4230.5
4998,654,3729.3
4999,654,4416.2
5000,654,3562.4
5001,654,4219.5
5002,654,3929.2
5003,654,3881.0
5004,654,4333.3
5005,654,3696.9
5006,654,4015.0
5007,654,4155.8
5008,654,4000.5
5009,654,4022.0
5010,654,4003.1
5011,654,4036.3
5012,654,3922.2
5013,654,3982.2
5014,654,3738.3
5015,654,3882.4
5016,654,3958.8
5017,654,3174.2
5018,654,3849.3
5019,654,4037.6
5020,654,4034.2
5021,654,4248.5
5022,654,3774.0
5023,654,4200.6
5024,654,3788.1
5025,654,4196.0
5026,654,3794.9
5027,654,3953.2
5028,654,4224.5
5029,654,4106.4
5030,654,3970.7
5031,654,3997.4
5032,654,3738.8
5033,654,4174.0
5034,654,3901.1
5035,654,4094.0
5036,654,4113.0
5037,654,4593.1
5038,654,3886.3
5039,654,4016.9
5040,654,4046.7
5041,654,3889.3
5042,654,3169.6
5043,654,3803.8
5044,654,3141.2
5045,654,3887.2
5046,654,3929.6
5047,654,3134.1
5048,654,3848.6
5049,654,3133.9
5050,654,3869.7
5051,654,3272.2
5052,654,3806.8
5053,654,3892.6
5054,654,3176.3
5055,654,3855.1
5056,654,3942.1
5057,654,3190.2
5058,654,3835.6
5059,654,3921.8
5060,654,3204.4
5061,654,3858.9
5062,654,3983.5
5063,654,3972.9
5064,654,3132.5
5065,654,3883.4
5066,654,3961.2
5067,654,3181.6
5068,654,3876.7
5069,654,4068.3
5070,654,4212.1
5071,654,3949.8
5072,654,3949.8
5073,654,4110.5
5074,654,4011.1
5075,654,3719.6
5076,654,4248.3
5077,654,3647.8
5078,654,3977.2
5079,654,3916.9
5080,654,3162.6
5081,654,3842.9
5082,654,3260.8
5083,654,3828.1
5084,654,3972.0
5085,654,3902.0
5086,654,3148.2
5087,654,3937.6
5088,654,4046.0
5089,654,3984.8
5090,654,4240.9
5091,654,3909.5
5092,654,4107.3
5093,654,3761.0
5094,654,4206.4
5095,654,3806.5
5096,654,3799.0
5097,654,3243.7
5098,654,3870.0
5099,654,3920.4
5100,654,3960.6
5101,654,3115.2
5102,654,3899.0
5103,654,3989.0
5104,654,4044.2
5105,654,3994.6
5106,654,3918.8
5107,654,3217.9
5108,654,3816.3
5109,654,3962.2
5110,654,3983.1
5111,654,3202.9
5112,654,4312.6
5113,654,3878.1
5114,654,3990.1
5115,654,3716.4
5116,654,3964.6
5117,654,3951.7
5118,654,3907.8
5119,654,4166.6
5120,654,3874.3
5121,654,3966.0
5122,654,3164.2
5123,654,3919.6
5124,654,3929.9
5125,654,3935.4
5126,654,3190.2
5127,654,3863.2
5128,654,3937.2
5129,654,3191.3
5130,654,3893.9
5131,654,3988.3
5132,654,4007.7
5133,654,3968.7
5134,654,4022.5
5135,654,3919.7
5136,654,3232.8
5137,654,3805.3
5138,654,3960.2
5139,654,3225.6
5140,654,3826.0
5141,654,4228.5
5142,654,4295.5
5143,654,3613.5
5144,654,3934.4
5145,654,4055.9
5146,654,3957.1
5147,654,3971.4
5148,654,4182.6
5149,654,4156.7
5150,654,3866.6
5151,654,3790.9
5152,654,3964.7
5153,654,3970.1
5154,654,3891.9
5155,654,3949.8
5156,654,4063.4
5157,654,4257.3
5158,654,4039.2
5159,654,3739.1
5160,654,4257.9
5161,654,4082.7
5162,654,3905.4
5163,654,3703.7
5164,654,4249.9
5165,654,3786.9
5166,654,3930.7
5167,654,4328.4
5168,654,3797.1
5169,654,4100.2
5170,654,4069.8
5171,654,3805.8
5172,654,3861.7
5173,654,3887.8
5174,654,4034.9
5175,654,3926.6
5176,654,3147.4
5177,654,3861.7
5178,654,3126.4
5179,654,3871.3
5180,654,3958.6
5181,654,3160.9
5182,654,4064.6
5183,654,3860.8
5184,654,4058.6
5185,654,4220.2
5186,654,3717.3
5187,654,4366.5
5188,654,3955.2
5189,654,3710.4
5190,654,3917.1
5191,654,3910.0
5192,654,3940.8
5193,654,3156.3
5194,654,3903.5
5195,654,3921.5
5196,654,3161.8
5197,654,3930.7
5198,654,4003.0
5199,654,3945.5
5200,654,4007.9
5201,654,4171.0
5202,654,3863.6
5203,654,4030.9
5204,654,3978.2
5205,654,4267.5
5206,654,4105.2
5207,654,3692.9
5208,654,4170.4
5209,654,3866.2
5210,654,4125.4
5211,654,3685.6
5212,654,3942.4
5213,654,4039.1
5214,654,3881.9
5215,654,3173.2
5216,654,3861.3
5217,654,3225.4
5218,654,3955.1
5219,654,4170.8
5220,654,3755.5
5221,654,4216.1
5222,654,3764.4
5223,654,4205.5
5224,654,3752.3
5225,654,3919.4
5226,654,4042.7
5227,654,3965.5
5228,654,4020.2
5229,654,3971.6
5230,654,4187.0
5231,654,4103.1
5232,654,3737.4
5233,654,4223.4
5234,654,3722.6
5235,654,4156.3
5236,654,4120.9
5237,654,4196.2
5238,654,3877.1
5239,654,3686.4
5240,654,4167.0
5241,654,4013.8
5242,654,4174.8
5243,654,3639.7
5244,654,3924.4
5245,654,4211.9
5246,654,3773.5
5247,654,3911.8
5248,654,4258.8
5249,654,4145.7
5250,654,3666.8
5251,654,3951.3
5252,654,3896.7
5253,654,4056.2
5254,654,4215.1
5255,654,3726.2
5256,654,3946.4
5257,654,3199.8
5258,654,3907.9
5259,654,3982.3
5260,654,3863.7
5261,654,3256.7
5262,654,3836.2
5263,654,3943.7
5264,654,4294.4
5265,654,4062.1
5266,654,3707.7
5267,654,3935.6
5268,654,4249.8
5269,654,3879.1
5270,654,4145.5
5271,654,3813.5
5272,654,3894.0
5273,654,4210.6
5274,654,3971.8
5275,654,3879.4
5276,654,3907.0
5277,654,4198.9
5278,654,4091.2
5279,654,3726.2
5280,654,3963.8
5281,654,4013.9
5282,654,3860.4
5283,654,4315.3
5284,654,4088.6
5285,654,4119.5
5286,654,3590.2
5287,654,3973.8
5288,654,3981.5
5289,654,4239.8
5290,654,3670.7
5291,654,4276.1
5292,654,3756.9
5293,654,4204.9
5294,654,3792.1
5295,654,3902.4
5296,654,3214.8
5297,654,4043.1
5298,654,4101.0
5299,654,3749.9
5300,654,3875.5
5301,654,3967.6
5302,654,3268.8
5303,654,3765.0
5304,654,3921.0
5305,654,3164.7
5306,654,3859.7
5307,654,3115.4
5308,654,3871.7
5309,654,3941.1
5310,654,3233.3
5311,654,3806.8
5312,654,3958.8
5313,654,3121.7
5314,654,3898.6
5315,654,3114.8
5316,654,3867.5
5317,654,3139.7
5318,654,3877.7
5319,654,3934.6
5320,654,3171.5
5321,654,3857.0
5322,654,3971.7
5323,654,3154.1
5324,654,4006.1
5325,654,3812.9
5326,654,3168.3
5327,654,3847.6
5328,654,3144.3
5329,654,3933.2
5330,654,3989.9
5331,654,4033.3
5332,654,4278.0
5333,654,3756.3
5334,654,4169.8
5335,654,4026.8
5336,654,3933.1
5337,654,4065.3
5338,654,3657.0
5339,654,4007.9
5340,654,4053.4
5341,654,4195.0
5342,654,4048.4
5343,654,3973.2
5344,654,3725.9
5345,654,3972.4
5346,654,3982.4
5347,654,3952.3
5348,654,4243.5
5349,654,4072.7
5350,654,3819.0
5351,654,4144.7
5352,654,4038.1
5353,654,3995.2
5354,654,3969.2
5355,654,4512.8
5356,654,3525.7
5357,654,3936.1
5358,654,3991.5
5359,654,4139.3
5360,654,3552.2
5361,654,3979.8
5362,654,4314.7
5363,654,3811.1
5364,654,3919.9
5365,654,4024.6
5366,654,3929.7
5367,654,4226.5
5368,654,4030.2
5369,654,4031.3
5370,654,3986.6
5371,654,3674.4
5372,654,4233.6
5373,654,4041.8
5374,654,3984.2
5375,654,3975.5
5376,654,3790.8
5377,654,4193.3
5378,654,3701.8
5379,654,3900.0
5380,654,4127.7
5381,654,4226.9
5382,654,4021.2
5383,654,3809.1
5384,654,3851.4
5385,654,3943.3
5386,654,4055.7
5387,654,3903.7
5388,654,3958.1
5389,654,3519.8
5390,654,3760.6
5391,654,4116.6
5392,654,3815.7
5393,654,4141.8
5394,654,4057.7
5395,654,3655.7
5396,654,4201.3
5397,654,4147.3
5398,654,3935.3
5399,654,3622.0
5400,654,4307.4
5401,654,3778.3
5402,654,4203.4
5403,654,4055.7
5404,654,3862.5
5405,654,4085.4
5406,654,3823.1
5407,654,3839.7
5408,654,3930.9
5409,654,3140.9
5410,654,4241.2
5411,654,3763.6
5412,654,3935.0
5413,654,3999.8
5414,654,4245.2
5415,654,3761.2
5416,654,4225.2
5417,654,3774.5
5418,654,3885.1
5419,654,4045.1
5420,654,3958.8
5421,654,4093.8
5422,654,4007.5
5423,654,4224.9
5424,654,3976.3
5425,654,4065.1
5426,654,4031.7
5427,654,3791.2
5428,654,4052.9
5429,654,4017.7
5430,654,3689.8
5431,654,4264.7
5432,654,3963.5
5433,654,3712.1
5434,654,3952.5
5435,654,4271.7
5436,654,4067.1
5437,654,3995.5
5438,654,3763.8
5439,654,4034.2
5440,654,3930.0
5441,654,3877.2
5442,654,3940.3
5443,654,3240.0
5444,654,3876.2
5445,654,3982.7
5446,654,4138.9
5447,654,3913.7
5448,654,3857.8
5449,654,3986.0
5450,654,4047.2
5451,654,3984.4
5452,654,3994.6
5453,654,3997.4
5454,654,3997.1
5455,654,3932.7
5456,654,4008.9
5457,654,4042.7
5458,654,3919.8
5459,654,3132.9
5460,654,3866.2
5461,654,3203.8
5462,654,3811.8
5463,654,4034.1
5464,654,3917.5
5465,654,3106.1
5466,654,3936.5
5467,654,4021.0
5468,654,3988.8
5469,654,4354.0
5470,654,3617.7
5471,654,3925.5
5472,654,3259.8
5473,654,4118.3
5474,654,3817.2
5475,654,3927.9
5476,654,4169.8
5477,654,3740.5
5478,654,4282.1
5479,654,4051.6
5480,654,3999.6
5481,654,3978.4
5482,654,3746.5
5483,654,4223.4
5484,654,3865.5
5485,654,4127.2
5486,654,3730.8
5487,654,3938.3
5488,654,3975.5
5489,654,3971.5
5490,654,4068.2
5491,654,4035.5
5492,654,3895.9
5493,654,3969.8
5494,654,4109.0
5495,654,3893.3
5496,654,4000.3
5497,654,4275.6
5498,654,3856.8
5499,654,4199.6
5500,654,3953.8
5501,654,3775.9
5502,654,4185.5
5503,654,3715.1
5504,654,4147.0
5505,654,4216.3
5506,654,3934.4
5507,654,3996.8
5508,654,3740.6
5509,654,4023.7
5510,654,4146.5
5511,654,3780.3
5512,654,3917.0
5513,654,3996.0
5514,654,3980.4
5515,654,3931.7
5516,654,4059.9
5517,654,4019.1
5518,654,4204.2
5519,654,3873.1
5520,654,4189.5
5521,654,3817.1
5522,654,3873.7
5523,654,4009.5
5524,654,4243.2
5525,654,3760.9
5526,654,3947.1
5527,654,3924.6
5528,654,3972.4
5529,654,3218.8
5530,654,3894.5
5531,654,4045.8
5532,654,4219.7
5533,654,3782.2
5534,654,4216.5
5535,654,3769.9
5536,654,3995.2
5537,654,3978.6
5538,654,4323.6
5539,654,3907.3
5540,654,3966.3
5541,654,3706.4
5542,654,3955.7
5543,654,3883.0
5544,654,3256.6
5545,654,3866.6
5546,654,3984.6
5547,654,4229.9
5548,654,4072.3
5549,654,4077.1
5550,654,3638.2
5551,654,3960.2
5552,654,4027.3
5553,654,4364.8
5554,654,3889.0
5555,654,3959.8
5556,654,3999.8
5557,654,3877.9
5558,654,3797.3
5559,654,3953.6
5560,654,3975.7
5561,654,3945.1
5562,654,3126.6
5563,654,3905.2
5564,654,3952.3
5565,654,3161.9
5566,654,3861.4
5567,654,3933.2
5568,654,3183.8
5569,654,3834.8
5570,654,3262.0
5571,654,3772.4
5572,654,3961.6
5573,654,3978.2
5574,654,3153.1
5575,654,3863.6
5576,654,3937.5
5577,654,3130.9
5578,654,3866.0
5579,654,3179.7
5580,654,3834.4
5581,654,3944.8
5582,654,3193.6
5583,654,3901.4
5584,654,3895.0
5585,654,3114.2
5586,654,3870.8
5587,654,3517.3
5588,654,3668.7
5589,654,4210.8
5590,654,4042.7
5591,654,3645.0
5592,654,4274.8
5593,654,3710.3
5594,654,3916.0
5595,654,3161.4
5596,654,3934.2
5597,654,4275.1
5598,654,3782.4
5599,654,3927.5
5600,654,4056.3
5601,654,4187.0
5602,654,4061.4
5603,654,3681.3
5604,654,4018.5
5605,654,3962.2
5606,654,4232.5
5607,654,3833.0
5608,654,4173.7
5609,654,4017.9
5610,654,3629.5
5611,654,4027.3
5612,654,3981.8
5613,654,3919.9
5614,654,3987.4
5615,654,3338.8
5616,654,3775.1
5617,654,4240.7
5618,654,3832.6
5619,654,3830.0
5620,654,3957.4
5621,654,3944.8
5622,654,3212.4
5623,654,3858.1
5624,654,4246.9
5625,654,4075.6
5626,654,4149.2
5627,654,3597.4
5628,654,3923.1
5629,654,4270.6
5630,654,3799.1
5631,654,4203.1
5632,654,4025.3
5633,654,4018.4
5634,654,3691.2
5635,654,3948.4
5636,654,3992.2
5637,654,3940.8
5638,654,3943.1
5639,654,3246.5
5640,654,4133.6
5641,654,4013.7
5642,654,4006.0
5643,654,3829.5
5644,654,3860.7
5645,654,4262.6
5646,654,4006.5
5647,654,3951.1
5648,654,3906.9
5649,654,4129.3
5650,654,3974.9
5651,654,3638.6
5652,654,4269.6
5653,654,4014.5
5654,654,4032.2
5655,654,3686.9
5656,654,3919.2
5657,654,4281.7
5658,654,3891.3
5659,654,4144.2
5660,654,4047.2
5661,654,3965.3
5662,654,3639.5
5663,654,4040.8
5664,654,4153.2
5665,654,3822.3
5666,654,4030.9
5667,654,3889.6
5668,654,4079.9
5669,654,3983.8
5670,654,3968.2
5671,654,3879.5
5672,654,3163.5
5673,654,3964.6
5674,654,3997.8
5675,654,3996.3
5676,654,3914.6
5677,654,3963.2
5678,654,3268.6
5679,654,3782.1
5680,654,3931.3
5681,654,3710.5
5682,654,3788.2
5683,654,3756.8
5684,654,3881.4
5685,654,4171.9
5686,654,4037.7
5687,654,4003.4
5688,654,4038.7
5689,654,3692.3
5690,654,3964.3
5691,654,4014.8
5692,654,3997.4
5693,654,4209.9
5694,654,3712.6
5695,654,3865.9
5696,654,3194.7
5697,654,3855.3
5698,654,4043.2
5699,654,3977.3
5700,654,3984.7
5701,654,3995.6
5702,654,3956.7
5703,654,3140.7
5704,654,3880.1
5705,654,3978.4
5706,654,4016.5
5707,654,3926.4
5708,654,3322.0
5709,654,3716.7
5710,654,4031.0
5711,654,4360.7
5712,654,3808.9
5713,654,4151.0
5714,654,3783.3
5715,654,3870.8
5716,654,4056.0
5717,654,4066.7
5718,654,3927.0
5719,654,3955.6
5720,654,4125.4
5721,654,4170.3
5722,654,3785.4
5723,654,3771.0
5724,654,3208.2
5725,654,4186.2
5726,654,3728.3
5727,654,4189.6
5728,654,3703.3
5729,654,3961.4
5730,654,4120.6
5731,654,3893.3
5732,654,4002.8
5733,654,4015.9
5734,654,4204.7
5735,654,3782.1
5736,654,4065.9
5737,654,4199.0
5738,654,3798.0
5739,654,3970.3
5740,654,3875.4
5741,654,4274.5
5742,654,4066.1
5743,654,3710.3
5744,654,4037.2
5745,654,3899.4
5746,654,4028.4
5747,654,4250.6
5748,654,4088.3
5749,654,3951.8
5750,654,3781.8
5751,654,4159.4
5752,654,4046.2
5753,654,3766.6
5754,654,4181.7
5755,654,3783.0
5756,654,4183.6
5757,654,3761.7
5758,654,3949.8
5759,654,4249.3
5760,654,4084.9
5761,654,3685.3
5762,654,3829.4
5763,654,3238.1
5764,654,3787.4
5765,654,4005.0
5766,654,3945.4
5767,654,3238.0
5768,654,3817.3
5769,654,4008.5
5770,654,4030.9
5771,654,4059.7
5772,654,3830.5
5773,654,3149.3
5774,654,3868.3
5775,654,3966.9
5776,654,3247.3
5777,654,3909.9
5778,654,4280.4
5779,654,3870.9
5780,654,3973.0
5781,654,4097.6
5782,654,3755.9
5783,654,4198.3
5784,654,3797.9
5785,654,3832.9
5786,654,3954.8
5787,654,3256.5
5788,654,4127.3
5789,654,3915.9
5790,654,3915.9
5791,654,3886.5
5792,654,4220.1
5793,654,4169.6
5794,654,3879.2
5795,654,3982.5
5796,654,3791.0
5797,654,4157.6
5798,654,3995.2
5799,654,3756.5
5800,654,4257.8
5801,654,3891.4
5802,654,3814.4
5803,654,4256.0
5804,654,3992.0
5805,654,3787.0
5806,654,4254.1
5807,654,3949.3
5808,654,3945.9
5809,654,4153.4
5810,654,3945.9
5811,654,4018.7
5812,654,3692.5
5813,654,4179.0
5814,654,3684.3
5815,654,3942.7
5816,654,3938.7
5817,654,3951.8
5818,654,3183.1
5819,654,3848.6
5820,654,3977.6
5821,654,3156.8
5822,654,3817.1
5823,654,3194.4
5824,654,3852.0
5825,654,3949.6
5826,654,3162.3
5827,654,3894.7
5828,654,3948.2
5829,654,3948.6
5830,654,3153.3
5831,654,3880.0
5832,654,3957.4
5833,654,3176.1
5834,654,3848.2
5835,654,3968.1
5836,654,3153.4
5837,654,3850.0
5838,654,3124.1
5839,654,3964.8
5840,654,3928.4
5841,654,3975.8
5842,654,3952.8
5843,654,3162.8
5844,654,3896.1
5845,654,3979.5
5846,654,3910.5
5847,654,3121.3
5848,654,3864.4
5849,654,3139.8
5850,654,3917.8
5851,654,3939.3
5852,654,3140.5
5853,654,3872.5
5854,654,3231.9
5855,654,3773.1
5856,654,3216.8
5857,654,4081.2
5858,654,4059.4
5859,654,4101.1
5860,654,3633.9
5861,654,3998.9
5862,654,4210.6
5863,654,3773.7
5864,654,4060.1
5865,654,4148.5
5866,654,3700.6
5867,654,4285.2
5868,654,3762.3
5869,654,4223.2
5870,654,4032.3
5871,654,3749.9
5872,654,4281.0
5873,654,3956.9
5874,654,3980.8
5875,654,4009.5
5876,654,4010.4
5877,654,3956.3
5878,654,3796.8
5879,654,4139.5
5880,654,4013.9
5881,654,3919.3
5882,654,4139.2
5883,654,3873.3
5884,654,4051.8
5885,654,3728.5
5886,654,4123.8
5887,654,4163.0
5888,654,3944.4
5889,654,3979.3
5890,654,3823.1
5891,654,4036.6
5892,654,3847.2
5893,654,3979.7
5894,654,4250.0
5895,654,3762.7
5896,654,3936.5
5897,654,3892.8
5898,654,3237.0
5899,654,3817.2
5900,654,3971.5
5901,654,3932.9
5902,654,3110.7
5903,654,3912.6
5904,654,4026.8
5905,654,4006.4
5906,654,4010.0
5907,654,3978.6
5908,654,3994.8
5909,654,3901.0
5910,654,3201.2
5911,654,3798.9
5912,654,3162.5
5913,654,3941.6
5914,654,3954.6
5915,654,4050.0
5916,654,3866.5
5917,654,3226.8
5918,654,3912.3
5919,654,3898.7
5920,654,3964.5
5921,654,3506.5
5922,654,3668.9
5923,654,3911.6
5924,654,3997.7
5925,654,3986.1
5926,654,4222.5
5927,654,4134.0
5928,654,3744.7
5929,654,3878.3
5930,654,4236.9
5931,654,3800.4
5932,654,4201.6
5933,654,4049.8
5934,654,3965.0
5935,654,3743.3
5936,654,4264.7
5937,654,4091.1
5938,654,3874.6
5939,654,3881.1
5940,654,4009.4
5941,654,4053.1
5942,654,3934.3
5943,654,3796.4
5944,654,4076.6
5945,654,4037.6
5946,654,4166.2
5947,654,3889.2
5948,654,4069.0
5949,654,3732.5
5950,654,4145.5
5951,654,3839.5
5952,654,4194.2
5953,654,4054.0
5954,654,3798.8
5955,654,4133.7
5956,654,3919.6
5957,654,4107.7
5958,654,3801.5
5959,654,3899.2
5960,654,3969.1
5961,654,3961.2
5962,654,3910.6
5963,654,3225.2
5964,654,3912.9
5965,654,4081.0
5966,654,3877.5
5967,654,3838.1
5968,654,3174.0
5969,654,4008.3
5970,654,3943.7
5971,654,3907.1
5972,654,3976.0
5973,654,3194.7
5974,654,3849.0
5975,654,4009.2
5976,654,3999.0
5977,654,3894.4
5978,654,3128.7
5979,654,4854.1
5980,654,3227.0
5981,654,3792.5
5982,654,3229.0
5983,654,3800.4
5984,654,3955.4
5985,654,3120.4
5986,654,3893.9
5987,654,4000.2
5988,654,4288.9
5989,654,4074.7
5990,654,3842.2
5991,654,4110.3
5992,654,3903.0
5993,654,4024.0
5994,654,4056.2
5995,654,3857.9
5996,654,4125.0
5997,654,4060.8
5998,654,3758.8
5999,654,3782.8
6000,654,3980.8
6001,654,3111.9
6002,654,3983.1
6003,654,3993.9
6004,654,4371.6
6005,654,3670.7
6006,654,3863.2
6007,654,3930.0
6008,654,3162.7
6009,654,4258.6
6010,654,3685.4
6011,654,4230.6
6012,654,4089.7
6013,654,3827.7
6014,654,4109.3
6015,654,3904.6
6016,654,4103.9
6017,654,3783.5
6018,654,4253.3
6019,654,3700.9
6020,654,4200.8
6021,654,3775.3
6022,654,4001.9
6023,654,3979.3
6024,654,3941.2
6025,654,3982.1
6026,654,4016.8
6027,654,3984.4
6028,654,3968.5
6029,654,3904.2
6030,654,3262.0
6031,654,3767.0
6032,654,4043.9
6033,654,3971.2
6034,654,3988.5
6035,654,3921.0
6036,654,3137.8
6037,654,3849.5
6038,654,3140.4
6039,654,3880.3
6040,654,3198.7
6041,654,3920.8
6042,654,3932.5
6043,654,3904.3
6044,654,3160.6
6045,654,3906.6
6046,654,4006.9
6047,654,3938.1
6048,654,3157.7
6049,654,3859.6
6050,654,3129.1
6051,654,3938.3
6052,654,3967.1
6053,654,3917.1
6054,654,3156.5
6055,654,4275.3
6056,654,3695.2
6057,654,3939.3
6058,654,4239.5
6059,654,3889.2
6060,654,4190.4
6061,654,4776.0
6062,654,3921.3
6063,654,3890.8
6064,654,4256.7
6065,654,4008.0
6066,654,4033.5
6067,654,4064.7
6068,654,3967.0
6069,654,3769.1
6070,654,3912.3
6071,654,3861.9
6072,654,3978.6
6073,654,3198.0
6074,654,3852.1
6075,654,3974.2
6076,654,3919.9
6077,654,3185.9
6078,654,3852.6
6079,654,4010.0
6080,654,4013.9
6081,654,3917.5
6082,654,3193.4
6083,654,3812.0
6084,654,3140.6
6085,654,3873.8
6086,654,3140.5
6087,654,3846.8
6088,654,3180.0
6089,654,3884.4
6090,654,4032.0
6091,654,3866.9
6092,654,3101.6
6093,654,3861.1
6094,654,3110.5
6095,654,3870.8
6096,654,3143.7
6097,654,3953.7
6098,654,3932.1
6099,654,3973.6
6100,654,3090.3
6101,654,3877.3
6102,654,4143.1
6103,654,3885.8
6104,654,3947.9
6105,654,3469.5
6106,654,3652.4
6107,654,3985.8
6108,654,3903.3
6109,654,3144.9
6110,654,3828.3
6111,654,3158.8
6112,654,3836.1
6113,654,3215.9
6114,654,3782.0
6115,654,3222.8
6116,654,3781.6
6117,654,4057.4
6118,654,3973.4
6119,654,3947.7
6120,654,3966.0
6121,654,3224.5
6122,654,4166.5
6123,654,3971.3
6124,654,3753.7
6125,654,3950.6
6126,654,4282.4
6127,654,4008.3
6128,654,4047.8
6129,654,4010.4
6130,654,4077.6
6131,654,3522.9
6132,654,3908.8
6133,654,3249.5
6134,654,3797.3
6135,654,3920.8
6136,654,3162.2
6137,654,3824.7
6138,654,3147.7
6139,654,3913.4
6140,654,4257.3
6141,654,4065.5
6142,654,3780.6
6143,654,3875.6
6144,654,3921.7
6145,654,3181.5
6146,654,3833.2
6147,654,3992.7
6148,654,4040.9
6149,654,3991.8
6150,654,3907.2
6151,654,3171.6
6152,654,3948.0
6153,654,3901.3
6154,654,3084.7
6155,654,3917.5
6156,654,3942.1
6157,654,4041.4
6158,654,3908.9
6159,654,3203.8
6160,654,3909.3
6161,654,3888.0
6162,654,3137.0
6163,654,3845.4
6164,654,3199.0
6165,654,3826.7
6166,654,4066.8
6167,654,3903.1
6168,654,3140.6
6169,654,3842.6
6170,654,3232.5
6171,654,3797.1
6172,654,4007.1
6173,654,4001.4
6174,654,3949.6
6175,654,3272.8
6176,654,3837.7
6177,654,3946.6
6178,654,3906.7
6179,654,3241.8
6180,654,3795.3
6181,654,3955.9
6182,654,3228.7
6183,654,3881.5
6184,654,3929.8
6185,654,4012.9
6186,654,4017.9
6187,654,3977.3
6188,654,4174.3
6189,654,4082.6
6190,654,3733.5
6191,654,3953.0
6192,654,4026.6
6193,654,3946.5
6194,654,4032.7
6195,654,3918.8
6196,654,3193.6
6197,654,3914.1
6198,654,3985.6
6199,654,3996.6
6200,654,4025.1
6201,654,3985.8
6202,654,4214.9
6203,654,4018.3
6204,654,4013.9
6205,654,4045.4
6206,654,3952.3
6207,654,3753.7
6208,654,4188.0
6209,654,4030.3
6210,654,3978.2
6211,654,3996.3
6212,654,3868.4
6213,654,3764.6
6214,654,3992.8
6215,654,4010.4
6216,654,3999.8
6217,654,3994.6
6218,654,3989.6
6219,654,3891.9
6220,654,3206.0
6221,654,3810.8
6222,654,3230.7
6223,654,3854.4
6224,654,3964.1
6225,654,4094.8
6226,654,4210.1
6227,654,3690.6
6228,654,3961.2
6229,654,4053.3
6230,654,3936.5
6231,654,3996.7
6232,654,3948.2
6233,654,3487.4
6234,654,3635.1
6235,654,3885.8
6236,654,3122.8
6237,654,3945.9
6238,654,3965.8
6239,654,3893.0
6240,654,3198.6
6241,654,3805.2
6242,654,3239.0
6243,654,3784.2
6244,654,3137.1
6245,654,3835.8
6246,654,3202.4
6247,654,3791.5
6248,654,3214.2
6249,654,3807.2
6250,654,3955.2
6251,654,3414.9
6252,654,3769.8
6253,654,3914.5
6254,654,3978.8
6255,654,3966.1
6256,654,4296.4
6257,654,3766.5
6258,654,3994.1
6259,654,4094.4
6260,654,4115.1
6261,654,4030.8
6262,654,3986.5
6263,654,3969.7
6264,654,4023.3
6265,654,3784.7
6266,654,4061.9
6267,654,3932.6
6268,654,3865.9
6269,654,3914.3
6270,654,3990.9
6271,654,4280.4
6272,654,3766.9
6273,654,4057.8
6274,654,4214.1
6275,654,4031.2
6276,654,3731.9
6277,654,3955.6
6278,654,3892.3
6279,654,4058.3
6280,654,3992.9
6281,654,3989.6
6282,654,3992.9
6283,654,3920.0
6284,654,3172.0
6285,654,3926.2
6286,654,3877.3
6287,654,3165.1
6288,654,4178.1
6289,654,3668.4
6290,654,3154.9
6291,654,3888.6
6292,654,3888.8
6293,654,3154.4
6294,654,3907.0
6295,654,4000.1
6296,654,3998.0
6297,654,4021.5
6298,654,3972.1
6299,654,3921.3
6300,654,3123.7
6301,654,3849.1
6302,654,3151.9
6303,654,3858.8
6304,654,3204.2
6305,654,3859.6
6306,654,3899.7
6307,654,4163.8
6308,654,3964.9
6309,654,3968.6
6310,654,3920.4
6311,654,3171.7
6312,654,3891.2
6313,654,3921.3
6314,654,3114.6
6315,654,3901.1
6316,654,3940.0
6317,1357,4123.0
6318,654,3972.6
6319,654,4002.1
6320,654,3913.9
6321,654,3093.2
6322,654,3856.0
6323,654,3371.8
6324,654,3785.3
6325,654,3963.4
6326,654,3911.1
6327,654,3972.2
6328,654,3722.4
6329,654,3388.6
6330,654,4233.0
6331,654,4004.6
6332,654,4062.9
6333,654,3956.5
6334,654,3693.2
6335,654,3942.5
6336,654,3958.7
6337,654,4025.9
6338,654,3924.7
6339,654,3134.1
6340,654,3875.6
6341,654,3944.7
6342,654,3142.9
6343,654,3906.2
6344,654,3940.9
6345,654,3215.8
6346,654,3782.9
6347,654,3992.2
6348,654,3984.2
6349,654,3159.6
6350,654,3799.0
6351,654,3180.1
6352,654,3843.1
6353,654,3151.0
6354,654,3871.0
6355,654,3949.6
6356,654,3155.3
6357,654,3902.1
6358,654,3942.0
6359,654,3119.8
6360,654,4542.5
6361,654,3763.2
6362,654,3719.5
6363,654,3916.9
6364,654,3929.6
6365,654,4094.3
6366,654,3906.2
6367,654,4045.8
6368,654,3965.6
6369,654,3912.3
6370,654,3274.2
6371,654,3735.3
6372,654,3117.8
6373,654,3964.6
6374,654,4249.2
6375,654,3726.0
6376,654,4260.0
6377,654,3755.8
6378,654,4385.1
6379,654,3627.9
6380,654,4049.9
6381,654,3998.8
6382,654,3960.8
6383,654,3884.3
6384,654,3924.7
6385,654,4652.1
6386,654,3515.0
6387,654,3902.7
6388,654,3986.4
6389,654,3917.5
6390,654,4269.2
6391,654,3818.8
6392,654,3995.2
6393,654,4257.3
6394,654,4070.5
6395,654,3918.7
6396,654,3960.3
6397,654,4073.4
6398,654,3932.1
6399,654,3749.1
6400,654,4188.8
6401,654,4021.3
6402,654,3841.5
6403,654,4198.4
6404,654,3816.9
6405,654,4116.9
6406,654,3707.2
6407,654,4281.8
6408,654,4066.8
6409,654,3919.2
6410,654,3704.5
6411,654,3996.4
6412,654,4229.5
6413,654,4250.7
6414,654,3537.2
6415,654,4201.8
6416,654,3854.5
6417,654,4129.9
6418,654,3896.5
6419,654,3883.2
6420,654,4092.9
6421,654,4111.4
6422,654,4028.6
6423,654,4111.8
6424,654,3883.2
6425,654,3927.9
6426,654,3663.8
6427,654,3934.8
6428,654,3151.1
6429,654,3938.4
6430,654,3992.2
6431,654,3923.9
6432,654,3991.6
6433,654,4042.0
6434,654,3932.8
6435,654,3186.4
6436,654,4252.0
6437,654,3691.3
6438,654,3941.2
6439,654,3962.2
6440,654,3996.0
6441,654,3946.3
6442,654,4036.0
6443,654,3959.7
6444,654,3997.1
6445,654,3954.9
6446,654,3129.9
6447,654,3857.7
6448,654,3114.9
6449,654,3896.7
6450,654,3148.2
6451,654,3806.8
6452,654,3495.3
6453,654,3716.6
6454,654,3908.0
6455,654,3957.8
6456,654,3868.7
6457,654,3255.4
6458,654,3964.9
6459,654,3899.4
6460,654,4111.1
6461,654,4146.1
6462,654,3722.1
6463,654,3984.5
6464,654,3971.5
6465,654,3909.1
6466,654,3196.1
6467,654,3884.8
6468,654,3917.1
6469,654,3164.5
6470,654,3924.0
6471,654,3968.9
6472,654,3972.1
6473,654,3941.4
6474,654,3152.1
6475,654,3865.9
6476,654,3945.0
6477,654,3243.0
6478,654,3808.1
6479,654,4030.1
6480,654,4012.6
6481,654,3904.4
6482,654,3212.4
6483,654,3918.5
6484,654,3929.5
6485,654,3958.2
6486,654,3955.9
6487,654,3156.6
6488,654,3866.8
6489,654,4017.5
6490,654,4326.0
6491,654,3752.2
6492,654,3948.5
6493,654,3886.1
6494,654,3194.2
6495,654,3840.7
6496,654,4025.4
6497,654,3919.9
6498,654,3139.1
6499,654,3885.6
6500,654,3972.3
6501,654,3146.6
6502,654,3917.3
6503,654,3903.4
6504,654,3233.3
6505,654,3852.2
6506,654,3988.6
6507,654,3977.8
6508,654,3999.1
6509,654,3992.9
6510,654,4043.0
6511,654,4032.0
6512,654,4186.7
6513,654,3775.5
6514,654,4207.4
6515,654,3800.4
6516,654,3849.3
6517,654,4039.9
6518,654,3929.7
6519,654,3150.0
6520,654,3996.3
6521,654,3932.8
6522,654,3967.1
6523,654,3927.1
6524,654,3144.3
6525,654,4234.0
6526,654,3660.6
6527,654,4034.8
6528,654,4255.9
6529,654,3784.9
6530,654,4191.1
6531,654,4106.3
6532,654,3773.3
6533,654,4108.0
6534,654,3730.0
6535,654,4235.4
6536,654,3770.1
6537,654,4217.4
6538,654,3746.0
6539,654,3882.5
6540,654,3222.3
6541,654,3782.8
6542,654,3130.0
6543,654,4011.2
6544,654,3953.7
6545,654,4345.2
6546,654,4036.6
6547,654,3760.0
6548,654,4056.6
6549,654,3766.8
6550,654,3946.1
6551,654,3962.9
6552,654,4233.2
6553,654,4065.1
6554,654,4006.4
6555,654,3714.0
6556,654,4335.0
6557,654,3761.5
6558,654,3850.4
6559,654,3926.8
6560,654,3995.0
6561,654,3964.1
6562,654,3492.4
6563,654,3657.7
6564,654,3820.9
6565,654,3161.8
6566,654,4104.1
6567,654,3825.7
6568,654,3980.8
6569,654,4090.2
6570,654,3859.9
6571,654,4273.5
6572,654,3696.7
6573,654,4006.4
6574,654,3996.2
6575,654,3967.1
6576,654,4281.3
6577,654,3858.1
6578,654,3941.5
6579,654,3873.6
6580,654,3945.6
6581,654,3227.9
6582,654,3918.0
6583,654,3886.2
6584,654,4051.1
6585,654,3987.5
6586,654,4010.5
6587,654,3956.1
6588,654,3986.6
6589,654,3992.4
6590,654,4267.0
6591,654,4099.8
6592,654,3971.8
6593,654,3729.5
6594,654,4285.6
6595,654,3617.2
6596,654,3953.5
6597,654,3963.6
6598,654,3170.6
6599,654,3877.3
6600,654,3930.9
6601,654,3184.6
6602,654,3882.0
6603,654,3907.7
6604,654,3150.0
6605,654,3907.4
6606,654,3902.0
6607,654,3185.3
6608,654,3831.9
6609,654,3112.1
6610,654,3855.2
6611,654,3151.6
6612,654,3866.2
6613,654,3990.7
6614,654,3985.3
6615,654,3262.9
6616,654,3749.8
6617,654,3980.1
6618,654,3976.2
6619,654,3163.1
6620,654,3846.2
6621,654,3934.4
6622,654,3240.6
6623,654,3835.3
6624,654,3938.3
6625,654,3117.5
6626,654,3929.1
6627,654,3913.3
6628,654,3155.3
6629,654,3903.9
6630,654,3896.2
6631,654,3132.6
6632,654,3892.1
6633,654,3171.2
6634,654,3905.3
6635,654,3916.8
6636,654,3161.7
6637,654,3845.1
6638,654,3936.3
6639,654,3111.7
6640,654,3988.3
6641,654,3920.8
6642,654,3221.6
6643,654,3886.1
6644,654,3928.6
6645,654,3917.8
6646,654,3210.6
6647,654,3815.2
6648,654,3222.8
6649,654,3820.0
6650,654,3945.9
6651,654,3168.9
6652,654,3862.5
6653,654,4150.1
6654,654,3793.2
6655,654,4024.5
6656,654,3924.0
6657,654,3186.3
6658,654,3919.9
6659,654,3898.0
6660,654,3226.6
6661,654,3882.8
6662,654,3924.8
6663,654,3942.2
6664,654,3356.0
6665,654,3774.8
6666,654,3889.3
6667,654,4040.2
6668,654,3984.3
6669,654,3991.5
6670,654,3938.7
6671,654,3970.3
6672,654,3975.6
6673,654,3182.9
6674,654,3995.0
6675,654,3867.9
6676,654,3984.1
6677,654,3980.4
6678,654,3971.5
6679,654,3176.0
6680,654,3879.6
6681,654,4247.2
6682,654,3937.5
6683,654,4043.8
6684,654,3986.8
6685,654,4204.7
6686,654,3946.4
6687,654,3741.2
6688,654,4126.6
6689,654,3726.0
6690,654,3910.9
6691,654,3498.2
6692,654,3953.4
6693,654,3629.9
6694,654,3910.3
6695,654,4233.7
6696,654,3853.4
6697,654,4255.2
6698,654,3734.6
6699,654,4091.9
6700,654,4130.5
6701,654,3835.9
6702,654,4141.5
6703,654,3722.4
6704,654,4238.4
6705,654,3771.0
6706,654,3940.3
6707,654,3981.7
6708,654,3938.6
6709,654,4347.3
6710,654,3717.8
6711,654,4001.7
6712,654,4264.7
6713,654,3785.1
6714,654,4179.0
6715,654,3882.3
6716,654,4010.7
6717,654,3821.0
6718,654,4349.2
6719,654,3625.1
6720,654,4236.4
6721,654,4059.4
6722,654,3833.0
6723,654,4129.8
6724,654,4017.4
6725,654,3990.5
6726,654,3998.4
6727,654,3899.8
6728,654,4065.3
6729,654,3688.4
6730,654,3956.8
6731,654,3891.0
6732,654,3180.9
6733,654,4216.0
6734,654,4018.6
6735,654,4027.2
6736,654,3770.5
6737,654,3919.2
6738,654,3982.6
6739,654,3990.3
6740,654,4190.0
6741,654,4092.6
6742,654,3958.4
6743,654,3847.7
6744,654,4149.4
6745,654,4011.4
6746,654,3747.9
6747,654,3943.7
6748,654,4290.4
6749,654,4049.8
6750,654,3675.7
6751,654,4259.2
6752,654,3935.3
6753,654,3764.8
6754,654,3969.3
6755,654,3969.1
6756,654,3952.9
6757,654,3968.5
6758,654,4101.6
6759,654,3978.9
6760,654,4344.9
6761,654,3622.9
6762,654,3882.1
6763,654,3255.1
6764,654,3784.0
6765,654,3968.9
6766,654,3507.6
6767,654,3767.3
6768,654,3974.4
6769,654,4198.3
6770,654,3949.2
6771,654,4033.4
6772,654,3715.0
6773,654,3884.7
6774,654,3999.7
6775,654,3982.8
6776,654,3944.5
6777,654,3950.5
6778,654,3151.2
6779,654,3880.3
6780,654,3954.9
6781,654,3241.5
6782,654,3797.4
6783,654,3947.3
6784,654,3163.6
6785,654,3905.7
6786,654,3926.8
6787,654,3192.4
6788,654,3830.6
6789,654,3953.5
6790,654,3175.8
6791,654,3916.8
6792,654,3967.6
6793,654,3984.1
6794,654,3929.5
6795,654,3150.6
6796,654,3856.2
6797,654,3416.9
6798,654,3629.7
6799,654,3908.1
6800,654,3168.7
6801,654,3875.6
6802,654,3998.6
6803,654,3966.1
6804,654,4027.5
6805,654,4032.3
6806,654,3865.9
6807,654,3116.4
6808,654,3955.3
6809,654,3955.7
6810,654,3102.8
6811,654,3975.1
6812,654,3907.8
6813,654,3215.3
6814,654,3824.4
6815,654,4031.0
6816,654,4006.5
6817,654,3843.7
6818,654,3209.0
6819,654,3835.2
6820,654,3148.6
6821,654,3938.5
6822,654,3867.2
6823,654,3147.2
6824,654,3846.6
6825,654,3135.7
6826,654,3928.9
6827,654,3897.9
6828,654,3189.8
6829,654,3878.4
6830,654,4130.7
6831,654,3876.2
6832,654,3984.8
6833,654,3996.8
6834,654,4020.2
6835,654,3999.0
6836,654,3898.0
6837,654,3167.1
6838,654,3927.9
6839,654,4119.7
6840,654,4212.6
6841,654,3633.6
6842,654,4033.8
6843,654,4247.8
6844,654,4028.4
6845,654,3756.4
6846,654,4232.9
6847,654,3977.1
6848,654,3974.8
6849,654,3757.3
6850,654,4400.0
6851,654,3780.9
6852,654,3846.8
6853,654,3833.8
6854,654,3971.0
6855,654,3995.0
6856,654,3972.5
6857,654,3946.5
6858,654,3210.1
6859,654,3801.6
6860,654,3973.3
6861,654,3158.7
6862,654,3863.1
6863,654,3938.5
6864,654,3195.5
6865,654,3857.9
6866,654,3917.1
6867,654,3169.5
6868,654,3870.4
6869,654,3977.0
6870,654,3098.9
6871,654,3955.0
6872,654,3958.2
6873,654,3963.2
6874,654,3202.1
6875,654,3831.4
6876,654,3921.0
6877,654,3210.8
6878,654,3831.6
6879,654,4312.3
6880,654,4115.6
6881,654,3928.6
6882,654,4046.3
6883,654,3666.8
6884,654,3841.9
6885,654,3287.1
6886,654,3814.4
6887,654,3921.9
6888,654,4025.3
6889,654,4000.2
6890,654,3912.5
6891,654,3129.8
6892,654,3843.1
6893,654,3195.6
6894,654,3890.3
6895,654,3973.4
6896,654,3992.8
6897,654,3962.3
6898,654,3997.8
6899,654,4182.5
6900,654,4172.5
6901,654,3707.4
6902,654,3956.7
6903,654,3913.3
6904,654,3980.9
6905,654,3149.1
6906,654,4228.7
6907,654,4082.4
6908,654,3932.3
6909,654,3662.0
6910,654,3979.1
6911,654,3973.3
6912,654,3959.0
6913,654,3217.9
6914,654,3857.6
6915,654,4002.1
6916,654,3966.3
6917,654,3989.3
6918,654,3997.6
6919,654,4024.1
6920,654,3966.0
6921,654,3945.4
6922,654,3928.7
6923,654,3256.3
6924,654,4153.9
6925,654,4026.8
6926,654,4047.5
6927,654,3938.2
6928,654,3780.3
6929,654,3886.2
6930,654,3981.6
6931,654,4213.5
6932,654,3793.7
6933,654,4027.5
6934,654,3950.3
6935,654,3913.2
6936,654,4042.9
6937,654,3996.6
6938,654,3975.2
6939,654,3917.8
6940,654,3249.4
6941,654,3882.0
6942,654,3961.4
6943,654,3955.1
6944,654,3918.7
6945,654,3256.3
6946,654,3918.0
6947,654,4038.1
6948,654,4009.1
6949,654,3802.5
6950,654,4072.3
6951,654,4396.0
6952,654,4001.9
6953,654,3702.6
6954,654,3790.7
6955,654,4246.5
6956,654,3754.5
6957,654,4014.6
6958,654,3909.7
6959,654,3243.0
6960,654,3772.9
6961,654,3217.5
6962,654,4813.5
6963,654,4410.4
6964,654,3712.3
6965,654,4184.3
6966,654,4011.1
6967,654,3922.8
6968,654,3746.6
6969,654,4260.2
6970,654,4041.7
6971,654,3709.0
6972,654,3961.5
6973,654,3969.2
6974,654,3933.5
6975,654,3105.2
6976,654,4034.8
6977,654,4189.5
6978,654,3785.3
6979,654,3954.0
6980,654,4002.9
6981,654,4256.4
6982,654,4077.5
6983,654,3633.6
6984,654,4218.9
6985,654,4037.6
6986,654,4010.3
6987,654,3850.5
6988,654,3926.4
6989,654,4115.0
6990,654,3781.5
6991,654,3929.3
6992,654,4038.4
6993,654,3985.6
6994,654,4242.1
6995,654,3947.6
6996,654,3754.8
6997,654,3984.7
6998,654,4085.9
6999,654,4005.9
7000,654,3901.6
7001,654,3989.5
7002,654,3961.4
7003,654,4068.4
7004,654,4015.5
7005,654,4235.6
7006,654,3913.3
7007,654,4245.2
7008,654,3658.9
7009,654,3961.8
7010,654,3947.9
7011,654,4023.2
7012,654,3862.8
7013,654,3957.4
7014,654,3152.9
7015,654,3862.3
7016,654,3966.4
7017,654,3151.3
7018,654,3921.0
7019,654,4009.1
7020,654,4240.2
7021,654,3786.8
7022,654,3972.8
7023,654,4231.2
7024,654,3791.7
7025,654,4017.4
7026,654,3885.4
7027,654,4018.9
7028,654,3980.7
7029,654,3967.7
7030,654,3978.6
7031,654,3963.7
7032,654,3998.5
7033,654,4377.4
7034,654,3650.7
7035,654,4305.0
7036,654,3993.9
7037,654,4059.5
7038,654,3680.0
7039,654,3972.3
7040,654,4283.2
7041,654,3962.2
7042,654,4065.0
7043,654,3925.3
7044,654,4856.3
7045,654,3812.2
7046,654,3985.6
7047,654,3980.3
7048,654,3998.1
7049,654,4101.0
7050,654,3858.1
7051,654,3980.9
7052,654,4325.1
7053,654,3733.7
7054,654,3963.0
7055,654,3966.3
7056,654,4013.0
7057,654,4027.1
7058,654,3988.9
7059,654,3989.9
7060,654,3894.0
7061,654,3149.8
7062,654,3943.8
7063,654,3982.8
7064,654,3976.2
7065,654,3922.7
7066,654,3986.3
7067,654,3165.9
7068,654,3910.7
7069,654,3879.2
7070,654,3181.9
7071,654,3874.4
7072,654,3950.5
7073,654,3186.6
7074,654,3838.0
7075,654,3959.8
7076,654,3970.3
7077,654,3166.8
7078,654,3865.7
7079,654,3961.7
7080,654,3954.7
7081,654,3189.4
7082,654,3881.2
7083,654,3936.4
7084,654,3198.2
7085,654,3869.1
7086,654,3913.5
7087,654,3178.0
7088,654,3916.0
7089,654,4232.1
7090,654,3830.4
7091,654,3976.8
7092,654,3868.8
7093,654,4040.3
7094,654,4080.2
7095,654,3936.2
7096,654,4252.8
7097,654,4011.2
7098,654,3852.0
7099,654,4117.6
7100,654,3754.7
7101,654,4194.6
7102,654,3708.3
7103,654,4003.6
7104,654,4001.0
7105,654,3981.4
7106,654,4085.8
7107,654,3865.1
7108,654,4398.0
7109,654,3702.6
7110,654,3836.7
7111,654,3156.4
7112,654,3877.8
7113,654,3975.4
7114,654,4001.3
7115,654,3910.9
7116,654,3186.2
7117,654,3812.0
7118,654,3146.4
7119,654,3867.3
7120,654,3204.1
7121,654,3825.9
7122,654,3914.6
7123,654,3177.5
7124,654,3878.0
7125,654,3958.4
7126,654,4088.5
7127,654,4377.3
7128,654,3594.2
7129,654,3911.3
7130,654,3163.2
7131,654,3823.9
7132,654,3189.3
7133,654,3872.9
7134,654,3984.0
7135,654,3936.5
7136,654,3142.8
7137,654,3957.3
7138,654,4314.5
7139,654,3685.5
7140,654,3898.0
7141,654,3996.4
7142,654,3922.7
7143,654,3125.3
7144,654,3857.7
7145,654,3214.0
7146,654,3866.8
7147,654,3897.1
7148,654,3130.6
7149,654,3856.8
7150,654,3265.8
7151,654,3883.0
7152,654,3911.7
7153,654,3929.1
7154,654,3298.0
7155,654,3766.0
7156,654,4042.5
7157,654,3982.4
7158,654,3985.9
7159,654,3995.7
7160,654,3918.8
7161,654,3253.2
7162,654,3855.9
7163,654,3982.2
7164,654,3879.7
7165,654,3241.1
7166,654,3811.1
7167,654,4101.3
7168,654,3931.6
7169,654,3948.9
7170,654,4035.6
7171,654,3978.0
7172,654,4054.2
7173,654,3906.0
7174,654,3946.7
7175,654,3328.6
7176,654,3714.8
7177,654,3895.0
7178,654,3261.9
7179,654,3819.6
7180,654,4026.5
7181,654,4040.9
7182,654,3856.6
7183,654,3247.4
7184,654,3893.9
7185,654,3952.8
7186,654,4002.7
7187,654,4219.2
7188,654,4049.0
7189,654,3811.4
7190,654,4161.3
7191,654,3831.3
7192,654,3942.0
7193,654,3914.0
7194,654,3884.3
7195,654,3119.0
7196,654,3896.0
7197,654,3148.5
7198,654,3970.2
7199,654,3936.2
7200,654,4224.1
7201,654,3796.6
7202,654,3969.1
7203,654,4243.5
7204,654,4048.4
7205,654,4104.4
7206,654,3890.8
7207,654,3661.9
7208,654,4343.4
7209,654,3795.3
7210,654,4140.3
7211,654,3982.4
7212,654,3991.2
7213,654,3733.5
7214,654,3830.7
7215,654,3237.3
7216,654,3779.7
7217,654,3224.5
7218,654,3773.1
7219,654,3216.3
7220,654,3900.4
7221,654,3931.2
7222,654,3980.8
7223,654,4237.3
7224,654,4086.4
7225,654,4088.1
7226,654,3915.1
7227,654,3756.6
7228,654,3908.4
7229,654,4351.7
7230,654,4019.0
7231,654,3919.8
7232,654,4034.7
7233,654,3742.4
7234,654,3929.9
7235,654,4195.5
7236,654,4050.9
7237,654,3979.2
7238,654,3728.1
7239,654,4183.6
7240,654,4123.5
7241,654,3758.0
7242,654,4154.0
7243,654,4020.6
7244,654,4284.1
7245,654,3427.3
7246,654,4010.0
7247,654,4085.0
7248,654,3845.3
7249,654,4351.8
7250,654,4014.8
7251,654,3915.5
7252,654,3793.6
7253,654,3928.4
7254,654,4204.6
7255,654,4234.3
7256,654,3519.1
7257,654,4344.9
7258,654,3906.2
7259,654,3726.4
7260,654,4004.2
7261,654,3991.9
7262,654,4314.0
7263,654,4061.8
7264,654,3585.4
7265,654,4227.9
7266,654,4024.5
7267,654,3799.6
7268,654,3822.4
7269,654,4296.0
7270,654,4091.2
7271,654,3957.1
7272,654,4016.4
7273,654,3627.4
7274,654,3890.7
7275,654,3229.8
7276,654,3903.2
7277,654,3879.6
7278,654,4026.6
7279,654,3987.8
7280,654,4031.5
7281,654,3880.4
7282,654,3251.7
7283,654,3797.8
7284,654,3970.4
7285,654,3098.1
7286,654,3964.3
7287,654,3934.3
7288,654,3101.4
7289,654,3945.3
7290,654,4096.6
7291,654,3931.7
7292,654,3917.5
7293,654,4022.0
7294,654,3942.0
7295,654,3221.5
7296,654,3918.7
7297,654,3896.8
7298,654,3970.1
7299,654,3972.6
7300,654,3172.6
7301,654,3886.8
7302,654,3937.1
7303,654,3995.2
7304,654,4037.1
7305,654,3934.3
7306,654,3165.8
7307,654,3835.2
7308,654,3939.5
7309,654,3194.0
7310,654,3935.6
7311,654,3958.7
7312,654,3995.5
7313,654,4054.8
7314,654,3995.9
7315,654,3967.2
7316,654,3997.9
7317,654,3990.4
7318,654,3922.0
7319,654,3960.9
7320,654,3236.3
7321,654,3872.6
7322,654,3982.3
7323,654,3885.1
7324,654,3158.3
7325,654,3862.2
7326,654,4041.3
7327,654,4000.0
7328,654,4267.2
7329,654,3738.4
7330,654,4435.4
7331,654,3935.1
7332,654,3742.2
7333,654,4128.8
7334,654,3770.9
7335,654,4254.3
7336,654,4116.0
7337,654,3926.6
7338,654,3916.7
7339,654,3765.3
7340,654,4274.3
7341,654,3713.5
7342,654,3842.0
7343,654,4032.5
7344,654,3902.6
7345,654,3185.5
7346,654,3811.0
7347,654,3192.2
7348,654,3962.6
7349,654,3942.2
7350,654,4048.9
7351,654,4136.5
7352,654,4026.8
7353,654,4117.0
7354,654,3930.6
7355,654,3778.2
7356,654,3919.9
7357,654,3993.7
7358,654,4234.5
7359,654,3761.7
7360,654,4363.6
7361,654,3765.0
7362,654,3885.4
7363,654,3948.9
7364,654,3851.5
7365,654,4052.5
7366,654,4046.1
7367,654,4273.7
7368,654,3712.5
7369,654,3894.4
7370,654,3990.9
7371,654,3974.6
7372,654,4014.1
7373,654,3958.7
7374,654,3146.5
7375,654,3868.6
7376,654,4017.8
7377,654,3980.3
7378,654,3944.9
7379,654,3192.6
7380,654,3874.0
7381,654,3953.7
7382,654,3957.8
7383,654,3178.8
7384,654,3850.8
7385,654,3954.2
7386,654,3104.4
7387,654,3914.0
7388,654,3967.5
7389,654,3150.4
7390,654,3902.4
7391,654,3913.9
7392,654,3198.5
7393,654,3917.8
7394,654,3978.5
7395,654,3887.6
7396,654,3157.5
7397,654,3917.5
7398,654,3905.4
7399,654,3239.3
7400,654,3905.7
7401,654,3944.9
7402,654,3956.2
7403,654,4023.3
7404,654,4038.6
7405,654,3985.0
7406,654,3958.7
7407,654,3982.2
7408,654,3945.2
7409,654,3926.6
7410,654,3261.1
7411,654,3763.9
7412,654,3230.2
7413,654,3978.4
7414,654,4192.2
7415,654,3669.1
7416,654,4367.8
7417,654,3599.6
7418,654,4089.4
7419,654,3917.7
7420,654,3942.7
7421,654,3959.0
7422,654,4060.1
7423,654,4353.2
7424,654,3698.4
7425,654,4268.4
7426,654,3694.8
7427,654,3932.3
7428,654,4285.1
7429,654,4018.1
7430,654,3993.7
7431,654,3832.8
7432,654,4172.1
7433,654,3976.6
7434,654,3804.9
7435,654,4152.5
7436,654,4101.8
7437,654,3933.6
7438,654,4051.4
7439,654,3845.6
7440,654,4076.8
7441,654,3733.5
7442,654,3922.6
7443,654,4209.6
7444,654,3952.0
7445,654,3835.3
7446,654,3866.3
7447,654,3235.2
7448,654,3918.0
7449,654,3947.5
7450,654,3998.0
7451,654,3973.5
7452,654,4021.2
7453,654,3965.5
7454,654,3895.5
7455,654,3830.7
7456,654,3285.4
7457,654,3913.8
7458,654,4020.7
7459,654,3978.4
7460,654,3941.2
7461,654,3934.3
7462,654,4037.8
7463,654,3994.4
7464,654,3903.4
7465,654,3291.5
7466,654,3764.5
7467,654,3938.0
7468,654,3174.1
7469,654,3925.2
7470,654,3967.2
7471,654,3905.6
7472,654,3126.8
7473,654,3978.5
7474,654,3972.4
7475,654,3886.5
7476,654,3259.4
7477,654,3886.6
7478,654,4136.6
7479,654,3863.3
7480,654,4200.6
7481,654,3879.1
7482,654,4217.3
7483,654,3946.0
7484,654,3801.4
7485,654,3889.7
7486,654,3894.7
7487,654,4067.9
7488,654,3991.0
7489,654,4106.4
7490,654,3901.4
7491,654,3921.2
7492,654,3943.0
7493,654,3207.2
7494,654,3902.1
7495,654,3976.6
7496,654,3886.7
7497,654,3263.0
7498,654,3776.0
7499,654,3953.1
7500,654,3227.7
7501,654,3882.5
7502,654,3921.8
7503,654,3947.5
7504,654,3111.4
7505,654,3984.4
7506,654,3885.0
7507,654,3411.2
7508,654,3734.6
7509,654,4212.8
7510,654,3763.0
7511,654,4262.3
7512,654,3989.3
7513,654,3829.1
7514,654,3885.4
7515,654,4205.1
7516,654,4019.5
7517,654,4028.0
7518,654,4057.4
7519,654,3793.7
7520,654,3843.4
7521,654,3929.6
7522,654,4286.5
7523,654,4026.4
7524,654,3686.4
7525,654,4053.1
7526,654,4180.1
7527,654,3856.1
7528,654,4163.4
7529,654,4005.9
7530,654,3732.7
7531,654,3929.0
7532,654,3921.9
7533,654,3265.2
7534,654,3822.5
7535,654,3910.2
7536,654,3949.8
7537,654,3161.0
7538,654,3858.9
7539,654,3095.9
7540,654,3879.4
7541,654,3115.5
7542,654,3957.8
7543,654,4282.2
7544,654,3792.2
7545,654,4188.4
7546,654,3783.4
7547,654,3858.9
7548,654,4053.3
7549,654,4288.5
7550,654,3810.7
7551,654,4021.3
7552,654,3876.8
7553,654,4249.0
7554,654,3767.4
7555,654,4215.7
7556,654,4036.6
7557,654,3740.0
7558,654,3894.4
7559,654,4275.5
7560,654,4039.6
7561,654,3851.1
7562,654,4121.0
7563,654,4017.9
7564,654,3999.3
7565,654,3969.5
7566,654,3812.3
7567,654,3824.5
7568,654,4365.9
7569,654,3955.4
7570,654,4048.5
7571,654,3964.0
7572,654,3990.9
7573,654,3835.4
7574,654,4160.0
7575,654,3657.9
7576,654,4102.0
7577,654,3928.9
7578,654,4220.9
7579,654,3687.6
7580,654,4062.2
7581,654,4194.5
7582,654,3840.2
7583,654,4224.2
7584,654,3991.2
7585,654,4037.1
7586,654,3941.7
7587,654,3764.8
7588,654,4181.8
7589,654,4103.6
7590,654,3560.0
7591,654,3923.9
7592,654,3757.4
7593,654,3415.3
7594,654,3989.2
7595,654,4193.5
7596,654,3855.0
7597,654,4206.6
7598,654,4077.5
7599,654,3847.7
7600,654,4005.3
7601,654,3901.0
7602,654,3802.4
7603,654,4061.0
7604,654,3920.8
7605,654,4188.7
7606,654,3990.0
7607,654,4154.5
7608,654,3765.5
7609,654,3828.2
7610,654,4337.8
7611,654,3968.2
7612,654,3756.7
7613,654,3837.8
7614,654,3223.6
7615,654,3793.0
7616,654,3909.7
7617,654,3696.0
7618,654,3673.4
7619,654,3829.8
7620,654,4242.4
7621,654,3640.5
7622,654,4067.8
7623,654,4195.5
7624,654,4142.9
7625,654,3593.3
7626,654,3897.0
7627,654,3952.0
7628,654,3410.2
7629,654,3654.6
7630,654,3956.3
7631,654,3914.6
7632,654,3165.3
7633,654,3884.7
7634,654,3932.8
7635,654,3174.2
7636,654,3881.5
7637,654,3947.8
7638,654,3136.0
7639,654,3875.0
7640,654,3976.6
7641,654,3210.9
7642,654,3795.8
7643,654,3963.0
7644,654,3151.1
7645,654,3887.7
7646,654,3928.7
7647,654,3284.7
7648,654,3778.6
7649,654,3952.1
7650,654,3919.3
7651,654,3135.8
7652,654,3891.4
7653,654,3154.2
7654,654,3975.1
7655,654,4035.3
7656,654,3853.7
7657,654,4040.7
7658,654,4190.3
7659,654,3855.7
7660,654,3855.1
7661,654,3217.9
7662,654,3882.6
7663,654,3919.4
7664,654,3951.3
7665,654,3211.4
7666,654,3860.5
7667,1380,3921.3
7668,654,3217.4
7669,654,3858.6
7670,654,3919.7
7671,654,3942.1
7672,654,3187.3
7673,654,3901.0
7674,654,3890.2
7675,654,3210.2
7676,654,3956.6
7677,654,3944.1
7678,654,3882.8
7679,654,3258.9
7680,654,3910.3
7681,654,3938.5
7682,654,3997.0
7683,654,4253.0
7684,654,3770.4
7685,654,3983.0
7686,654,4252.6
7687,654,3894.0
7688,654,4085.5
7689,654,3850.1
7690,654,3955.7
7691,654,3903.3
7692,654,4222.5
7693,654,4041.1
7694,654,3732.2
7695,654,4186.3
7696,654,4053.8
7697,654,3774.4
7698,654,4181.2
7699,654,3802.6
7700,654,4191.4
7701,654,3806.8
7702,654,4186.0
7703,654,4156.1
7704,654,3679.8
7705,654,3876.3
7706,654,4027.1
7707,654,3954.1
7708,654,3921.7
7709,654,3921.2
7710,654,3192.9
7711,654,3924.6
7712,654,4049.3
7713,654,4188.1
7714,654,4104.9
7715,654,3772.5
7716,654,3822.0
7717,654,3910.4
7718,654,3130.1
7719,654,3915.2
7720,654,4258.3
7721,654,4064.1
7722,654,3701.2
7723,654,3984.9
7724,654,3853.3
7725,654,3253.7
7726,654,4011.7
7727,654,3906.7
7728,654,4196.9
7729,654,4025.7
7730,654,3676.7
7731,654,3905.0
7732,654,3255.5
7733,654,3750.0
7734,654,3159.9
7735,654,3941.3
7736,654,3957.7
7737,654,3949.4
7738,654,4042.2
7739,654,3978.5
7740,654,3963.9
7741,654,4116.9
7742,654,3943.3
7743,654,4334.9
7744,654,3932.1
7745,654,4070.0
7746,654,3944.5
7747,654,4037.4
7748,654,3667.9
7749,654,4004.5
7750,654,4058.4
7751,654,4128.5
7752,654,4030.8
7753,654,4001.5
7754,654,4033.6
7755,654,3949.3
7756,654,3723.3
7757,654,3974.4
7758,654,4233.9
7759,654,4014.7
7760,654,4111.7
7761,654,3692.7
7762,654,3815.9
7763,654,4040.4
7764,654,3956.8
7765,654,4015.7
7766,654,3993.6
7767,654,3997.0
7768,654,3916.5
7769,654,3237.2
7770,654,3949.2
7771,654,4172.5
7772,654,3764.0
7773,654,3999.6
7774,654,3975.1
7775,654,3890.6
7776,654,3962.3
7777,654,3134.7
7778,654,3961.3
7779,654,3838.9
7780,654,3433.4
7781,654,3790.9
7782,654,3916.9
7783,654,4249.3
7784,654,3776.6
7785,654,3937.5
7786,654,4267.2
7787,654,3736.2
7788,654,3917.1
7789,654,4019.2
7790,654,3994.1
7791,654,3913.4
7792,654,3620.4
7793,654,3472.7
7794,654,3883.5
7795,654,3085.4
7796,654,3950.8
7797,654,3914.4
7798,654,3252.6
7799,654,3799.3
7800,654,4042.6
7801,654,3973.0
7802,654,3985.2
7803,654,3998.9
7804,654,3967.0
7805,654,3219.6
7806,654,4135.9
7807,654,3738.1
7808,654,4021.4
7809,654,3904.5
7810,654,3997.1
7811,654,3977.8
7812,654,3936.5
7813,654,3151.6
7814,654,3926.8
7815,654,3909.6
7816,654,3138.4
7817,654,3885.2
7818,654,4036.5
7819,654,4026.2
7820,654,4029.1
7821,654,4247.4
7822,654,4015.8
7823,654,3973.9
7824,654,3881.9
7825,654,4075.2
7826,654,3755.9
7827,654,4232.6
7828,654,4012.3
7829,654,3995.3
7830,654,4113.2
7831,654,3515.5
7832,654,4010.4
7833,654,4015.8
7834,654,3975.3
7835,654,3997.2
7836,654,3893.1
7837,654,3205.3
7838,654,4190.1
7839,654,3757.8
7840,654,4201.4
7841,654,3769.2
7842,654,4220.8
7843,654,4043.6
7844,654,4090.1
7845,654,3852.7
7846,654,4012.7
7847,654,3869.6
7848,654,3861.8
7849,654,4201.7
7850,654,4051.3
7851,654,3999.6
7852,654,3745.2
7853,654,4198.4
7854,654,3847.9
7855,654,4203.3
7856,654,3687.5
7857,654,3916.3
7858,654,4082.2
7859,654,3995.6
7860,654,3938.9
7861,654,3983.2
7862,654,3990.7
7863,654,3887.7
7864,654,3152.0
7865,654,3944.5
7866,654,4000.7
7867,654,3989.6
7868,654,3889.5
7869,654,3228.1
7870,654,3783.8
7871,654,3967.3
7872,654,3161.0
7873,654,3923.8
7874,654,3887.5
7875,654,3124.2
7876,654,3857.4
7877,654,3210.2
7878,654,3927.3
7879,654,4155.0
7880,654,3832.4
7881,654,4276.2
7882,654,3733.6
7883,654,4008.2
7884,654,3949.7
7885,654,3895.3
7886,654,4000.2
7887,654,3970.7
7888,654,3952.9
7889,654,3156.1
7890,654,3873.7
7891,654,4009.6
7892,654,3977.9
7893,654,4035.7
7894,654,3960.7
7895,654,3991.5
7896,654,3935.8
7897,654,3187.1
7898,654,3794.3
7899,654,3151.8
7900,654,3937.2
7901,654,3917.1
7902,654,4028.9
7903,654,3944.4
7904,654,4073.0
7905,654,3965.4
7906,654,3951.3
7907,654,3158.5
7908,654,3855.1
7909,654,3964.6
7910,654,3471.0
7911,654,3960.0
7912,654,3846.9
7913,654,3842.6
7914,654,3994.8
7915,654,4204.6
7916,654,4036.7
7917,654,3924.4
7918,654,4044.4
7919,654,3864.4
7920,654,3871.7
7921,654,3884.6
7922,654,4038.0
7923,654,3909.3
7924,654,3112.7
7925,654,3864.4
7926,654,3198.6
7927,654,3863.7
7928,654,3870.3
7929,654,3238.0
7930,654,3808.4
7931,654,3158.6
7932,654,3907.4
7933,654,3998.8
7934,654,3936.8
7935,654,4036.0
7936,654,4024.3
7937,654,3974.3
7938,654,3992.3
7939,654,3980.5
7940,654,3929.0
7941,654,3352.3
7942,654,3694.1
7943,654,3923.7
7944,654,3229.8
7945,654,3836.4
7946,654,4003.9
7947,654,3937.1
7948,654,4149.7
7949,654,3919.3
7950,654,3903.5
7951,654,4062.3
7952,654,3908.2
7953,654,3152.3
7954,654,3874.7
7955,654,4292.6
7956,1380,3818.5
7957,654,3983.3
7958,654,3908.4
7959,654,4255.2
7960,654,4057.0
7961,654,3947.3
7962,654,4046.3
7963,654,4002.6
7964,654,3837.6
7965,654,3787.6
7966,654,3997.7
7967,654,3928.0
7968,654,3252.3
7969,654,4134.7
7970,654,3743.0
7971,654,4183.5
7972,654,4052.1
7973,654,3825.4
7974,654,4144.0
7975,654,4079.1
7976,654,3760.2
7977,654,4204.4
7978,654,4047.7
7979,654,3888.9
7980,654,3637.2
7981,654,4334.2
7982,654,3898.8
7983,654,4074.0
7984,654,4003.8
7985,654,3787.5
7986,654,3914.7
7987,654,3972.4
7988,654,3945.0
7989,654,3931.6
7990,654,3196.9
7991,654,3865.8
7992,654,4006.6
7993,654,3870.6
7994,654,3164.9
7995,654,3882.3
7996,654,3946.0
7997,654,3173.7
7998,654,3878.1
7999,654,4049.9
8000,654,3896.7
8001,654,3225.6
8002,654,3854.1
8003,654,3916.6
8004,654,3235.9
8005,654,3870.6
8006,654,3892.0
8007,654,4059.6
8008,654,3990.7
8009,654,3922.2
8010,654,3242.2
8011,654,3775.9
8012,654,4282.0
8013,654,4117.6
8014,654,3737.0
8015,654,3923.7
8016,654,4150.5
8017,654,4110.1
8018,654,3684.4
8019,654,4216.6
8020,654,4211.0
8021,654,3965.1
8022,654,3644.7
8023,654,4036.3
8024,654,4169.7
8025,654,3741.1
8026,654,4038.7
8027,654,4036.1
8028,654,3979.8
8029,654,3821.7
8030,654,4031.8
8031,654,4275.1
8032,654,4031.7
8033,654,3715.6
8034,654,3971.8
8035,654,4281.8
8036,654,4079.0
8037,654,3746.9
8038,654,4138.9
8039,654,4071.0
8040,654,3939.1
8041,654,3783.8
8042,654,4205.7
8043,654,4028.3
8044,654,3608.9
8045,654,4237.8
8046,654,3849.9
8047,654,4295.8
8048,654,3597.7
8049,654,3888.1
8050,654,3215.0
8051,654,3881.1
8052,654,3963.7
8053,654,3936.0
8054,654,3154.2
8055,654,3877.3
8056,654,3953.9
8057,654,3199.0
8058,654,3958.0
8059,654,4208.0
8060,654,3862.0
8061,654,3818.0
8062,654,3905.5
8063,654,3243.9
8064,654,3938.5
8065,654,4049.8
8066,654,3969.1
8067,654,4227.7
8068,654,3999.0
8069,654,3662.8
8070,654,3977.0
8071,654,4006.6
8072,654,4232.6
8073,654,4151.6
8074,654,3652.6
8075,654,4202.1
8076,654,4089.0
8077,654,3575.3
8078,654,3893.1
8079,654,3522.1
8080,654,3739.9
8081,654,4121.3
8082,654,3809.0
8083,654,4171.7
8084,654,3684.1
8085,654,3935.9
8086,654,4044.3
8087,654,4002.6
8088,654,3976.0
8089,654,3993.1
8090,654,3924.8
8091,654,3167.1
8092,654,3861.7
8093,654,4272.5
8094,654,3868.4
8095,654,4262.2
8096,654,4013.7
8097,654,4025.4
8098,654,3914.6
8099,654,4004.0
8100,654,3819.7
8101,654,3826.7
8102,654,4225.8
8103,654,4046.6
8104,654,3691.6
8105,654,4013.2
8106,654,4243.3
8107,654,4013.9
8108,654,3881.3
8109,654,3918.3
8110,654,4017.4
8111,654,4123.1
8112,654,3737.1
8113,654,4104.9
8114,654,4137.7
8115,654,3798.1
8116,654,3881.2
8117,654,3964.0
8118,654,3989.1
8119,654,4004.2
8120,654,3971.2
8121,654,3925.9
8122,654,3430.0
8123,654,3745.4
8124,654,3878.8
8125,654,3951.4
8126,654,3145.2
8127,654,4205.1
8128,654,3780.3
8129,654,4227.7
8130,654,4020.1
8131,654,3827.3
8132,654,3921.5
8133,654,4269.6
8134,654,3952.7
8135,654,3779.9
8136,654,3802.4
8137,654,3976.7
8138,654,3653.3
8139,654,3770.0
8140,654,3817.0
8141,654,3804.3
8142,654,3900.4
8143,654,3115.3
8144,654,3881.2
8145,654,3093.2
8146,654,3917.5
8147,654,3961.3
8148,654,3152.3
8149,654,3827.9
8150,654,4093.9
8151,654,3875.5
8152,654,3189.9
8153,654,3870.1
8154,654,3929.6
8155,654,3363.8
8156,654,3689.6
8157,654,3908.8
8158,654,3174.4
8159,654,3866.7
8160,654,3951.9
8161,654,3170.8
8162,654,3854.4
8163,654,3965.3
8164,654,3145.6
8165,654,3866.1
8166,654,3963.7
8167,654,3547.5
8168,654,3513.9
8169,654,4015.2
8170,654,3950.4
8171,654,3933.8
8172,654,3328.9
8173,654,4075.5
8174,654,3643.8
8175,654,3944.1
8176,654,3172.1
8177,654,3800.7
8178,654,3141.1
8179,654,3840.4
8180,654,3197.2
8181,654,3879.5
8182,654,3885.4
8183,654,3154.2
8184,654,3930.1
8185,654,3887.1
8186,654,3194.1
8187,654,3847.8
8188,654,3103.8
8189,654,3879.9
8190,654,3226.2
8191,654,3951.8
8192,654,3918.8
8193,654,3999.8
8194,654,3974.4
8195,654,3896.7
8196,654,3150.6
8197,654,3860.9
8198,654,4051.6
8199,654,3914.3
8200,654,3229.9
8201,654,3799.2
8202,654,3961.4
8203,654,4066.7
8204,654,3993.2
8205,654,3990.6
8206,654,3991.8
8207,654,3921.7
8208,654,3249.3
8209,654,3829.3
8210,654,3983.8
8211,654,3883.8
8212,654,3593.2
8213,654,3639.1
8214,654,4152.2
8215,654,3976.6
8216,654,3764.0
8217,654,3885.4
8218,654,3966.1
8219,654,3566.6
8220,654,3494.4
8221,654,3996.3
8222,654,3999.5
8223,654,3995.2
8224,654,3917.9
8225,654,3231.4
8226,654,3886.1
8227,654,4278.8
8228,654,3649.6
8229,654,4076.1
8230,654,4207.3
8231,654,3707.4
8232,654,4202.6
8233,654,4105.6
8234,654,3852.7
8235,654,4086.2
8236,654,3841.0
8237,654,3847.4
8238,654,4173.3
8239,654,3816.3
8240,654,3942.9
8241,654,3970.3
8242,654,4022.0
8243,654,4044.8
8244,654,4218.7
8245,654,3816.6
8246,654,4359.4
8247,654,3569.8
8248,654,3885.4
8249,654,3217.1
8250,654,3786.3
8251,654,3235.7
8252,654,3773.8
8253,654,3141.0
8254,654,3994.3
8255,654,4001.8
8256,654,4049.0
8257,654,4164.6
8258,654,3999.9
8259,654,3675.7
8260,654,4226.2
8261,654,3846.9
8262,654,4197.7
8263,654,3842.1
8264,654,4138.9
8265,654,4010.5
8266,654,4056.5
8267,654,3951.9
8268,654,3769.9
8269,654,3820.3
8270,654,4281.9
8271,654,4059.1
8272,654,4005.1
8273,654,4213.1
8274,654,3813.6
8275,654,3600.8
8276,654,3996.5
8277,654,4209.4
8278,654,3942.4
8279,654,3881.1
8280,654,3998.9
8281,654,4220.7
8282,654,3789.3
8283,654,4174.6
8284,654,4061.1
8285,654,3983.7
8286,654,4002.7
8287,654,3817.6
8288,654,3868.9
8289,654,3998.0
8290,654,3966.5
8291,654,3938.0
8292,654,4280.1
8293,654,4062.7
8294,654,3786.9
8295,654,3908.9
8296,654,4309.5
8297,654,3962.6
8298,654,3699.2
8299,654,4276.3
8300,654,4037.1
8301,654,3788.8
8302,654,3870.0
8303,654,3996.2
8304,654,4245.5
8305,654,3680.6
8306,654,3897.5
8307,654,3186.0
8308,654,3831.2
8309,654,3140.1
8310,654,3855.1
8311,654,3119.0
8312,654,3861.0
8313,654,3145.5
8314,654,3908.9
8315,654,3895.4
8316,654,3146.1
8317,654,4210.2
8318,654,4183.6
8319,654,3555.7
8320,654,3903.6
8321,654,3233.7
8322,654,4260.6
8323,654,3916.6
8324,654,4052.6
8325,654,3649.7
8326,654,4226.3
8327,654,3788.5
8328,654,3944.9
8329,654,3975.1
8330,654,4411.1
8331,654,3924.6
8332,654,3811.0
8333,654,4107.3
8334,654,3714.5
8335,654,4231.2
8336,654,3774.0
8337,654,4181.8
8338,654,3723.5
8339,654,3922.0
8340,654,3236.4
8341,654,3914.2
8342,654,4141.0
8343,654,3798.9
8344,654,4012.1
8345,654,3954.9
8346,654,3978.4
8347,654,3987.3
8348,654,3944.0
8349,654,4061.1
8350,654,4141.9
8351,654,4011.4
8352,654,3775.4
8353,654,3904.2
8354,654,3219.0
8355,654,3798.2
8356,654,3204.6
8357,654,3824.1
8358,654,3918.9
8359,654,3171.2
8360,654,3843.1
8361,654,3161.5
8362,654,3823.5
8363,654,3407.5
8364,654,3764.3
8365,654,4183.5
8366,654,4009.1
8367,654,4025.8
8368,654,3717.6
8369,654,4223.9
8370,654,3817.2
8371,654,4166.7
8372,654,4019.3
8373,654,4049.9
8374,654,4073.5
8375,654,3819.8
8376,654,4054.6
8377,654,3730.2
8378,654,3973.7
8379,654,4081.7
8380,654,4197.6
8381,654,3970.5
8382,654,3851.6
8383,654,3792.5
8384,654,3943.7
8385,654,4034.7
8386,654,4220.0
8387,654,4067.3
8388,654,3805.7
8389,654,3954.1
8390,654,4220.5
8391,654,4014.8
8392,654,3994.9
8393,654,4084.1
8394,654,3860.3
8395,654,4067.0
8396,654,3965.3
8397,654,3964.6
8398,654,4030.0
8399,654,3956.4
8400,654,4005.6
8401,654,3995.7
8402,654,3662.7
8403,654,3905.8
8404,654,3997.0
8405,654,4015.1
8406,654,3990.9
8407,654,3960.3
8408,654,3148.8
8409,654,3867.1
8410,654,3945.9
8411,654,3167.7
8412,654,3850.3
8413,654,3973.8
8414,654,3283.6
8415,654,3767.6
8416,654,3936.9
8417,654,3143.2
8418,654,3864.0
8419,654,3995.3
8420,654,3968.7
8421,654,3148.8
8422,654,3830.4
8423,654,3150.9
8424,654,3863.2
8425,654,3963.8
8426,654,3159.7
8427,654,3810.4
8428,654,3181.7
8429,654,3940.5
8430,654,4275.6
8431,654,3648.1
8432,654,3987.6
8433,654,4025.4
8434,654,3997.9
8435,654,4010.3
8436,654,4076.3
8437,654,4169.9
8438,654,3807.1
8439,654,3889.3
8440,654,3908.7
8441,654,3246.3
8442,654,3881.1
8443,654,3906.8
8444,654,3971.3
8445,654,3182.6
8446,654,3888.0
8447,654,3928.6
8448,654,3944.0
8449,654,3166.2
8450,654,3955.3
8451,654,3928.8
8452,654,4038.0
8453,654,4309.6
8454,654,4015.2
8455,654,3973.3
8456,654,3991.5
8457,654,4050.1
8458,654,4102.0
8459,654,3857.6
8460,654,3958.4
8461,654,3984.9
8462,1392,4282.8
8463,654,3594.7
8464,654,4092.0
8465,654,4005.5
8466,654,3720.9
8467,654,3915.4
8468,654,3911.7
8469,654,3234.4
8470,654,4230.4
8471,654,3939.1
8472,654,3729.3
8473,654,4208.6
8474,654,3786.1
8475,654,4206.7
8476,654,4036.9
8477,654,3833.1
8478,654,4266.8
8479,654,3556.0
8480,654,4202.1
8481,654,4097.4
8482,654,3746.0
8483,654,3930.6
8484,654,3858.8
8485,654,3245.3
8486,654,3829.5
8487,654,4013.7
8488,654,4018.6
8489,654,3979.2
8490,654,3925.8
8491,654,4079.4
8492,654,4148.0
8493,654,3877.5
8494,654,4226.9
8495,654,4007.1
8496,654,3706.0
8497,654,3885.9
8498,654,3193.6
8499,654,3842.2
8500,654,3939.8
8501,654,3239.1
8502,654,4131.7
8503,654,3957.9
8504,654,3778.7
8505,654,4222.0
8506,654,4047.1
8507,654,3886.6
8508,654,3713.5
8509,654,3943.1
8510,654,3115.4
8511,654,3905.9
8512,654,3978.7
8513,654,4084.1
8514,654,3965.3
8515,654,3993.2
8516,654,3994.5
8517,654,3941.4
8518,654,3135.1
8519,654,3830.9
8520,654,3131.5
8521,654,3950.3
8522,654,3991.6
8523,654,3887.6
8524,654,3186.6
8525,654,4044.1
8526,654,3860.4
8527,654,3992.7
8528,654,3997.7
8529,654,4004.6
8530,654,3870.4
8531,654,3232.5
8532,654,3913.7
8533,654,3992.7
8534,654,4222.6
8535,654,4044.9
8536,654,4002.1
8537,654,3987.7
8538,654,3884.8
8539,654,3806.0
8540,654,3932.9
8541,654,4248.4
8542,654,3785.1
8543,654,4225.8
8544,654,3777.0
8545,654,4007.9
8546,654,4298.4
8547,654,3603.1
8548,654,4245.4
8549,654,4046.8
8550,654,3744.3
8551,654,4196.8
8552,654,3792.0
8553,654,3931.4
8554,654,3980.1
8555,654,4240.9
8556,654,3728.8
8557,654,4014.6
8558,654,3909.0
8559,654,3327.9
8560,654,3774.3
8561,654,3974.9
8562,654,4022.6
8563,654,3903.0
8564,654,3997.2
8565,654,4029.2
8566,654,3865.5
8567,654,3271.5
8568,654,3790.0
8569,654,3135.5
8570,654,3872.2
8571,654,4031.0
8572,654,3926.6
8573,654,3108.4
8574,654,3884.4
8575,654,3095.7
8576,654,3998.5
8577,654,3968.5
8578,654,3979.2
8579,654,3952.6
8580,654,3964.2
8581,654,3159.6
8582,654,3938.6
8583,654,3850.4
8584,654,3252.9
8585,654,3809.9
8586,654,4034.3
8587,654,3898.7
8588,654,3171.0
8589,654,3869.2
8590,654,3962.0
8591,654,3207.3
8592,654,3915.4
8593,654,3972.5
8594,654,3988.0
8595,654,4028.6
8596,654,3956.8
8597,654,3975.1
8598,654,3963.8
8599,654,4218.9
8600,654,4115.4
8601,654,3822.3
8602,654,4183.5
8603,654,3774.5
8604,654,4176.3
8605,654,3741.7
8606,654,4158.0
8607,654,3979.5
8608,654,3912.1
8609,654,4215.3
8610,654,3669.2
8611,654,4093.6
8612,654,3893.6
8613,654,4092.1
8614,654,3871.2
8615,654,4048.6
8616,654,4188.5
8617,654,4146.0
8618,654,3909.9
8619,654,3983.7
8620,654,4053.3
8621,654,3956.9
8622,654,3786.4
8623,654,4123.6
8624,654,3775.4
8625,654,4272.6
8626,654,3965.1
8627,654,4009.2
8628,654,3961.6
8629,654,3737.7
8630,654,4296.8
8631,654,3733.8
8632,654,4203.2
8633,654,3756.7
8634,654,4009.5
8635,654,4205.4
8636,654,3751.3
8637,654,3955.3
8638,654,3868.7
8639,654,3231.9
8640,654,3852.9
8641,654,3909.4
8642,654,3256.9
8643,654,3886.0
8644,654,3949.3
8645,654,3909.6
8646,654,3972.2
8647,654,3133.7
8648,654,3960.6
8649,654,3968.5
8650,654,3992.2
8651,654,3983.2
8652,654,4008.8
8653,654,3920.5
8654,654,3183.9
8655,654,3891.8
8656,654,3962.0
8657,654,4260.4
8658,654,3864.2
8659,654,3806.0
8660,654,3151.5
8661,654,3937.7
8662,654,3886.3
8663,654,3148.4
8664,654,3909.7
8665,654,3965.2
8666,654,3967.0
8667,654,3990.5
8668,654,3977.1
8669,654,3133.2
8670,654,3882.8
8671,654,3988.4
8672,654,4009.2
8673,654,3997.7
8674,654,3921.3
8675,654,3218.3
8676,654,3798.4
8677,654,3171.3
8678,654,3852.7
8679,654,3957.7
8680,654,3187.9
8681,654,3875.5
8682,654,3951.5
8683,654,3955.2
8684,654,3184.9
8685,654,3873.4
8686,654,3958.8
8687,654,3985.5
8688,654,3970.3
8689,654,3146.2
8690,654,3869.1
8691,654,3986.2
8692,654,3967.8
8693,654,3310.8
8694,654,3816.5
8695,654,3942.9
8696,654,3907.8
8697,654,3240.4
8698,654,3873.1
8699,654,3880.5
8700,654,3148.2
8701,654,3806.7
8702,654,3133.2
8703,654,3889.0
8704,654,3123.0
8705,654,3909.4
8706,654,4015.2
8707,654,3919.4
8708,654,3177.1
8709,654,3907.6
8710,654,4022.9
8711,654,3988.2
8712,654,3923.9
8713,654,3953.5
8714,654,3226.7
8715,654,3815.5
8716,654,3917.4
8717,654,3121.1
8718,654,3949.4
8719,654,3919.8
8720,654,3203.8
8721,654,3821.4
8722,654,3100.9
8723,654,4013.2
8724,654,3908.7
8725,654,4002.4
8726,654,3965.7
8727,654,4040.9
8728,654,3886.1
8729,654,3272.1
8730,654,4143.4
8731,654,3827.0
8732,654,3963.3
8733,654,3879.0
8734,654,3964.3
8735,654,3996.6
8736,654,4025.1
8737,654,3877.2
8738,654,3260.4
8739,654,3775.1
8740,654,3144.0
8741,654,3982.1
8742,654,3910.5
8743,654,4022.6
8744,654,4207.0
8745,654,4095.1
8746,654,3982.6
8747,654,4012.1
8748,654,3783.3
8749,654,3839.8
8750,654,4335.1
8751,654,3994.1
8752,654,3843.8
8753,654,4158.3
8754,654,3979.7
8755,654,3811.7
8756,654,3845.8
8757,654,3990.4
8758,654,4200.8
8759,654,3876.0
8760,654,4020.3
8761,654,4155.2
8762,654,3820.9
8763,654,4175.9
8764,654,4637.0
8765,654,3960.3
8766,654,3148.1
8767,654,3845.9
8768,654,3149.6
8769,654,3828.9
8770,654,3100.5
8771,654,3843.1
8772,654,3310.1
8773,654,3732.1
8774,654,3220.8
8775,654,3904.0
8776,654,4203.8
8777,654,4059.9
8778,654,4103.8
8779,654,3901.1
8780,654,3615.5
8781,654,3998.1
8782,654,3973.6
8783,654,4041.8
8784,654,4021.6
8785,654,3895.2
8786,654,4043.2
8787,654,3994.4
8788,654,3858.2
8789,654,3274.8
8790,654,3918.2
8791,654,3891.0
8792,654,4022.1
8793,654,3923.5
8794,654,3228.9
8795,654,3902.9
8796,654,3828.9
8797,654,3124.2
8798,654,4285.3
8799,654,3738.1
8800,654,3963.7
8801,654,3901.0
8802,654,4036.8
8803,654,4245.1
8804,654,3778.7
8805,654,4299.7
8806,654,3683.0
8807,654,3911.0
8808,654,4339.2
8809,654,3735.3
8810,654,4242.0
8811,654,4018.5
8812,654,4249.4
8813,654,3727.1
8814,654,3883.3
8815,654,4100.8
8816,654,4003.8
8817,654,3920.6
8818,654,4129.3
8819,654,4041.5
8820,654,3610.4
8821,654,3865.9
8822,654,4302.0
8823,654,4122.7
8824,654,3897.9
8825,654,3683.5
8826,654,3908.1
8827,654,3278.9
8828,654,3922.0
8829,654,3921.3
8830,654,3989.0
8831,654,4234.8
8832,654,3790.3
8833,654,4202.6
8834,654,3926.9
8835,654,3880.2
8836,654,3920.0
8837,654,4280.0
8838,654,4009.4
8839,654,3975.6
8840,654,3818.7
8841,654,4161.3
8842,654,3730.2
8843,654,4205.8
8844,654,3797.2
8845,654,4184.8
8846,654,3792.8
8847,654,4231.4
8848,654,3744.8
8849,654,3864.7
8850,654,4297.8
8851,654,4231.2
8852,654,3850.6
8853,654,3707.9
8854,654,3912.8
8855,654,4046.3
8856,654,3923.5
8857,654,3946.0
8858,654,3271.1
8859,654,4184.6
8860,654,3593.6
8861,654,4243.7
8862,654,3800.6
8863,654,4038.4
8864,654,4187.4
8865,654,3685.5
8866,654,4301.1
8867,654,3762.7
8868,654,4200.3
8869,654,4089.3
8870,654,3809.7
8871,654,3969.5
8872,654,3878.7
8873,654,4218.0
8874,654,4053.6
8875,654,3734.8
8876,654,4189.9
8877,654,3823.0
8878,654,4172.1
8879,654,3876.4
8880,654,3910.1
8881,654,4133.4
8882,654,4117.3
8883,654,3954.4
8884,654,3759.6
8885,654,4203.5
8886,654,4138.0
8887,654,4786.5
8888,654,4054.9
8889,654,3759.9
8890,654,4173.5
8891,654,4037.2
8892,654,3996.2
8893,654,3985.1
8894,654,3879.4
8895,654,3764.0
8896,654,3915.0
8897,654,3202.9
8898,654,3958.0
8899,654,3860.6
8900,654,3932.1
8901,654,3215.3
8902,654,3922.2
8903,654,4296.0
8904,654,4110.2
8905,654,3659.7
8906,654,4165.0
8907,654,3686.0
8908,654,3956.5
8909,654,3967.2
8910,654,3250.9
8911,654,4118.6
8912,654,4090.3
8913,654,3930.6
8914,654,3835.7
8915,654,4123.3
8916,654,4000.2
8917,654,3759.3
8918,654,3896.8
8919,654,3924.4
8920,654,3135.5
8921,654,3874.0
8922,654,3999.1
8923,654,3965.1
8924,654,4015.7
8925,654,3955.7
8926,654,3158.4
8927,654,3863.3
8928,654,4086.7
8929,654,3894.5
8930,654,3960.5
8931,654,3152.6
8932,654,3837.1
8933,654,3147.5
8934,654,3866.1
8935,654,3922.5
8936,654,3171.6
8937,654,3881.0
8938,654,4002.9
8939,654,3915.4
8940,654,3175.4
8941,654,3913.0
8942,654,3929.7
8943,654,3192.9
8944,654,4188.0
8945,654,4073.4
8946,654,3907.2
8947,654,3759.5
8948,654,4201.2
8949,654,4019.8
8950,654,4000.9
8951,654,4067.5
8952,654,3558.9
8953,654,4029.8
8954,654,4358.4
8955,654,4055.1
8956,654,3648.0
8957,654,4331.6
8958,654,3604.3
8959,654,3874.4
8960,654,3155.3
8961,654,3807.7
8962,654,3248.8
8963,654,3815.9
8964,654,3947.4
8965,654,3154.2
8966,654,3937.1
8967,654,3941.2
8968,654,4022.6
8969,654,4131.6
8970,654,3898.2
8971,654,3969.5
8972,654,3922.7
8973,654,4086.6
8974,654,3914.0
8975,654,3925.5
8976,654,3192.6
8977,654,4217.7
8978,654,4035.2
8979,654,4286.6
8980,654,3695.3
8981,654,3704.4
8982,654,3912.0
8983,654,4230.0
8984,654,4087.9
8985,654,3995.5
8986,654,3929.3
8987,654,3785.6
8988,654,3971.1
8989,654,3973.4
8990,654,3967.3
8991,654,4056.2
8992,654,4215.3
8993,654,3857.8
8994,654,4157.3
8995,654,3723.3
8996,654,4226.6
8997,654,4010.5
8998,654,4015.8
8999,654,3756.4
9000,654,3847.0
9001,654,3203.1
9002,654,3890.9
9003,654,3896.5
9004,654,3961.7
9005,654,3247.8
9006,654,3878.6
9007,654,4218.1
9008,654,3765.4
9009,654,4248.0
9010,654,3787.4
9011,654,3885.0
9012,654,3948.4
9013,654,3940.0
9014,654,3170.6
9015,654,3877.2
9016,654,4002.6
9017,654,3939.7
9018,654,3276.0
9019,654,3843.8
9020,654,3883.1
9021,654,3144.9
9022,654,3829.2
9023,654,3239.8
9024,654,3761.1
9025,654,3222.5
9026,654,3789.3
9027,654,3966.1
9028,654,3179.0
9029,654,3840.1
9030,654,4059.0
9031,654,3974.7
9032,654,3926.5
9033,654,3227.1
9034,654,3908.4
9035,654,4252.5
9036,654,4098.7
9037,654,3739.2
9038,654,3889.1
9039,654,4257.4
9040,654,4039.9
9041,654,3926.7
9042,654,4120.2
9043,654,3537.3
9044,654,3932.2
9045,654,4034.1
9046,654,3997.5
9047,654,3991.6
9048,654,3963.4
9049,654,4149.7
9050,654,4188.9
9051,654,3867.3
9052,654,4119.3
9053,654,4012.0
9054,654,4065.2
9055,654,3689.2
9056,654,4011.0
9057,654,4157.9
9058,654,3732.7
9059,654,4325.6
9060,654,3994.6
9061,654,3971.4
9062,654,3972.8
9063,654,3839.6
9064,654,4184.4
9065,654,3993.1
9066,654,3975.5
9067,654,3678.7
9068,654,3848.6
9069,654,3233.8
9070,654,3888.5
9071,654,4396.9
9072,654,3670.8
9073,654,3983.6
9074,654,4206.8
9075,654,3745.2
9076,654,3949.2
9077,654,4203.2
9078,654,3794.2
9079,654,4109.2
9080,654,3889.2
9081,654,4231.0
9082,654,3775.1
9083,654,4178.0
9084,654,3904.6
9085,654,4124.1
9086,654,3745.5
9087,654,3900.9
9088,654,4077.6
9089,654,4045.9
9090,654,3901.1
9091,654,3886.4
9092,654,4120.8
9093,654,3871.7
9094,654,3086.3
9095,654,3992.8
9096,654,4271.5
9097,654,4013.2
9098,654,4015.1
9099,654,3767.6
9100,654,3946.7
9101,654,4218.0
9102,654,3886.5
9103,654,4102.6
9104,654,4013.8
9105,654,4070.2
9106,654,4022.6
9107,654,3751.2
9108,654,4110.6
9109,654,4014.6
9110,654,3723.2
9111,654,3948.9
9112,654,4204.9
9113,654,3913.1
9114,654,3797.6
9115,654,4025.7
9116,654,3982.3
9117,654,3916.5
9118,654,3166.0
9119,654,3851.9
9120,654,3966.8
9121,654,3227.1
9122,654,3908.1
9123,654,3847.2
9124,654,3230.1
9125,654,3818.3
9126,654,3898.9
9127,654,3184.5
9128,654,3938.8
9129,654,3955.5
9130,654,3995.5
9131,654,3941.5
9132,654,4337.3
9133,654,4152.5
9134,654,3838.6
9135,654,4130.7
9136,654,3909.0
9137,654,4002.3
9138,654,3751.2
9139,654,4065.8
9140,654,4139.8
9141,654,3677.7
9142,654,4213.4
9143,654,4072.6
9144,654,4010.1
9145,654,3992.7
9146,654,3948.8
9147,654,3768.5
9148,654,3986.1
9149,654,4247.3
9150,654,4070.5
9151,654,3707.5
9152,654,3938.5
9153,654,4024.6
9154,654,3965.4
9155,654,3970.7
9156,654,3974.2
9157,654,3894.3
9158,654,3228.8
9159,654,3900.1
9160,654,4243.0
9161,654,3717.0
9162,654,3909.2
9163,654,4043.7
9164,654,4011.4
9165,654,4005.0
9166,654,3867.8
9167,654,3213.4
9168,654,3866.6
9169,654,3974.0
9170,654,3997.6
9171,654,3927.6
9172,654,3128.3
9173,654,3957.7
9174,654,4067.4
9175,654,3845.6
9176,654,3168.2
9177,654,3862.1
9178,654,3991.3
9179,654,3990.9
9180,654,3916.1
9181,654,3182.5
9182,654,3852.3
9183,654,3146.6
9184,654,3856.6
9185,654,3978.1
9186,654,3143.8
9187,654,3858.5
9188,654,3976.5
9189,654,4017.8
9190,654,3960.6
9191,654,3159.9
9192,654,3843.7
9193,654,3970.6
9194,654,3172.6
9195,654,3836.0
9196,654,3979.6
9197,654,3154.6
9198,654,3861.9
9199,654,3966.5
9200,654,4072.0
9201,654,3894.9
9202,654,3130.8
9203,654,4152.2
9204,654,3986.9
9205,654,3810.9
9206,654,4004.7
9207,654,4039.1
9208,654,3882.0
9209,654,4030.0
9210,654,3994.9
9211,654,3977.7
9212,654,3996.0
9213,654,3982.6
9214,654,4028.7
9215,654,3952.4
9216,654,4245.8
9217,654,4191.1
9218,654,3568.9
9219,654,3905.7
9220,654,3259.8
9221,654,3769.2
9222,654,3929.6
9223,654,3168.3
9224,654,3892.9
9225,654,4022.1
9226,654,4245.6
9227,654,3718.2
9228,654,3901.1
9229,654,3286.5
9230,654,3817.6
9231,654,4254.6
9232,654,3807.5
9233,654,3909.2
9234,654,3996.7
9235,654,4022.5
9236,654,3949.9
9237,654,4013.3
9238,654,4247.6
9239,654,4172.2
9240,654,3845.9
9241,654,4040.5
9242,654,3975.8
9243,654,3993.4
9244,654,3992.4
9245,654,3855.0
9246,654,3849.4
9247,654,3922.6
9248,654,4272.2
9249,654,4147.2
9250,654,3950.5
9251,654,4088.8
9252,654,3702.3
9253,654,4120.9
9254,654,3716.7
9255,654,3895.5
9256,654,3201.5
9257,654,3792.4
9258,654,3225.3
9259,654,4127.0
9260,654,4012.2
9261,654,4051.7
9262,654,4019.7
9263,654,3680.9
9264,654,4190.7
9265,654,4085.1
9266,654,3943.7
9267,654,3792.7
9268,654,3848.5
9269,654,4234.8
9270,654,3721.9
9271,654,3968.3
9272,654,4085.5
9273,654,3945.3
9274,654,4000.2
9275,654,3935.0
9276,654,4057.8
9277,654,4006.8
9278,654,4281.0
9279,654,4125.5
9280,654,3698.8
9281,654,4134.7
9282,654,3901.3
9283,654,3773.6
9284,654,3948.0
9285,654,3982.3
9286,654,3146.3
9287,654,3846.8
9288,654,3108.1
9289,654,3890.4
9290,654,4048.3
9291,654,3993.5
9292,654,3998.6
9293,654,4127.5
9294,654,3901.1
9295,654,3913.3
9296,654,3990.8
9297,654,4282.0
9298,654,4131.1
9299,654,3709.4
9300,654,3923.1
9301,654,4242.1
9302,654,4057.3
9303,654,3958.4
9304,654,4019.1
9305,654,3861.1
9306,654,4115.2
9307,654,3727.9
9308,654,4256.1
9309,654,4015.3
9310,654,3886.5
9311,654,4062.7
9312,654,3833.2
9313,654,4137.7
9314,654,3840.6
9315,654,3915.7
9316,654,3942.3
9317,654,3992.5
9318,654,3898.2
9319,654,3965.4
9320,654,3253.2
9321,654,3785.0
9322,654,4041.0
9323,654,3941.4
9324,654,4028.6
9325,654,3941.2
9326,654,3134.3
9327,654,3884.8
9328,654,4043.6
9329,654,3994.8
9330,654,3983.5
9331,654,4032.0
9332,654,4016.0
9333,654,4229.9
9334,654,3699.2
9335,654,3892.9
9336,654,3168.3
9337,654,3850.8
9338,654,3551.1
9339,654,3564.5
9340,654,3852.3
9341,654,3550.9
9342,654,3531.4
9343,654,4213.8
9344,654,3838.5
9345,654,4212.3
9346,654,4018.2
9347,654,4018.0
9348,654,3830.8
9349,654,3743.2
9350,654,4073.4
9351,654,3981.9
9352,654,3948.1
9353,654,4283.2
9354,654,4160.1
9355,654,3581.6
9356,654,3950.7
9357,654,4033.4
9358,654,4028.7
9359,654,3996.5
9360,654,3949.7
9361,654,3999.7
9362,654,3975.9
9363,654,4281.8
9364,654,4002.2
9365,654,3794.3
9366,654,3967.2
9367,654,3918.3
9368,654,4008.0
9369,654,3984.5
9370,654,4304.6
9371,654,4035.0
9372,654,3972.2
9373,654,3989.2
9374,654,3878.1
9375,654,3770.0
9376,654,4001.4
9377,654,4230.1
9378,654,3762.9
9379,654,4216.6
9380,654,4081.9
9381,654,3874.0
9382,654,4107.0
9383,654,4109.3
9384,654,3940.6
9385,654,3953.5
9386,654,3995.9
9387,654,3979.7
9388,654,3869.0
9389,654,3851.5
9390,654,4191.6
9391,654,4036.2
9392,654,4105.6
9393,654,3959.2
9394,654,3700.7
9395,654,4032.8
9396,654,4142.3
9397,654,4028.0
9398,654,3987.7
9399,654,3984.2
9400,654,3844.7
9401,654,4282.3
9402,654,3757.4
9403,654,3692.0
9404,654,3255.0
9405,654,3910.2
9406,654,4172.2
9407,654,3867.3
9408,654,3958.4
9409,654,4015.3
9410,654,3888.9
9411,654,3935.4
9412,654,4213.4
9413,654,3930.3
9414,654,4213.6
9415,654,3703.0
9416,654,3932.4
9417,654,3952.1
9418,654,4041.6
9419,654,4006.6
9420,654,3983.9
9421,654,3968.2
9422,654,4016.9
9423,654,3919.6
9424,654,4014.1
9425,654,4001.3
9426,654,3993.1
9427,654,3922.9
9428,654,3148.7
9429,654,3873.7
9430,654,3935.6
9431,654,3180.1
9432,654,3853.5
9433,654,3964.8
9434,654,3135.1
9435,654,3882.4
9436,654,3977.1
9437,654,3973.4
9438,654,3181.3
9439,654,3835.6
9440,654,3969.7
9441,654,3179.1
9442,654,3859.3
9443,654,3932.3
9444,654,3167.0
9445,654,3861.2
9446,654,3964.4
9447,654,4011.8
9448,654,3973.5
9449,654,3201.3
9450,654,3857.4
9451,654,3930.4
9452,654,3962.0
9453,654,3948.1
9454,654,3400.9
9455,654,3758.6
9456,654,4116.9
9457,654,3899.4
9458,654,3933.1
9459,654,4123.8
9460,654,4007.9
9461,654,4060.3
9462,654,3737.7
9463,654,4041.9
9464,654,3944.7
9465,654,3981.6
9466,654,3909.6
9467,654,3184.1
9468,654,3838.6
9469,654,3233.4
9470,654,3850.0
9471,654,3982.3
9472,654,3994.6
9473,654,3967.3
9474,654,3915.7
9475,654,3151.7
9476,654,3840.0
9477,654,3259.1
9478,654,3852.7
9479,654,3939.7
9480,654,3926.7
9481,654,3154.0
9482,654,4238.4
9483,654,3742.2
9484,654,3960.9
9485,654,4376.2
9486,654,3546.2
9487,654,3980.1
9488,654,3949.0
9489,654,3283.8
9490,654,4098.0
9491,654,3712.7
9492,654,4036.6
9493,654,4215.6
9494,654,4253.1
9495,654,3680.6
9496,654,3857.4
9497,654,4170.6
9498,654,3704.6
9499,654,4216.1
9500,654,4130.4
9501,654,3723.7
9502,654,4177.8
9503,654,3730.3
9504,654,3999.1
9505,654,4038.0
9506,654,3979.1
9507,654,3876.4
9508,654,3927.6
9509,654,3228.7
9510,654,3941.1
9511,654,3951.3
9512,654,4284.1
9513,654,4003.8
9514,654,4006.9
9515,654,4022.8
9516,654,3964.0
9517,654,3732.3
9518,654,3963.9
9519,654,4220.1
9520,654,4047.1
9521,654,4021.1
9522,654,4031.8
9523,654,3677.0
9524,654,4005.2
9525,654,3887.7
9526,654,4200.7
9527,654,4063.4
9528,654,3837.9
9529,654,3851.6
9530,654,4003.3
9531,654,3925.0
9532,654,3219.6
9533,654,3915.7
9534,654,3944.7
9535,654,3936.5
9536,654,3992.6
9537,654,3981.3
9538,654,3452.7
9539,654,3578.3
9540,654,3913.1
9541,654,3134.2
9542,654,3902.6
9543,654,4028.8
9544,654,4001.3
9545,654,4234.5
9546,654,3788.6
9547,654,3909.1
9548,654,4283.3
9549,654,3839.4
9550,654,3966.0
9551,654,4288.2
9552,654,3963.9
9553,654,3972.3
9554,654,4048.5
9555,654,3781.0
9556,654,3846.1
9557,654,4238.2
9558,654,3846.5
9559,654,3911.1
9560,654,3890.9
9561,654,3459.4
9562,654,4043.5
9563,654,4003.6
9564,654,3873.4
9565,654,3690.7
9566,654,4271.4
9567,654,4097.1
9568,654,3641.9
9569,654,4179.7
9570,654,3903.8
9571,654,4120.3
9572,654,3836.8
9573,654,4146.4
9574,654,3681.8
9575,654,3865.5
9576,654,3225.0
9577,654,3788.2
9578,654,3224.5
9579,654,3827.4
9580,654,3936.4
9581,654,3259.5
9582,654,3866.8
9583,654,3887.5
9584,654,3367.7
9585,654,3699.3
9586,654,3904.2
9587,654,3383.2
9588,654,3673.5
9589,654,3934.0
9590,654,3219.2
9591,654,4157.7
9592,654,3704.1
9593,654,3867.5
9594,654,3207.7
9595,654,3865.3
9596,654,3911.9
9597,654,3190.4
9598,654,3843.2
9599,654,3207.8
9600,654,3805.7
9601,654,4027.1
9602,654,3965.7
9603,654,4258.6
9604,654,3799.6
9605,654,4231.7
9606,654,3707.0
9607,654,3911.6
9608,654,3166.7
9609,654,3880.3
9610,654,3921.9
9611,654,3185.8
9612,654,3911.3
9613,654,4216.5
9614,654,4014.4
9615,654,4042.8
9616,654,3711.0
9617,654,4113.4
9618,654,3927.2
9619,654,4283.9
9620,654,3727.8
9621,654,3966.4
9622,654,4196.1
9623,654,4066.5
9624,654,3673.5
9625,654,4021.1
9626,654,4214.2
9627,654,4017.2
9628,654,4021.7
9629,654,3819.3
9630,654,3939.0
9631,654,4151.6
9632,654,3785.4
9633,654,4185.0
9634,654,3834.7
9635,654,4218.0
9636,654,3977.5
9637,654,3794.4
9638,654,4170.3
9639,654,3729.0
9640,654,4219.4
9641,654,3746.0
9642,654,4256.8
9643,654,3689.1
9644,654,3898.9
9645,654,3220.3
9646,654,3833.7
9647,654,3947.4
9648,654,3170.5
9649,654,3848.6
9650,654,4042.4
9651,654,3888.0
9652,654,3257.4
9653,654,3887.5
9654,654,3935.4
9655,654,3956.5
9656,654,3972.9
9657,654,3138.7
9658,654,3896.6
9659,654,3989.1
9660,654,4387.9
9661,654,3812.5
9662,654,4101.8
9663,654,3701.6
9664,654,3886.0
9665,654,3206.7
9666,654,3812.6
9667,654,3978.3
9668,654,3248.8
9669,654,3783.3
9670,654,3939.9
9671,654,3957.3
9672,654,3204.3
9673,654,3890.8
9674,654,3921.4
9675,654,3162.0
9676,654,3852.1
9677,654,3963.3
9678,654,3127.8
9679,654,3883.4
9680,654,4012.5
9681,654,3931.7
9682,654,3204.5
9683,654,3847.4
9684,654,3907.2
9685,654,3143.1
9686,654,3900.9
9687,654,3191.3
9688,654,4093.0
9689,654,3875.2
9690,654,4069.7
9691,654,3845.4
9692,654,4013.8
9693,654,3914.5
9694,654,3944.6
9695,654,3962.8
9696,654,3175.7
9697,654,3857.4
9698,654,3944.7
9699,654,3195.0
9700,654,3864.3
9701,654,3939.3
9702,654,3172.5
9703,654,3871.0
9704,654,3967.2
9705,654,3952.1
9706,654,3160.1
9707,654,3871.9
9708,654,3981.7
9709,654,3944.3
9710,654,3201.3
9711,654,3869.1
9712,654,3923.6
9713,654,3166.9
9714,654,3855.3
9715,654,3967.7
9716,654,3153.7
9717,654,3865.3
9718,654,4135.2
9719,654,3936.2
9720,654,4065.7
9721,654,3925.5
9722,654,3905.1
9723,654,3948.7
9724,654,3331.9
9725,654,4091.1
9726,654,3720.5
9727,654,3842.8
9728,654,3232.9
9729,654,4105.6
9730,654,3723.8
9731,654,3961.3
9732,654,4041.3
9733,654,4228.3
9734,654,4096.2
9735,654,3734.3
9736,654,3903.1
9737,654,3945.5
9738,654,4008.8
9739,654,3986.2
9740,654,3916.0
9741,654,3136.8
9742,654,3913.1
9743,654,3973.4
9744,654,3085.4
9745,654,3865.3
9746,654,3153.8
9747,654,4837.1
9748,654,3124.3
9749,654,3874.8
9750,654,3168.6
9751,654,3878.4
9752,654,4008.7
9753,654,3994.4
9754,654,3993.3
9755,654,3914.1
9756,654,3133.0
9757,654,3862.1
9758,654,3223.3
9759,654,3817.7
9760,654,3200.6
9761,654,3800.1
9762,654,3928.1
9763,654,3175.6
9764,654,3842.2
9765,654,3234.2
9766,654,3776.4
9767,654,3165.4
9768,654,3810.1
9769,654,3099.8
9770,654,4022.7
9771,654,4272.3
9772,654,4161.8
9773,654,3573.4
9774,654,3928.9
9775,654,3983.5
9776,654,3992.1
9777,654,3872.1
9778,654,3182.4
9779,654,3991.1
9780,654,3969.6
9781,654,4224.8
9782,654,4056.4
9783,654,3749.4
9784,654,4212.4
9785,654,3813.1
9786,654,3884.6
9787,654,3940.9
9788,654,4019.9
9789,654,4218.3
9790,654,3777.3
9791,654,3914.4
9792,654,4038.4
9793,654,3949.3
9794,654,4089.2
9795,654,4231.1
9796,654,4026.3
9797,654,4054.3
9798,654,3834.4
9799,654,3805.8
9800,654,3953.3
9801,654,4264.5
9802,654,3927.5
9803,654,4097.5
9804,654,3999.7
9805,654,3805.7
9806,654,4237.0
9807,654,3626.1
9808,654,3946.3
9809,654,3967.9
9810,654,3954.7
9811,654,3507.0
9812,654,3989.2
9813,654,3896.1
9814,654,3874.6
9815,654,3862.6
9816,654,3890.5
9817,654,4236.2
9818,654,3813.5
9819,654,3974.2
9820,654,4242.7
9821,654,3861.2
9822,654,3822.5
9823,654,4337.3
9824,654,3991.4
9825,654,4077.1
9826,654,3885.2
9827,654,4006.0
9828,654,3780.5
9829,654,3916.2
9830,654,4366.3
9831,654,3917.0
9832,654,3991.7
9833,654,3734.2
9834,654,3917.3
9835,654,3918.4
9836,654,4063.1
9837,654,4035.6
9838,654,3942.5
9839,654,3960.2
9840,654,4058.7
9841,654,4286.1
9842,654,4013.0
9843,654,4072.6
9844,654,3959.5
9845,654,3718.0
9846,654,3916.6
9847,654,4008.5
9848,654,3973.8
9849,654,4088.5
9850,654,4225.9
9851,654,3720.4
9852,654,4072.6
9853,654,3795.6
9854,654,3913.4
9855,654,3159.6
9856,654,3936.6
9857,1369,3989.8
9858,654,4217.6
9859,654,4072.3
9860,654,4031.5
9861,654,3769.5
9862,654,3832.7
9863,654,4003.0
9864,654,4307.3
9865,654,3717.4
9866,654,3926.4
9867,654,4026.2
9868,654,3952.5
9869,654,4046.8
9870,654,4112.6
9871,654,4185.2
9872,654,4043.3
9873,654,4088.9
9874,654,3719.8
9875,654,3878.5
9876,654,4211.6
9877,654,4035.0
9878,654,3993.1
9879,654,3969.9
9880,654,4085.4
9881,654,3731.9
9882,654,3850.6
9883,654,3926.1
9884,654,4369.4
9885,654,4001.8
9886,654,4008.0
9887,654,3789.3
9888,654,4148.9
9889,654,3817.4
9890,654,4181.1
9891,654,4012.4
9892,654,4045.2
9893,654,3943.6
9894,654,3867.5
9895,654,3846.1
9896,654,3888.1
9897,654,4027.2
9898,654,3985.0
9899,654,4234.2
9900,654,3850.9
9901,654,3969.0
9902,654,4207.9
9903,654,3761.8
9904,654,4168.8
9905,654,3816.6
9906,654,3961.1
9907,654,3965.4
9908,654,3946.5
9909,654,4277.3
9910,654,4151.8
9911,654,3956.3
9912,654,3671.4
9913,654,4240.8
9914,654,3776.2
9915,654,3928.3
9916,654,4025.7
9917,654,4243.8
9918,654,4181.2
9919,654,3607.4
9920,654,3951.7
9921,654,3959.4
9922,654,3982.2
9923,654,4300.9
9924,654,4017.0
9925,654,3970.9
9926,654,3695.5
9927,654,4103.6
9928,654,3893.9
9929,654,3956.3
9930,654,3972.0
9931,654,4382.1
9932,654,3615.5
9933,654,4046.7
9934,654,3878.9
9935,654,4032.2
9936,654,4012.4
9937,654,3998.0
9938,654,3918.5
9939,654,3235.9
9940,654,3873.1
9941,654,3903.4
9942,654,4041.3
9943,654,3928.4
9944,654,4059.7
9945,654,3995.6
9946,654,3976.6
9947,654,3943.1
9948,654,3154.9
9949,654,3861.8
9950,654,3919.6
9951,654,3184.1
9952,654,4200.6
9953,654,3698.4
9954,654,3944.1
9955,654,3967.8
9956,654,3167.1
9957,654,3846.1
9958,654,3145.9
9959,654,3821.6
9960,654,3135.6
9961,654,3858.5
9962,654,3117.6
9963,654,3893.2
9964,654,3968.9
9965,654,3140.2
9966,654,3892.9
9967,654,3985.5
9968,654,3961.5
9969,654,3165.9
9970,654,3847.8
9971,654,3948.8
9972,654,3167.3
9973,654,3857.8
9974,654,4043.3
9975,654,3997.8
9976,654,3880.2
9977,654,3189.4
9978,654,4176.8
9979,654,3789.4
9980,654,4096.1
9981,654,3799.9
9982,654,4018.2
9983,654,4291.7
9984,654,3909.5
9985,654,3755.3
9986,654,3998.5
9987,654,3908.9
9988,654,3247.9
9989,654,3768.1
9990,654,3217.6
9991,654,3927.2
9992,654,4338.5
9993,654,3691.6
9994,654,3894.4
9995,654,3983.0
9996,654,4318.1
9997,654,3623.9
9998,654,3919.4
9999,654,3221.6
