iteration,latency_ns,round_trip_us
0,642,3854.3
1,642,4173.4
2,642,3849.2
3,642,3815.5
4,642,4355.2
5,642,3611.8
6,642,3902.0
7,642,3159.2
8,642,4023.3
9,642,3853.2
10,642,3942.1
11,642,3117.3
12,642,3912.4
13,642,3924.3
14,642,3141.4
15,642,4011.8
16,642,3872.3
17,642,3968.2
18,642,3986.3
19,642,3211.1
20,642,3821.7
21,642,3923.4
22,642,3195.5
23,642,3850.6
24,642,3950.8
25,642,3169.9
26,642,3922.8
27,642,3898.9
28,642,3213.9
29,642,3822.0
30,642,3950.6
31,642,4064.1
32,642,4101.9
33,642,3850.6
34,642,4158.8
35,642,3964.7
36,642,3929.3
37,642,3961.8
38,642,4257.5
39,642,3795.8
40,642,4178.7
41,642,3947.6
42,642,3926.9
43,642,3915.7
44,642,4259.8
45,642,3999.7
46,642,3724.4
47,642,4255.4
48,642,3640.6
49,642,3919.9
50,642,3246.2
51,642,3780.1
52,642,3916.8
53,642,3165.3
54,642,3973.8
55,642,3890.6
56,642,3132.2
57,642,3887.6
58,642,3998.0
59,642,4042.4
60,642,3980.8
61,642,3908.9
62,642,3442.3
63,642,4115.9
64,642,3607.4
65,642,4177.2
66,642,3885.6
67,642,3954.1
68,642,3855.8
69,642,3898.9
70,642,3345.4
71,642,3860.5
72,642,4161.5
73,642,3831.0
74,642,4175.9
75,642,3732.1
76,642,4071.6
77,642,3815.8
78,642,3998.6
79,642,4249.8
80,642,3936.0
81,642,4055.6
82,642,4006.7
83,642,4243.4
84,642,3578.4
85,642,3936.6
86,642,4240.0
87,642,4034.3
88,642,4180.7
89,642,3500.0
90,642,4287.4
91,642,3785.7
92,642,3860.9
93,642,4031.6
94,642,4177.0
95,642,4226.8
96,642,3906.7
97,642,3859.3
98,642,3912.6
99,642,3916.9
100,642,4198.9
101,642,3729.8
102,642,4217.2
103,642,3952.5
104,642,3941.9
105,642,4152.0
106,642,3848.5
107,642,3851.2
108,642,4065.1
109,642,4192.5
110,642,4015.7
111,642,3887.8
112,642,4088.4
113,642,3790.4
114,642,4243.8
115,642,3656.5
116,642,3950.0
117,642,3925.4
118,642,3138.8
119,642,3922.0
120,642,3940.5
121,642,3998.8
122,642,4055.1
123,642,3905.1
124,642,3260.0
125,642,4133.8
126,642,4059.5
127,642,3779.5
128,642,3796.2
129,642,3937.4
130,642,3221.4
131,642,3820.7
132,642,4005.3
133,642,3997.7
134,642,3918.7
135,642,3161.4
136,642,3810.2
137,642,3224.8
138,642,3866.2
139,642,3945.2
140,642,3964.5
141,642,3989.4
142,642,3321.1
143,642,4067.4
144,642,4082.0
145,642,3874.2
146,642,3776.0
147,642,4339.6
148,642,3701.1
149,642,3899.5
150,642,4021.6
151,642,3843.9
152,642,4017.9
153,642,4032.0
154,642,4247.0
155,642,3697.0
156,642,3966.9
157,642,3983.2
158,642,3204.9
159,642,3819.2
160,642,3981.2
161,642,4036.5
162,642,4013.6
163,642,3999.2
164,642,3910.4
165,642,3122.9
166,642,4050.6
167,642,3830.9
168,642,4018.4
169,642,4039.6
170,642,4212.8
171,642,3842.4
172,642,4025.2
173,642,4175.5
174,642,4023.7
175,642,3785.6
176,642,3902.8
177,642,4253.1
178,642,3658.4
179,642,3908.8
180,642,3130.5
181,642,3884.5
182,642,3241.7
183,642,3866.6
184,642,4242.9
185,642,4046.9
186,642,3949.9
187,642,4056.9
188,642,3977.7
189,642,3978.2
190,642,3762.5
191,642,3947.1
192,642,3880.9
193,642,4043.2
194,642,4010.6
195,642,3874.8
196,642,3258.2
197,642,3810.0
198,642,3944.8
199,642,3132.6
200,642,3887.1
201,642,4004.4
202,642,3991.1
203,642,3924.2
204,642,4085.5
205,642,3900.4
206,642,3128.7
207,642,3943.0
208,642,3923.3
209,642,3224.7
210,642,3821.9
211,642,4038.1
212,642,3919.3
213,642,3117.2
214,642,4245.9
215,642,4023.6
216,642,3737.6
217,642,4025.0
218,642,3855.9
219,642,3962.9
220,642,4065.3
221,642,3977.6
222,642,3992.5
223,642,3883.0
224,642,3279.7
225,642,3796.5
226,642,3908.1
227,642,3189.0
228,642,3845.2
229,642,3190.7
230,642,3807.9
231,642,4054.8
232,642,4015.3
233,642,3923.4
234,642,4042.8
235,642,3983.5
236,642,4222.4
237,642,3881.0
238,642,4075.3
239,642,3817.0
240,642,4342.6
241,642,3982.8
242,642,3984.3
243,642,3762.1
244,642,4021.3
245,642,3954.3
246,642,3960.5
247,642,3888.0
248,642,3926.6
249,642,3153.6
250,642,3989.4
251,642,3861.9
252,642,3972.1
253,642,3173.7
254,642,3824.7
255,642,3143.5
256,642,3865.8
257,642,3973.3
258,642,3153.3
259,642,3865.3
260,642,3954.7
261,642,3220.2
262,642,3889.3
263,642,3989.2
264,642,3874.8
265,642,3137.3
266,642,3883.5
267,642,3958.4
268,642,3155.4
269,642,3903.1
270,642,3898.2
271,642,3207.7
272,642,3903.9
273,642,4079.5
274,642,3885.4
275,642,3929.2
276,642,3937.4
277,642,3210.6
278,642,3878.9
279,642,3919.8
280,642,3133.9
281,642,3835.1
282,642,3190.7
283,642,3851.0
284,642,3973.5
285,642,3206.4
286,642,3950.3
287,642,3843.8
288,642,3995.9
289,642,4287.4
290,642,3819.4
291,642,3965.4
292,642,4101.9
293,642,4139.1
294,642,3726.5
295,642,4254.5
296,642,3827.5
297,642,3962.8
298,642,4254.7
299,642,3816.9
300,642,4109.9
301,642,3807.7
302,642,3855.0
303,642,3998.7
304,642,3965.4
305,642,4000.9
306,642,3950.9
307,642,3979.2
308,642,3342.3
309,642,3680.4
310,642,4010.8
311,642,3993.1
312,642,3988.9
313,642,3996.2
314,642,3914.7
315,642,3177.1
316,642,3878.8
317,642,3943.1
318,642,3128.9
319,642,3924.6
320,642,3987.7
321,642,4257.1
322,642,3834.9
323,642,3952.3
324,642,3930.6
325,642,4026.9
326,642,3916.5
327,642,4229.6
328,642,3914.8
329,642,3968.7
330,642,3881.1
331,642,4006.4
332,642,3946.9
333,642,3152.9
334,642,3957.5
335,642,4003.2
336,642,4243.4
337,642,4055.7
338,642,3997.4
339,642,3960.7
340,642,3759.2
341,642,4198.1
342,642,4112.4
343,642,3929.8
344,642,4071.5
345,642,3983.3
346,642,3917.5
347,642,3826.5
348,642,3875.7
349,642,4375.2
350,642,3902.0
351,642,3771.2
352,642,4085.8
353,642,3806.4
354,642,4024.2
355,642,4194.3
356,642,4053.0
357,642,3880.2
358,642,3973.5
359,642,3950.6
360,642,4094.6
361,642,3802.5
362,642,3979.1
363,642,3957.9
364,642,4243.5
365,642,4056.8
366,642,3793.3
367,642,4141.0
368,642,4124.5
369,642,3977.9
370,642,3745.7
371,642,4146.7
372,642,4122.3
373,642,3689.0
374,642,4018.3
375,642,4140.5
376,642,3986.7
377,642,3658.5
378,642,4003.7
379,642,4011.3
380,642,4094.1
381,642,3929.6
382,642,3914.5
383,642,3920.6
384,642,3150.5
385,642,3835.6
386,642,3237.5
387,642,3895.7
388,642,3898.2
389,642,4002.5
390,642,4042.7
391,642,3971.6
392,642,4289.4
393,642,4197.6
394,642,3839.2
395,642,3960.8
396,642,3836.7
397,642,3849.0
398,642,4311.4
399,642,3963.9
400,642,3973.9
401,642,3955.7
402,642,4025.0
403,642,3869.7
404,642,4091.1
405,642,3702.0
406,642,4087.9
407,642,4280.1
408,642,4032.1
409,642,4012.2
410,642,3775.3
411,642,4081.0
412,642,4106.8
413,642,3589.5
414,642,3989.2
415,642,4000.6
416,642,3910.7
417,642,4032.2
418,642,4117.3
419,642,4183.9
420,642,3960.2
421,642,3704.2
422,642,3947.9
423,642,4047.9
424,642,4036.9
425,642,4225.5
426,642,3683.4
427,642,4338.8
428,642,3726.8
429,642,3900.1
430,642,3947.3
431,642,3129.0
432,642,3969.2
433,642,3966.8
434,642,3991.7
435,642,4000.6
436,642,3863.1
437,642,3177.6
438,642,3893.6
439,642,4025.5
440,642,3977.1
441,642,3914.7
442,642,3136.9
443,642,3899.4
444,642,3143.3
445,642,3913.7
446,642,3900.8
447,642,3215.0
448,642,4006.3
449,642,3893.0
450,642,3930.8
451,642,3895.1
452,642,3189.4
453,642,3845.3
454,642,3232.7
455,642,3759.3
456,642,3152.4
457,642,3974.4
458,642,3955.9
459,642,3954.9
460,642,4073.8
461,642,3964.6
462,642,4230.7
463,642,4037.1
464,642,3837.6
465,642,3921.4
466,642,4220.3
467,642,4005.0
468,642,3993.4
469,642,4138.2
470,642,3984.0
471,642,3648.1
472,642,4147.0
473,642,4107.6
474,642,3999.2
475,642,3928.0
476,642,4046.4
477,642,3593.4
478,642,3936.8
479,642,4331.3
480,642,3846.2
481,642,3981.5
482,642,4160.0
483,642,3795.5
484,642,4169.8
485,642,3779.8
486,642,4193.3
487,642,4026.4
488,642,4011.7
489,642,3721.9
490,642,3845.5
491,642,3271.6
492,642,3828.0
493,642,3948.4
494,642,3944.5
495,642,4026.4
496,642,3921.8
497,642,3182.6
498,642,3858.3
499,642,4039.7
500,642,3956.4
501,642,3990.9
502,642,4032.0
503,642,3973.0
504,642,4024.1
505,642,3926.2
506,642,3095.6
507,642,3934.8
508,642,3994.2
509,642,3905.6
510,642,3134.6
511,642,3941.8
512,642,4290.9
513,642,3751.3
514,642,3998.2
515,642,3861.5
516,642,3175.0
517,642,3979.8
518,642,4207.8
519,642,3900.5
520,642,3781.5
521,642,3935.2
522,642,3113.8
523,642,3906.4
524,642,3952.9
525,642,3191.4
526,642,3844.4
527,642,3946.2
528,642,3177.8
529,642,3881.8
530,642,3921.4
531,642,3147.5
532,642,3872.3
533,642,3969.8
534,642,3133.5
535,642,3869.2
536,642,4175.1
537,642,3830.8
538,642,3936.6
539,642,3163.0
540,642,3864.9
541,642,4019.5
542,642,3953.6
543,642,3151.9
544,642,3850.4
545,642,3926.0
546,642,3549.1
547,642,3816.3
548,642,3811.4
549,642,3978.4
550,642,4214.1
551,642,4052.7
552,642,3961.2
553,642,4009.0
554,642,3862.2
555,642,3816.5
556,642,4087.2
557,642,4222.8
558,642,3984.0
559,642,3988.7
560,642,3649.2
561,642,3892.7
562,642,3256.4
563,642,3876.0
564,642,4231.1
565,642,4245.4
566,642,3583.0
567,642,3844.8
568,642,3961.2
569,642,4045.6
570,642,3921.0
571,642,3125.6
572,642,3997.4
573,642,3971.9
574,642,4237.9
575,642,4014.9
576,642,4002.6
577,642,4014.3
578,642,3988.2
579,642,3721.1
580,642,4175.1
581,642,4171.8
582,642,3894.4
583,642,4026.8
584,642,3773.0
585,642,4212.0
586,642,3698.3
587,642,4205.8
588,642,3693.3
589,642,3942.5
590,642,4020.4
591,642,3910.7
592,642,3272.2
593,642,3921.7
594,642,3941.7
595,642,4031.7
596,642,4316.7
597,642,3657.5
598,642,3859.2
599,642,3963.5
600,642,3162.5
601,642,4225.8
602,642,3872.9
603,642,4120.3
604,642,3760.5
605,642,3911.9
606,642,3902.4
607,642,3238.6
608,642,3874.2
609,642,3864.9
610,642,3237.7
611,642,3801.4
612,642,3949.7
613,642,3160.3
614,642,3939.6
615,642,3993.8
616,642,3971.0
617,642,3938.5
618,642,4045.3
619,642,4302.8
620,642,3805.5
621,642,4160.9
622,642,3866.5
623,642,4122.5
624,642,4119.5
625,642,3909.7
626,642,3986.0
627,642,3762.7
628,642,4180.0
629,642,4127.8
630,642,3931.9
631,642,3733.3
632,642,4204.2
633,642,3716.2
634,642,3909.5
635,642,4006.4
636,642,4011.3
637,642,3918.7
638,642,4011.3
639,642,4149.6
640,642,3925.3
641,642,4201.0
642,642,4062.3
643,642,4016.3
644,642,3836.8
645,642,3821.9
646,642,3935.9
647,642,3958.1
648,642,3110.1
649,642,4223.2
650,642,3736.5
651,642,4207.2
652,642,3738.9
653,642,3925.7
654,642,3219.8
655,642,3767.6
656,642,3132.5
657,642,4319.6
658,642,3969.4
659,642,3771.9
660,642,3866.2
661,642,3924.6
662,642,4331.5
663,642,3785.9
664,642,4224.9
665,642,3780.3
666,642,3949.6
667,642,4209.0
668,642,4053.4
669,642,3989.5
670,642,4071.1
671,642,3680.0
672,642,4189.7
673,642,3784.6
674,642,4192.6
675,642,3795.7
676,642,4180.0
677,642,3795.5
678,642,3966.7
679,642,4005.3
680,642,3940.7
681,642,4080.7
682,642,4187.1
683,642,3669.2
684,642,3996.0
685,642,3893.7
686,642,3210.5
687,642,3806.6
688,642,3202.4
689,642,3812.5
690,642,4011.4
691,642,3969.4
692,642,4053.9
693,642,3923.1
694,642,3229.7
695,642,3783.1
696,642,4014.6
697,642,3955.0
698,642,3240.0
699,642,3787.1
700,642,3961.1
701,642,4016.7
702,642,3984.0
703,642,4034.7
704,642,3920.5
705,642,3240.6
706,642,3799.1
707,642,3953.2
708,642,3086.6
709,642,3911.6
710,642,4023.9
711,642,3979.9
712,642,4264.9
713,642,3812.3
714,642,3917.8
715,642,4007.0
716,642,3975.8
717,642,4254.0
718,642,4188.2
719,642,3735.3
720,642,3824.6
721,642,4189.2
722,642,4085.5
723,642,3802.7
724,642,4171.9
725,642,4126.1
726,642,3904.7
727,642,3968.0
728,642,3745.9
729,642,4254.8
730,642,3812.2
731,642,4122.6
732,642,4007.8
733,642,4000.7
734,642,4099.7
735,642,3933.9
736,642,3999.4
737,642,3746.3
738,642,4152.7
739,642,3897.6
740,642,3870.1
741,642,4192.5
742,642,3819.8
743,642,4183.8
744,642,3734.7
745,642,3934.8
746,642,3939.9
747,642,3185.9
748,642,3927.9
749,642,4045.1
750,642,3918.4
751,642,3899.0
752,642,3982.0
753,642,3158.1
754,642,3886.5
755,642,3979.6
756,642,4020.0
757,642,3887.0
758,642,3123.8
759,642,3873.6
760,642,3214.7
761,642,3772.0
762,642,3150.4
763,642,3839.6
764,642,3207.7
765,642,3842.0
766,642,3912.6
767,642,3153.5
768,642,3960.8
769,642,3968.1
770,642,3950.1
771,642,3143.8
772,642,3860.5
773,642,4046.8
774,642,3991.8
775,642,4225.9
776,642,3739.7
777,642,3977.2
778,642,3978.0
779,642,4039.7
780,642,3914.6
781,642,3221.6
782,642,3853.6
783,642,3937.1
784,642,3952.6
785,642,3164.2
786,642,3870.0
787,642,3971.5
788,642,4010.9
789,642,4029.2
790,642,3970.8
791,642,3983.2
792,642,3999.4
793,642,3954.8
794,642,3197.0
795,642,3868.0
796,642,3954.3
797,642,3948.9
798,642,3161.0
799,642,3862.3
800,642,3993.3
801,642,3967.6
802,642,3378.7
803,642,3720.0
804,642,4216.7
805,642,3902.3
806,642,3904.1
807,642,4200.6
808,642,3866.3
809,642,4134.8
810,642,3873.6
811,642,3906.1
812,642,4250.0
813,642,3751.8
814,642,3861.0
815,642,3981.2
816,642,3983.5
817,642,4021.8
818,642,3974.9
819,642,3929.7
820,642,3188.0
821,642,3848.4
822,642,3924.9
823,642,3197.2
824,642,3857.6
825,642,3933.8
826,642,3163.5
827,642,3919.7
828,642,4004.8
829,642,3883.0
830,642,3181.0
831,642,3944.4
832,642,4053.0
833,642,3911.0
834,642,4048.1
835,642,4036.9
836,642,4187.9
837,642,3855.3
838,642,4320.1
839,642,3879.3
840,642,3959.5
841,642,3987.8
842,642,3784.6
843,642,4078.0
844,642,4109.2
845,642,4002.4
846,642,3701.0
847,642,3969.9
848,642,4328.9
849,642,4054.8
850,642,3687.6
851,642,4179.0
852,642,4038.3
853,642,3714.4
854,642,3911.3
855,642,3995.8
856,642,4009.0
857,642,4044.4
858,642,3998.2
859,642,4001.7
860,642,4020.3
861,642,4006.8
862,642,3869.3
863,642,3995.3
864,642,3989.7
865,642,3993.5
866,642,3894.6
867,642,3278.7
868,642,3978.3
869,642,3826.2
870,642,3984.0
871,642,3947.4
872,642,3926.5
873,642,3130.6
874,642,3866.5
875,642,3568.3
876,642,3623.3
877,642,4003.6
878,642,3830.2
879,642,4027.9
880,642,4244.2
881,642,3759.7
882,642,3910.9
883,642,3172.0
884,642,3845.6
885,642,3968.7
886,642,4026.4
887,642,3955.1
888,642,3153.8
889,642,3870.2
890,642,3941.6
891,642,4037.9
892,642,3996.0
893,642,3974.5
894,642,3979.5
895,642,4073.8
896,642,3872.9
897,642,3167.7
898,642,3856.5
899,642,3204.4
900,642,3823.2
901,642,3964.3
902,642,3966.0
903,642,3186.4
904,642,3925.2
905,642,4177.4
906,642,3854.2
907,642,3942.4
908,642,4014.5
909,642,3877.8
910,642,3980.1
911,642,3980.3
912,642,3118.4
913,642,3850.7
914,642,3177.8
915,642,3885.0
916,642,4009.7
917,642,3918.5
918,642,3159.0
919,642,3934.6
920,642,3917.8
921,642,3974.2
922,642,4279.4
923,642,4065.9
924,642,3751.4
925,642,3945.9
926,642,3944.3
927,642,4034.3
928,642,4101.2
929,642,3915.5
930,642,3861.4
931,642,3319.1
932,642,3830.6
933,642,3966.0
934,642,3967.0
935,642,3907.7
936,642,3515.9
937,642,3709.7
938,642,3777.2
939,642,3966.8
940,642,3236.5
941,642,4757.0
942,642,3230.7
943,642,3887.0
944,642,3969.5
945,642,3968.4
946,642,3974.1
947,642,3993.1
948,642,4332.5
949,642,3848.4
950,642,4118.6
951,642,4046.6
952,642,3975.9
953,642,3763.3
954,642,4122.3
955,642,3922.0
956,642,4123.6
957,642,4021.0
958,642,4130.3
959,642,3564.2
960,642,3872.6
961,642,4256.0
962,642,4119.6
963,642,3982.4
964,642,4035.1
965,642,3760.6
966,642,3870.4
967,642,3968.3
968,642,4264.8
969,642,4116.0
970,642,3931.2
971,642,3693.2
972,642,3991.9
973,642,3975.5
974,642,3965.2
975,642,4222.1
976,642,3884.7
977,642,4159.3
978,642,4031.5
979,642,3768.6
980,642,4193.5
981,642,4037.3
982,642,4681.0
983,642,4015.5
984,642,3927.3
985,642,4282.9
986,642,4044.7
987,642,3714.5
988,642,4218.2
989,642,4256.9
990,642,3828.6
991,642,3737.3
992,642,4140.3
993,642,3834.6
994,642,4278.1
995,642,3983.9
996,642,3832.2
997,642,3807.2
998,642,3916.6
999,642,4250.8
1000,642,4069.8
1001,642,3995.0
1002,642,3989.6
1003,642,3791.8
1004,642,3932.1
1005,642,3988.1
1006,642,4204.0
1007,642,4046.5
1008,642,3983.0
1009,642,4003.5
1010,642,3772.0
1011,642,4155.2
1012,642,3797.5
1013,642,4236.5
1014,642,3680.3
1015,642,4235.9
1016,642,3793.1
1017,642,3934.0
1018,642,3962.0
1019,642,4023.9
1020,642,3970.8
1021,642,3943.2
1022,642,3233.7
1023,642,3881.5
1024,642,3999.5
1025,642,3937.7
1026,642,4064.4
1027,642,4219.1
1028,642,4245.6
1029,642,3917.2
1030,642,3589.8
1031,642,4058.5
1032,642,4295.3
1033,642,3645.4
1034,642,3877.9
1035,642,3987.0
1036,642,3901.8
1037,642,3161.6
1038,642,3890.5
1039,642,3968.0
1040,642,4001.0
1041,642,3983.3
1042,642,3991.0
1043,642,4016.7
1044,642,3963.5
1045,642,3189.7
1046,642,3838.7
1047,642,3944.6
1048,642,3174.0
1049,642,3880.7
1050,642,3923.3
1051,642,3199.4
1052,642,3874.8
1053,642,3906.3
1054,642,3158.8
1055,642,3925.0
1056,642,3934.0
1057,642,3963.7
1058,642,3155.9
1059,642,3862.2
1060,642,4037.9
1061,642,3919.7
1062,642,3157.1
1063,642,4197.7
1064,642,4780.1
1065,642,4216.1
1066,642,3856.0
1067,642,3964.0
1068,642,4255.8
1069,642,3794.2
1070,642,4036.0
1071,642,3796.4
1072,642,4255.8
1073,642,4022.7
1074,642,4025.8
1075,642,3966.1
1076,642,3795.5
1077,642,3940.0
1078,642,4227.6
1079,642,3995.4
1080,642,3733.4
1081,642,3956.7
1082,642,3900.0
1083,642,3955.4
1084,642,3264.3
1085,642,3743.2
1086,642,3190.3
1087,642,3814.3
1088,642,3936.9
1089,642,3160.5
1090,642,3977.8
1091,642,4033.0
1092,642,3850.6
1093,642,3217.1
1094,642,3985.8
1095,642,3872.9
1096,642,3951.5
1097,642,4317.0
1098,642,3787.8
1099,642,4033.5
1100,642,4176.6
1101,642,3982.1
1102,642,3993.9
1103,642,3719.5
1104,642,4288.9
1105,642,4919.0
1106,642,4034.9
1107,642,3964.7
1108,642,3648.9
1109,642,4231.1
1110,642,4068.0
1111,642,4017.9
1112,642,3755.3
1113,642,4226.0
1114,642,3733.1
1115,642,3989.6
1116,642,4212.0
1117,642,3694.6
1118,642,3895.8
1119,642,3263.1
1120,642,3864.6
1121,642,3982.3
1122,642,3921.6
1123,642,4036.1
1124,642,3927.3
1125,642,3981.9
1126,642,3215.9
1127,642,3896.8
1128,642,3923.5
1129,642,3989.1
1130,642,4000.6
1131,642,3979.7
1132,642,4452.4
1133,642,3595.7
1134,642,3973.3
1135,642,4229.1
1136,642,3772.8
1137,642,3932.3
1138,642,3946.9
1139,642,4317.3
1140,642,4146.9
1141,642,3625.1
1142,642,4015.6
1143,642,3934.5
1144,642,4002.2
1145,642,3885.3
1146,642,4046.4
1147,642,3926.8
1148,642,3162.3
1149,642,3942.3
1150,642,3966.9
1151,642,3994.0
1152,642,3951.9
1153,642,3200.3
1154,642,3833.0
1155,642,3930.6
1156,642,3152.6
1157,642,3930.8
1158,642,3923.8
1159,642,3151.3
1160,642,3986.8
1161,642,3940.7
1162,642,3981.0
1163,642,4006.5
1164,642,3959.0
1165,642,3966.6
1166,642,3947.5
1167,642,3403.1
1168,642,3759.1
1169,642,3887.7
1170,642,4233.7
1171,642,3921.0
1172,642,3854.3
1173,642,3956.6
1174,642,3915.1
1175,642,3160.4
1176,642,3908.7
1177,642,4245.9
1178,642,4044.6
1179,642,4022.7
1180,642,4006.2
1181,642,4029.9
1182,642,3958.4
1183,642,3825.0
1184,642,4112.3
1185,642,4018.2
1186,642,3987.8
1187,642,3780.4
1188,642,4086.2
1189,642,4111.6
1190,642,3757.1
1191,642,3873.5
1192,642,4272.0
1193,642,4061.1
1194,642,4091.5
1195,642,3769.4
1196,642,4106.8
1197,642,4121.2
1198,642,3913.7
1199,642,3673.8
1200,642,4238.0
1201,642,3696.9
1202,642,3892.3
1203,642,3253.9
1204,642,3814.0
1205,642,4028.8
1206,642,3980.4
1207,642,3942.4
1208,642,3997.9
1209,642,4418.4
1210,642,3997.5
1211,642,3751.2
1212,642,4182.7
1213,642,3693.8
1214,642,3942.7
1215,642,3953.4
1216,642,4364.5
1217,642,4028.1
1218,642,3756.6
1219,642,3951.6
1220,642,3976.8
1221,642,4294.1
1222,642,3970.1
1223,642,3885.0
1224,642,4082.5
1225,642,3753.5
1226,642,4276.0
1227,642,3873.0
1228,642,4165.7
1229,642,3911.0
1230,642,3826.3
1231,642,4221.9
1232,642,3988.8
1233,642,3692.0
1234,642,4026.5
1235,642,4012.5
1236,642,4138.6
1237,642,3861.5
1238,642,4216.5
1239,642,3656.4
1240,642,4054.0
1241,642,3836.8
1242,642,3942.6
1243,642,3244.6
1244,642,4165.7
1245,642,3632.0
1246,642,4345.7
1247,642,3723.5
1248,642,3928.1
1249,642,4006.5
1250,642,3983.6
1251,642,4113.4
1252,642,4160.7
1253,642,3761.1
1254,642,3940.9
1255,642,3971.5
1256,642,4213.8
1257,642,3721.0
1258,642,3991.3
1259,642,4312.4
1260,642,3900.8
1261,642,4142.8
1262,642,4103.4
1263,642,3910.0
1264,642,3954.2
1265,642,3874.4
1266,642,3845.1
1267,642,4207.0
1268,642,4032.4
1269,642,3710.5
1270,642,3965.2
1271,642,3977.1
1272,642,3929.5
1273,642,3975.1
1274,642,3314.3
1275,642,3714.2
1276,642,4013.6
1277,642,3900.1
1278,642,3148.7
1279,642,3944.3
1280,642,4020.6
1281,642,4134.8
1282,642,3777.7
1283,642,4072.1
1284,642,3897.2
1285,642,3165.7
1286,642,4240.5
1287,642,3774.2
1288,642,3923.5
1289,642,3907.0
1290,642,3954.6
1291,642,3960.2
1292,642,3187.4
1293,642,3865.3
1294,642,3936.0
1295,642,3175.7
1296,642,3869.5
1297,642,3955.8
1298,642,3147.4
1299,642,3857.7
1300,642,3945.1
1301,642,3129.6
1302,642,3888.8
1303,642,3153.1
1304,642,3861.6
1305,642,3991.4
1306,642,3935.2
1307,642,3253.7
1308,642,3808.3
1309,642,3973.9
1310,642,4101.2
1311,642,3899.3
1312,642,3958.0
1313,642,3140.6
1314,642,3875.7
1315,642,4039.7
1316,642,3908.9
1317,642,3161.9
1318,642,3831.9
1319,642,3244.7
1320,642,3765.0
1321,642,4056.1
1322,642,3968.7
1323,642,4278.9
1324,642,4115.0
1325,642,3720.0
1326,642,3850.4
1327,642,4002.4
1328,642,4007.6
1329,642,4022.2
1330,642,3919.4
1331,642,3965.6
1332,642,3237.2
1333,642,3879.1
1334,642,3978.7
1335,642,3910.7
1336,642,3955.1
1337,642,3242.2
1338,642,3869.9
1339,642,4253.2
1340,642,4037.2
1341,642,3748.5
1342,642,3889.4
1343,642,4015.7
1344,642,3910.5
1345,642,3231.3
1346,642,3798.8
1347,642,4134.7
1348,642,3929.3
1349,642,3900.3
1350,642,4073.2
1351,642,4113.1
1352,642,4027.0
1353,642,3862.7
1354,642,3914.1
1355,642,3938.1
1356,642,3274.6
1357,642,3856.2
1358,642,3880.8
1359,642,3966.0
1360,642,3297.8
1361,642,3824.7
1362,642,3969.6
1363,642,3978.0
1364,642,3914.0
1365,642,3126.1
1366,642,3882.3
1367,642,4042.7
1368,642,3993.2
1369,642,3984.1
1370,642,4053.0
1371,642,3982.7
1372,642,3919.9
1373,642,4031.6
1374,642,4006.2
1375,642,4133.8
1376,642,3923.0
1377,642,4050.1
1378,642,4161.6
1379,642,3719.7
1380,642,4379.4
1381,642,4014.6
1382,642,3926.7
1383,642,3951.3
1384,642,3638.9
1385,642,3955.3
1386,642,3935.2
1387,642,3532.5
1388,642,3597.4
1389,642,4242.4
1390,642,3766.7
1391,642,4283.7
1392,642,4067.7
1393,642,3758.4
1394,642,4118.6
1395,642,4003.5
1396,642,3693.2
1397,642,4268.3
1398,642,4089.2
1399,642,4057.0
1400,642,3689.3
1401,642,4125.6
1402,642,4015.6
1403,642,4007.0
1404,642,3973.0
1405,642,4026.8
1406,642,3605.7
1407,642,3931.9
1408,642,4063.9
1409,642,3912.0
1410,642,3291.4
1411,642,3830.8
1412,642,4235.7
1413,642,3780.8
1414,642,4136.5
1415,642,4077.3
1416,642,3735.6
1417,642,4241.9
1418,642,4038.5
1419,642,3648.3
1420,642,4164.8
1421,642,3890.1
1422,642,3926.3
1423,642,4028.1
1424,642,4296.7
1425,642,3970.4
1426,642,3997.5
1427,642,3977.1
1428,642,3742.4
1429,642,4197.8
1430,642,4151.6
1431,642,3735.6
1432,642,4119.3
1433,642,4322.0
1434,642,3718.3
1435,642,3640.4
1436,642,3893.1
1437,642,3134.7
1438,642,3861.2
1439,642,3168.4
1440,642,4162.2
1441,642,4065.8
1442,642,3747.7
1443,642,3862.5
1444,642,4155.1
1445,642,4167.3
1446,642,3729.2
1447,642,3911.8
1448,642,4029.0
1449,642,4237.4
1450,642,3788.4
1451,642,4073.2
1452,642,4160.7
1453,642,4160.1
1454,642,3886.7
1455,642,3650.1
1456,642,4271.9
1457,642,3694.9
1458,642,3905.7
1459,642,3253.4
1460,642,3780.7
1461,642,3961.3
1462,642,3196.2
1463,642,3919.3
1464,642,3981.7
1465,642,3965.7
1466,642,3993.7
1467,642,3998.0
1468,642,3991.3
1469,642,3927.8
1470,642,3190.1
1471,642,3854.7
1472,642,4003.6
1473,642,3996.8
1474,642,3996.3
1475,642,3865.0
1476,642,3184.1
1477,642,3882.0
1478,642,3150.3
1479,642,3898.7
1480,642,3987.4
1481,642,3979.6
1482,642,3967.4
1483,642,4322.8
1484,642,3738.2
1485,642,4245.8
1486,642,4029.5
1487,642,3777.8
1488,642,4245.6
1489,642,4012.0
1490,642,3680.7
1491,642,3980.6
1492,642,4027.5
1493,642,4202.1
1494,642,3847.0
1495,642,4136.0
1496,642,3834.9
1497,642,3892.2
1498,642,4305.6
1499,642,3987.5
1500,642,3979.7
1501,642,3768.4
1502,642,4136.9
1503,642,3695.6
1504,642,3916.0
1505,642,3253.2
1506,642,3870.0
1507,642,3870.1
1508,642,3182.6
1509,642,3831.5
1510,642,3926.2
1511,642,3212.8
1512,642,3784.0
1513,642,3248.3
1514,642,3940.3
1515,642,3939.1
1516,642,3939.6
1517,642,3940.3
1518,642,3152.8
1519,642,3922.7
1520,642,4015.5
1521,642,4021.3
1522,642,3908.7
1523,642,3927.4
1524,642,3224.8
1525,642,3836.8
1526,642,3945.8
1527,642,3926.2
1528,642,3220.6
1529,642,3880.6
1530,642,3925.3
1531,642,3175.0
1532,642,3827.9
1533,642,3137.3
1534,642,3886.4
1535,642,3969.5
1536,642,3084.5
1537,642,3872.5
1538,642,3258.9
1539,642,3863.0
1540,642,3889.5
1541,642,3225.6
1542,642,3777.0
1543,642,4060.2
1544,642,3995.7
1545,642,4000.2
1546,642,4009.3
1547,642,3984.2
1548,642,3926.9
1549,642,3985.3
1550,642,3987.2
1551,642,3979.2
1552,642,3940.9
1553,642,3198.0
1554,642,3853.6
1555,642,3968.6
1556,642,3235.4
1557,642,3802.8
1558,642,3974.8
1559,642,3998.1
1560,642,3923.5
1561,642,3228.9
1562,642,3884.9
1563,642,3943.1
1564,642,3985.7
1565,642,3986.9
1566,642,3982.9
1567,642,3973.5
1568,642,3149.5
1569,642,3876.7
1570,642,3957.4
1571,642,4003.2
1572,642,3989.2
1573,642,4188.6
1574,642,4042.3
1575,642,4007.4
1576,642,3902.8
1577,642,4083.5
1578,642,3799.6
1579,642,3983.1
1580,642,3922.3
1581,642,4059.1
1582,642,3921.6
1583,642,3153.4
1584,642,3817.4
1585,642,3636.0
1586,642,3494.2
1587,642,3945.0
1588,642,4256.8
1589,642,3731.8
1590,642,4316.0
1591,642,3972.4
1592,642,4054.3
1593,642,3679.8
1594,642,3959.0
1595,642,4292.8
1596,642,3993.1
1597,642,3983.8
1598,642,3979.8
1599,642,3912.7
1600,642,3715.7
1601,642,3925.0
1602,642,3239.6
1603,642,3811.5
1604,642,4257.7
1605,642,4168.1
1606,642,3929.9
1607,642,3970.6
1608,642,3795.5
1609,642,3903.3
1610,642,3934.1
1611,642,3964.3
1612,642,4035.1
1613,642,4251.4
1614,642,3811.1
1615,642,3975.2
1616,642,3954.1
1617,642,3994.9
1618,642,3914.4
1619,642,4046.6
1620,642,4276.3
1621,642,3779.0
1622,642,3941.2
1623,642,4256.2
1624,642,3866.0
1625,642,4140.3
1626,642,4038.7
1627,642,4038.5
1628,642,3705.0
1629,642,4084.8
1630,642,4107.8
1631,642,3988.8
1632,642,3980.6
1633,642,3681.8
1634,642,3962.8
1635,642,4027.7
1636,642,3931.5
1637,642,4067.3
1638,642,3914.7
1639,642,3205.7
1640,642,3889.5
1641,642,3914.4
1642,642,4041.5
1643,642,3967.5
1644,642,3971.1
1645,642,3985.9
1646,642,4320.5
1647,642,4057.8
1648,642,4073.3
1649,642,3748.4
1650,642,3867.2
1651,642,4321.2
1652,642,3910.1
1653,642,3705.1
1654,642,4216.9
1655,642,4218.3
1656,642,3537.2
1657,642,3884.4
1658,642,3484.4
1659,642,3684.6
1660,642,3906.9
1661,642,4360.1
1662,642,3687.7
1663,642,4364.9
1664,642,3989.9
1665,642,3902.2
1666,642,3778.2
1667,642,3891.6
1668,642,4371.6
1669,642,3654.0
1670,642,3934.7
1671,642,3974.0
1672,642,4264.4
1673,642,3853.8
1674,642,4172.9
1675,642,4060.9
1676,642,3936.7
1677,642,3985.5
1678,642,3788.2
1679,642,3917.0
1680,642,3970.0
1681,642,4324.2
1682,642,3971.3
1683,642,3984.7
1684,642,3997.5
1685,642,3768.3
1686,642,3865.8
1687,642,4274.2
1688,642,4059.8
1689,642,4005.4
1690,642,4025.2
1691,642,3941.7
1692,642,3802.0
1693,642,4137.9
1694,642,4152.2
1695,642,3892.1
1696,642,3961.2
1697,642,3988.0
1698,642,3865.3
1699,642,3894.0
1700,642,3912.4
1701,642,4260.0
1702,642,4030.2
1703,642,3739.1
1704,642,3872.9
1705,642,3964.0
1706,642,3404.7
1707,642,4009.9
1708,642,3696.3
1709,642,4205.1
1710,642,3688.2
1711,642,4323.7
1712,642,4030.3
1713,642,3844.9
1714,642,3822.5
1715,642,4112.8
1716,642,4211.4
1717,642,3818.2
1718,642,4156.0
1719,642,4010.7
1720,642,3767.2
1721,642,4227.7
1722,642,3955.1
1723,642,3964.0
1724,642,4036.6
1725,642,3880.2
1726,642,3999.1
1727,642,3870.4
1728,642,4145.9
1729,642,4027.1
1730,642,3686.0
1731,642,3940.7
1732,642,3938.7
1733,642,4215.6
1734,642,3869.9
1735,642,4235.2
1736,642,4039.3
1737,642,4019.8
1738,642,3984.0
1739,642,3801.7
1740,642,4168.7
1741,642,3783.4
1742,642,4170.4
1743,642,3840.9
1744,642,4020.6
1745,642,4052.2
1746,642,3867.1
1747,642,4245.3
1748,642,3981.6
1749,642,3796.8
1750,642,3903.6
1751,642,4327.8
1752,642,3941.5
1753,642,3931.5
1754,642,4082.3
1755,642,3966.8
1756,642,3903.8
1757,642,4139.2
1758,642,3962.5
1759,642,4080.5
1760,642,3612.8
1761,642,4199.2
1762,642,3797.7
1763,642,4185.8
1764,642,4034.4
1765,642,3825.3
1766,642,4197.3
1767,642,3697.4
1768,642,4202.6
1769,642,4199.1
1770,642,3839.2
1771,642,3997.6
1772,642,3793.4
1773,642,4154.1
1774,642,3696.6
1775,642,4097.2
1776,642,4146.2
1777,642,4068.0
1778,642,3984.8
1779,642,3767.5
1780,642,3941.7
1781,642,4357.2
1782,642,3904.5
1783,642,3707.4
1784,642,3960.3
1785,642,3948.3
1786,642,3967.1
1787,642,4266.0
1788,642,4063.5
1789,642,4101.0
1790,642,3918.6
1791,642,3982.7
1792,642,3637.9
1793,642,3924.0
1794,642,3246.7
1795,642,3822.0
1796,642,4015.8
1797,642,3906.5
1798,642,3155.1
1799,642,3898.9
1800,642,4162.3
1801,642,3898.8
1802,642,3889.8
1803,642,3971.7
1804,642,4041.3
1805,642,3905.3
1806,642,3159.3
1807,642,3859.2
1808,642,3156.0
1809,642,3804.8
1810,642,3141.9
1811,642,3892.9
1812,642,3966.4
1813,642,3138.2
1814,642,3874.3
1815,642,3963.0
1816,642,3157.5
1817,642,3880.3
1818,642,3953.3
1819,642,3151.0
1820,642,3898.8
1821,642,3904.8
1822,642,3205.5
1823,642,3865.1
1824,642,3926.8
1825,642,3211.8
1826,642,3872.8
1827,642,3974.6
1828,642,3971.8
1829,642,4021.1
1830,642,3867.7
1831,642,3261.1
1832,642,3800.3
1833,642,3966.9
1834,642,3556.4
1835,642,3896.7
1836,642,4080.2
1837,642,3817.6
1838,642,3722.8
1839,642,4009.3
1840,642,3883.0
1841,642,3487.7
1842,642,3895.8
1843,642,3773.6
1844,642,4172.7
1845,642,3767.9
1846,642,3941.3
1847,642,3965.9
1848,642,4010.1
1849,642,3981.0
1850,642,3921.5
1851,642,3979.7
1852,642,3235.6
1853,642,3807.4
1854,642,3916.9
1855,642,3134.6
1856,642,3955.4
1857,642,3860.7
1858,642,3177.2
1859,642,3859.8
1860,642,3184.5
1861,642,3868.5
1862,642,3906.3
1863,642,3165.6
1864,642,3845.9
1865,642,3235.2
1866,642,3775.4
1867,642,3116.1
1868,642,4002.8
1869,642,3835.5
1870,642,3161.3
1871,642,3841.2
1872,642,3262.3
1873,642,3750.3
1874,642,3206.3
1875,642,3956.5
1876,642,3926.9
1877,642,3941.6
1878,642,4242.1
1879,642,4209.5
1880,642,3729.5
1881,642,4105.7
1882,642,3795.6
1883,642,4287.1
1884,642,4019.2
1885,642,3870.7
1886,642,3993.3
1887,642,3827.8
1888,642,4128.2
1889,642,3710.0
1890,642,3972.4
1891,642,4310.6
1892,642,3762.6
1893,642,3935.3
1894,642,4141.1
1895,642,3809.5
1896,642,4097.0
1897,642,4136.7
1898,642,3735.4
1899,642,4229.1
1900,642,3711.1
1901,642,3994.2
1902,642,3976.7
1903,642,3977.4
1904,642,3276.7
1905,642,3918.4
1906,642,4171.6
1907,642,4068.8
1908,642,3919.6
1909,642,3981.4
1910,642,3782.2
1911,642,3902.6
1912,642,4351.0
1913,642,3963.4
1914,642,4079.1
1915,642,3666.5
1916,642,3928.1
1917,642,4040.0
1918,642,4193.0
1919,642,4025.1
1920,642,3703.8
1921,642,4005.4
1922,642,4231.5
1923,642,4033.3
1924,642,3791.5
1925,642,4145.7
1926,642,4099.9
1927,642,3961.4
1928,642,3823.2
1929,642,3930.9
1930,642,4263.9
1931,642,3637.6
1932,642,4255.1
1933,642,3769.4
1934,642,4269.0
1935,642,3694.3
1936,642,4015.5
1937,642,3952.0
1938,642,3893.0
1939,642,4030.9
1940,642,4023.5
1941,642,3982.2
1942,642,3993.9
1943,642,3898.7
1944,642,3251.4
1945,642,3850.0
1946,642,3978.8
1947,642,4005.1
1948,642,3991.5
1949,642,3991.6
1950,642,3916.8
1951,642,3234.2
1952,642,3884.0
1953,642,3898.2
1954,642,4004.6
1955,642,3989.0
1956,642,3958.1
1957,642,3148.3
1958,642,3866.6
1959,642,3961.8
1960,642,3248.1
1961,642,3856.8
1962,642,3977.9
1963,642,3853.5
1964,642,3184.2
1965,642,4854.7
1966,642,3159.4
1967,642,3936.4
1968,642,3988.1
1969,642,3965.4
1970,642,3993.4
1971,642,3924.5
1972,642,3155.8
1973,642,3953.5
1974,642,3881.1
1975,642,3212.9
1976,642,3815.4
1977,642,3942.6
1978,642,3164.9
1979,642,3825.9
1980,642,3154.7
1981,642,3842.2
1982,642,3300.2
1983,642,3815.6
1984,642,4213.2
1985,642,4114.5
1986,642,3743.5
1987,642,3811.4
1988,642,4059.4
1989,642,4043.7
1990,642,4200.7
1991,642,3705.4
1992,642,4015.6
1993,642,4252.6
1994,642,3880.6
1995,642,3767.3
1996,642,4047.8
1997,642,3906.4
1998,642,3167.6
1999,642,3928.7
2000,642,3965.9
2001,642,3991.3
2002,642,4005.5
2003,642,3931.4
2004,642,4029.7
2005,642,3988.5
2006,642,4002.8
2007,642,3903.1
2008,642,3250.1
2009,642,3906.9
2010,642,3891.8
2011,642,3984.9
2012,642,3263.9
2013,642,3855.9
2014,642,3853.8
2015,642,3205.6
2016,642,3841.0
2017,642,4003.3
2018,642,3940.0
2019,642,3973.6
2020,642,3151.1
2021,642,3865.0
2022,642,4039.1
2023,642,3891.7
2024,642,3181.6
2025,642,3843.4
2026,642,3221.1
2027,642,3792.4
2028,642,3989.7
2029,642,3968.5
2030,642,3227.6
2031,642,3856.1
2032,642,3974.4
2033,642,3994.7
2034,642,3921.2
2035,642,3105.3
2036,642,3884.3
2037,642,3232.1
2038,642,3875.9
2039,642,3940.4
2040,642,3909.2
2041,642,3221.4
2042,642,3827.8
2043,642,3916.3
2044,642,3164.7
2045,642,3955.5
2046,642,3993.9
2047,642,4056.7
2048,642,3879.7
2049,642,3956.3
2050,642,3237.1
2051,642,3767.6
2052,642,3180.6
2053,642,3852.1
2054,642,3940.4
2055,642,3141.2
2056,642,4002.4
2057,642,4034.7
2058,642,4212.1
2059,642,3761.3
2060,642,4193.0
2061,642,3648.8
2062,642,3934.5
2063,642,3216.0
2064,642,3830.8
2065,642,3962.6
2066,642,3148.9
2067,642,3865.9
2068,642,3985.2
2069,642,3974.9
2070,642,3162.5
2071,642,3853.5
2072,642,3966.8
2073,642,4013.6
2074,642,3965.5
2075,642,3151.3
2076,642,3803.7
2077,642,3132.3
2078,642,3914.9
2079,642,3959.5
2080,642,3998.8
2081,642,3170.0
2082,642,3869.1
2083,642,3940.0
2084,642,3147.9
2085,642,3879.6
2086,642,3948.1
2087,642,3147.5
2088,642,3898.2
2089,642,4009.7
2090,642,3902.6
2091,642,3248.4
2092,642,3772.5
2093,642,3218.4
2094,642,3766.6
2095,642,3156.5
2096,642,3990.4
2097,642,4029.7
2098,642,3932.5
2099,642,3975.3
2100,642,3905.2
2101,642,4027.8
2102,642,3995.7
2103,642,3984.0
2104,642,4053.4
2105,642,4252.2
2106,642,3871.0
2107,642,3880.4
2108,642,4216.8
2109,642,4024.1
2110,642,3821.9
2111,642,4215.4
2112,642,4023.1
2113,642,3908.1
2114,642,3985.5
2115,642,4074.4
2116,642,3703.3
2117,642,3869.6
2118,642,3906.0
2119,642,3198.0
2120,642,3930.8
2121,642,4218.3
2122,642,3873.1
2123,642,3800.0
2124,642,3940.3
2125,642,3531.2
2126,642,3676.9
2127,642,3999.7
2128,642,3854.9
2129,642,4310.2
2130,642,3662.6
2131,642,3923.1
2132,642,3235.1
2133,642,3868.6
2134,642,3979.6
2135,642,3904.2
2136,642,4024.2
2137,642,3968.9
2138,642,3951.4
2139,642,3203.5
2140,642,3923.9
2141,642,3980.8
2142,642,3888.4
2143,642,3279.3
2144,642,3844.4
2145,642,3963.1
2146,642,3967.7
2147,642,3996.8
2148,642,4006.9
2149,642,3962.4
2150,642,3916.6
2151,642,3252.2
2152,642,3856.5
2153,642,3896.2
2154,642,3230.7
2155,642,3767.1
2156,642,3150.4
2157,642,3818.5
2158,642,3248.2
2159,642,3762.9
2160,642,3143.6
2161,642,3853.8
2162,642,3470.6
2163,642,3727.3
2164,642,4225.8
2165,642,4072.1
2166,642,3870.6
2167,642,3720.3
2168,642,3916.1
2169,642,4009.7
2170,642,4031.6
2171,642,3857.4
2172,642,3223.6
2173,642,3851.5
2174,642,3882.5
2175,642,3161.4
2176,642,3887.4
2177,642,3973.8
2178,642,3230.7
2179,642,3901.1
2180,642,4201.3
2181,642,3687.4
2182,642,3917.9
2183,642,3160.9
2184,642,3932.4
2185,642,3905.3
2186,642,3172.4
2187,642,3922.5
2188,642,3938.1
2189,642,4012.6
2190,642,3946.2
2191,642,3087.5
2192,642,3853.0
2193,642,3493.0
2194,642,3977.7
2195,642,3733.5
2196,642,3953.2
2197,642,3891.8
2198,642,3969.5
2199,642,3233.5
2200,642,3876.5
2201,642,3923.1
2202,642,3978.5
2203,642,4293.0
2204,642,4062.8
2205,642,3767.6
2206,642,3928.4
2207,642,4234.1
2208,642,4016.6
2209,642,4029.9
2210,642,4051.1
2211,642,3938.1
2212,642,3817.8
2213,642,4134.5
2214,642,4003.8
2215,642,3972.4
2216,642,4118.2
2217,642,3906.6
2218,642,3996.3
2219,642,3781.9
2220,642,3891.5
2221,642,4350.8
2222,642,3891.7
2223,642,3954.2
2224,642,3864.2
2225,642,3934.4
2226,642,3986.2
2227,642,4200.2
2228,642,4035.6
2229,642,3985.4
2230,642,3996.9
2231,642,3756.6
2232,642,3932.3
2233,642,4258.3
2234,642,4035.3
2235,642,3734.1
2236,642,4288.4
2237,642,3620.9
2238,642,3880.5
2239,642,3257.8
2240,642,3824.0
2241,642,4039.3
2242,642,3963.0
2243,642,4017.2
2244,642,3934.2
2245,642,4278.4
2246,642,4069.0
2247,642,3663.6
2248,642,4291.5
2249,642,3770.9
2250,642,3931.1
2251,642,4026.6
2252,642,3959.7
2253,642,4226.9
2254,642,3815.8
2255,642,4157.7
2256,642,4152.3
2257,642,3963.8
2258,642,3701.3
2259,642,4099.2
2260,642,3803.0
2261,642,4041.0
2262,642,3980.8
2263,642,3893.5
2264,642,3149.8
2265,642,3947.5
2266,642,3990.4
2267,642,3855.3
2268,642,3183.4
2269,642,3953.0
2270,642,4047.6
2271,642,4264.8
2272,642,3684.3
2273,642,4175.8
2274,642,4077.0
2275,642,3770.3
2276,642,4225.5
2277,642,3749.4
2278,642,4202.0
2279,642,3764.9
2280,642,3961.7
2281,642,4245.7
2282,642,3836.7
2283,642,3806.6
2284,642,3998.0
2285,642,4031.5
2286,642,3996.1
2287,642,3918.6
2288,642,3155.2
2289,642,3936.6
2290,642,3968.1
2291,642,3941.6
2292,642,4278.7
2293,642,3936.1
2294,642,4131.0
2295,642,3994.4
2296,642,4039.8
2297,642,3961.5
2298,642,3849.5
2299,642,4100.8
2300,642,3748.2
2301,642,3959.0
2302,642,3930.7
2303,642,4026.1
2304,642,3998.7
2305,642,3926.2
2306,642,3946.1
2307,642,3228.2
2308,642,3922.6
2309,642,3983.7
2310,642,4287.2
2311,642,3651.1
2312,642,4057.1
2313,642,3963.7
2314,642,4273.0
2315,642,3639.9
2316,642,3984.4
2317,642,3946.8
2318,642,3159.9
2319,642,3878.9
2320,642,3968.1
2321,642,3099.5
2322,642,3860.1
2323,642,3173.8
2324,642,3858.0
2325,642,3206.9
2326,642,3818.4
2327,642,3929.6
2328,642,3200.3
2329,642,3830.0
2330,642,3948.2
2331,642,3223.7
2332,642,3858.1
2333,642,3926.1
2334,642,4145.9
2335,642,3857.1
2336,642,3996.3
2337,642,3998.1
2338,642,3937.1
2339,642,3211.8
2340,642,3878.9
2341,642,3915.9
2342,642,3131.7
2343,642,3871.1
2344,642,3972.8
2345,642,3145.4
2346,642,3875.4
2347,642,3937.9
2348,642,3218.6
2349,642,3872.3
2350,642,3986.1
2351,642,3894.9
2352,642,3182.7
2353,642,3824.9
2354,642,3157.8
2355,642,3819.8
2356,642,4046.9
2357,642,4127.9
2358,642,3858.7
2359,642,3960.7
2360,642,3650.3
2361,642,3483.1
2362,642,3867.1
2363,642,3086.3
2364,642,3902.8
2365,642,3097.1
2366,642,3897.7
2367,642,3125.4
2368,642,3868.8
2369,642,3123.3
2370,642,3859.9
2371,642,3967.7
2372,642,3192.2
2373,642,3844.1
2374,642,3956.7
2375,642,4133.7
2376,642,3874.5
2377,642,3964.7
2378,642,3174.2
2379,642,3863.5
2380,642,3987.0
2381,642,3941.8
2382,642,3183.3
2383,642,3835.5
2384,642,3200.7
2385,642,3808.9
2386,642,3984.7
2387,642,4005.4
2388,642,4209.4
2389,642,3876.0
2390,642,4107.9
2391,642,3876.9
2392,642,3994.1
2393,642,4324.2
2394,642,3955.9
2395,642,3944.2
2396,642,4032.6
2397,642,3990.0
2398,642,3979.7
2399,642,3761.2
2400,642,3877.5
2401,642,4240.5
2402,642,4081.4
2403,642,3747.7
2404,642,4217.0
2405,642,4114.8
2406,642,3754.9
2407,642,4128.9
2408,642,4034.7
2409,642,3954.3
2410,642,4084.6
2411,642,3719.9
2412,642,4149.2
2413,642,3797.2
2414,642,3879.2
2415,642,3996.1
2416,642,4154.4
2417,642,3869.2
2418,642,4009.0
2419,642,3873.0
2420,642,3976.4
2421,642,3490.5
2422,642,3605.2
2423,642,4238.0
2424,642,4029.2
2425,642,4063.5
2426,642,3658.1
2427,642,3886.6
2428,642,4027.7
2429,642,3996.5
2430,642,3917.6
2431,642,3161.7
2432,642,3857.4
2433,642,3208.8
2434,642,3842.0
2435,642,3942.0
2436,642,4013.7
2437,642,3988.1
2438,642,3963.2
2439,642,4413.8
2440,642,3726.2
2441,642,3991.5
2442,642,3928.9
2443,642,4189.0
2444,642,4082.8
2445,642,3793.9
2446,642,3925.8
2447,642,4341.6
2448,642,3721.3
2449,642,3905.2
2450,642,4115.2
2451,642,4127.5
2452,642,3703.3
2453,642,4205.3
2454,642,3790.1
2455,642,4266.6
2456,642,4021.4
2457,642,3916.4
2458,642,4136.6
2459,642,3956.1
2460,642,3721.6
2461,642,3946.0
2462,642,3935.1
2463,642,3929.6
2464,642,3238.5
2465,642,4200.9
2466,642,3800.0
2467,642,4118.4
2468,642,4005.2
2469,642,3701.6
2470,642,3913.3
2471,642,4274.9
2472,642,3828.3
2473,642,3954.1
2474,642,4258.2
2475,642,4083.7
2476,642,3930.8
2477,642,4118.5
2478,642,3789.2
2479,642,3722.4
2480,642,4000.8
2481,642,3939.4
2482,642,3948.4
2483,642,3182.3
2484,642,3863.8
2485,642,3968.0
2486,642,3154.0
2487,642,4240.8
2488,642,4007.9
2489,642,3850.2
2490,642,3834.4
2491,642,4283.1
2492,642,3989.6
2493,642,3668.0
2494,642,3977.9
2495,642,3992.5
2496,642,3935.2
2497,642,3090.8
2498,642,3924.1
2499,642,4031.2
2500,642,3962.5
2501,642,4023.1
2502,642,3966.5
2503,642,4026.0
2504,642,3946.6
2505,642,3959.0
2506,642,3225.9
2507,642,3898.6
2508,642,4228.8
2509,642,4049.1
2510,642,3690.4
2511,642,4227.2
2512,642,3815.3
2513,642,3847.3
2514,642,3913.3
2515,642,3165.8
2516,642,3957.7
2517,642,4401.1
2518,642,3911.8
2519,642,3974.4
2520,642,3994.6
2521,642,3646.5
2522,642,4312.5
2523,642,3741.4
2524,642,3958.4
2525,642,4274.2
2526,642,4040.5
2527,642,3964.5
2528,642,3738.5
2529,642,3978.5
2530,642,4084.5
2531,642,4152.1
2532,642,4085.8
2533,642,3991.1
2534,642,3595.9
2535,642,3921.8
2536,642,4055.4
2537,642,4330.7
2538,642,3652.6
2539,642,3926.7
2540,642,4170.1
2541,642,4212.5
2542,642,3709.1
2543,642,4242.6
2544,642,4085.8
2545,642,3657.2
2546,642,4022.4
2547,642,3962.6
2548,642,3981.9
2549,642,3949.6
2550,642,4231.1
2551,642,3812.9
2552,642,3977.7
2553,642,3869.8
2554,642,3202.5
2555,642,3883.0
2556,642,3878.0
2557,642,3180.8
2558,642,3840.0
2559,642,3177.1
2560,642,3808.9
2561,642,3221.9
2562,642,3819.2
2563,642,4012.7
2564,642,3998.5
2565,642,3993.6
2566,642,3995.1
2567,642,3993.0
2568,642,3997.7
2569,642,3907.4
2570,642,3247.7
2571,642,3938.1
2572,642,4182.6
2573,642,3866.7
2574,642,3866.9
2575,642,4001.9
2576,642,3980.4
2577,642,3925.6
2578,642,3953.3
2579,642,3220.5
2580,642,3884.4
2581,642,3901.8
2582,642,3966.7
2583,642,3132.1
2584,642,3848.2
2585,642,3130.4
2586,642,3890.2
2587,642,3955.2
2588,642,3162.3
2589,642,3853.7
2590,642,3937.5
2591,642,3180.3
2592,642,3875.2
2593,642,3951.9
2594,642,3145.2
2595,642,3875.6
2596,642,3947.9
2597,642,3170.3
2598,642,3871.7
2599,642,3970.8
2600,642,4021.6
2601,642,3982.4
2602,642,3980.2
2603,642,3972.3
2604,642,3159.2
2605,642,3845.8
2606,642,3988.6
2607,642,3142.3
2608,642,4260.0
2609,642,3981.7
2610,642,3988.5
2611,642,3995.6
2612,642,4101.0
2613,642,3832.9
2614,642,4024.6
2615,642,4137.0
2616,642,3869.0
2617,642,3967.9
2618,642,3665.0
2619,642,4237.6
2620,642,4029.4
2621,642,3775.1
2622,642,3896.7
2623,642,3936.2
2624,642,3263.7
2625,642,3840.0
2626,642,3990.3
2627,642,3901.4
2628,642,3124.2
2629,642,3964.1
2630,642,3966.1
2631,642,3962.5
2632,642,3940.9
2633,642,3262.6
2634,642,3851.2
2635,642,4003.4
2636,642,4220.7
2637,642,4030.1
2638,642,3915.5
2639,642,3763.7
2640,642,3956.2
2641,642,4250.2
2642,642,3757.1
2643,642,4043.7
2644,642,3891.6
2645,642,4060.4
2646,642,3971.2
2647,642,4085.5
2648,642,3864.9
2649,642,4016.4
2650,642,3989.4
2651,642,3996.4
2652,642,3919.3
2653,642,3232.4
2654,642,3878.5
2655,642,3901.4
2656,642,3965.9
2657,642,3303.1
2658,642,3908.7
2659,642,4186.5
2660,642,3709.2
2661,642,3994.7
2662,642,4035.8
2663,642,3954.4
2664,642,4225.8
2665,642,3789.4
2666,642,4186.3
2667,642,3696.4
2668,642,3947.3
2669,642,4046.4
2670,642,3935.0
2671,642,4048.7
2672,642,3933.4
2673,642,3979.2
2674,642,3121.3
2675,642,3849.9
2676,642,3238.7
2677,642,3888.4
2678,642,3890.4
2679,642,3498.7
2680,642,3899.0
2681,642,3747.6
2682,642,3932.7
2683,642,4102.8
2684,642,4153.2
2685,642,4091.7
2686,642,3920.6
2687,642,3741.0
2688,642,3918.7
2689,642,4166.6
2690,642,4108.6
2691,642,3695.2
2692,642,4262.4
2693,642,4102.5
2694,642,3613.8
2695,642,3878.2
2696,642,3170.8
2697,642,3879.3
2698,642,4027.9
2699,642,3879.7
2700,642,3258.1
2701,642,3826.7
2702,642,4101.6
2703,642,3936.6
2704,642,3909.3
2705,642,4282.9
2706,642,3788.3
2707,642,4179.3
2708,642,4161.2
2709,642,3932.0
2710,642,3999.0
2711,642,3830.9
2712,642,3865.8
2713,642,3954.2
2714,642,4038.1
2715,642,4014.2
2716,642,3966.7
2717,642,3945.8
2718,642,3913.2
2719,642,3278.9
2720,642,3747.8
2721,642,4139.8
2722,642,3829.9
2723,642,4022.0
2724,642,4072.8
2725,642,4258.1
2726,642,4055.2
2727,642,3712.7
2728,642,4193.7
2729,642,4033.1
2730,642,4048.4
2731,642,3611.9
2732,642,3910.7
2733,642,3153.6
2734,642,3876.9
2735,642,4032.9
2736,642,3983.4
2737,642,4076.4
2738,642,3955.1
2739,642,4020.0
2740,642,4208.0
2741,642,3861.9
2742,642,3869.6
2743,642,3943.5
2744,642,3931.8
2745,642,3171.0
2746,642,3857.4
2747,642,3978.0
2748,642,4261.1
2749,642,3813.2
2750,642,4094.8
2751,642,4153.2
2752,642,3737.5
2753,642,4250.8
2754,642,3677.4
2755,642,3987.0
2756,642,3997.8
2757,642,3968.7
2758,642,4017.9
2759,642,3895.7
2760,642,3541.5
2761,642,4011.1
2762,642,3550.1
2763,642,4272.0
2764,642,3973.5
2765,642,3782.0
2766,642,4008.9
2767,642,3937.1
2768,642,3991.2
2769,642,3906.5
2770,642,4282.5
2771,642,3858.1
2772,642,4180.3
2773,642,3738.0
2774,642,4290.5
2775,642,3647.5
2776,642,4229.7
2777,642,3889.9
2778,642,3849.2
2779,642,3919.4
2780,642,3254.7
2781,642,3761.5
2782,642,3973.1
2783,642,3190.1
2784,642,3922.5
2785,642,3967.2
2786,642,3967.0
2787,642,3898.0
2788,642,3176.6
2789,642,4259.3
2790,642,3639.3
2791,642,3933.5
2792,642,3225.0
2793,642,3811.6
2794,642,3933.8
2795,642,3296.2
2796,642,3803.9
2797,642,3906.7
2798,642,4052.5
2799,642,4001.8
2800,642,3882.6
2801,642,3190.2
2802,642,3848.4
2803,642,4050.0
2804,642,3996.7
2805,642,3919.3
2806,642,3174.4
2807,642,3935.6
2808,642,4247.9
2809,642,3775.1
2810,642,3924.4
2811,642,3938.8
2812,642,3996.7
2813,642,4128.1
2814,642,4205.4
2815,642,3752.8
2816,642,4323.4
2817,642,4076.0
2818,642,3695.0
2819,642,4110.0
2820,642,4002.5
2821,642,3991.7
2822,642,4003.7
2823,642,4074.4
2824,642,4035.4
2825,642,3780.8
2826,642,3714.8
2827,642,4170.7
2828,642,4129.4
2829,642,3764.3
2830,642,3964.3
2831,642,4224.9
2832,642,3834.0
2833,642,4200.8
2834,642,3788.9
2835,642,4010.1
2836,642,4091.7
2837,642,3823.9
2838,642,4196.6
2839,642,3733.1
2840,642,4076.8
2841,642,3877.3
2842,642,3934.1
2843,642,3993.3
2844,642,3953.5
2845,642,3176.4
2846,642,3904.0
2847,642,3958.9
2848,642,3989.7
2849,642,3935.9
2850,642,3127.1
2851,642,3853.1
2852,642,3170.0
2853,642,3905.9
2854,642,3964.3
2855,642,3993.7
2856,642,3970.2
2857,642,3191.6
2858,642,3864.9
2859,642,3924.7
2860,642,4013.9
2861,642,3998.4
2862,642,3998.6
2863,642,3932.3
2864,642,3166.2
2865,642,3869.8
2866,642,4117.8
2867,642,4197.1
2868,642,3794.4
2869,642,4206.9
2870,642,3783.0
2871,642,4185.5
2872,642,3829.4
2873,642,3807.7
2874,642,4026.2
2875,642,4039.1
2876,642,3975.1
2877,642,4013.0
2878,642,4018.7
2879,642,3994.5
2880,642,3991.3
2881,642,3896.8
2882,642,3966.0
2883,642,3158.3
2884,642,3820.1
2885,642,3223.6
2886,642,3874.1
2887,642,3972.6
2888,642,3893.7
2889,642,3161.0
2890,642,3935.3
2891,642,3884.2
2892,642,3111.8
2893,642,3955.2
2894,642,4224.9
2895,642,3868.4
2896,642,4002.8
2897,642,3902.8
2898,642,4199.1
2899,642,3822.0
2900,642,4058.7
2901,642,3902.1
2902,642,4311.3
2903,642,4051.3
2904,642,3711.8
2905,642,3875.6
2906,642,3940.2
2907,642,4011.6
2908,642,3956.4
2909,642,4102.3
2910,642,3934.6
2911,642,3921.4
2912,642,3229.1
2913,642,3881.8
2914,642,3976.1
2915,642,3948.4
2916,642,4079.8
2917,642,3955.2
2918,642,4017.3
2919,642,3887.8
2920,642,3934.2
2921,642,3200.5
2922,642,3887.8
2923,642,4022.8
2924,642,3956.6
2925,642,3930.0
2926,642,3209.1
2927,642,3850.0
2928,642,4011.6
2929,642,3996.6
2930,642,3995.8
2931,642,4000.3
2932,642,3883.8
2933,642,3256.3
2934,642,3804.8
2935,642,3981.6
2936,642,3999.8
2937,642,4312.7
2938,642,4045.5
2939,642,4076.0
2940,642,3926.8
2941,642,3779.9
2942,642,4262.2
2943,642,3959.7
2944,642,4118.3
2945,642,3853.7
2946,642,4070.3
2947,642,3899.9
2948,642,3889.0
2949,642,3752.9
2950,642,4200.1
2951,642,4076.1
2952,642,3894.8
2953,642,4003.3
2954,642,4070.5
2955,642,3856.1
2956,642,3895.9
2957,642,3964.8
2958,642,3970.5
2959,642,4309.8
2960,642,3860.4
2961,642,4098.7
2962,642,3741.8
2963,642,4117.0
2964,642,4120.6
2965,642,3992.3
2966,642,3833.2
2967,642,3899.6
2968,642,3825.3
2969,642,3192.8
2970,642,3843.4
2971,642,4039.3
2972,642,3904.4
2973,642,3160.2
2974,642,3888.8
2975,642,4000.9
2976,642,3934.3
2977,642,3119.4
2978,642,3858.2
2979,642,3240.7
2980,642,3868.8
2981,642,3998.6
2982,642,4016.6
2983,642,3873.3
2984,642,3973.1
2985,642,3238.3
2986,642,3866.9
2987,642,3976.1
2988,642,3857.2
2989,642,5207.0
2990,642,4399.3
2991,642,3838.4
2992,642,4022.2
2993,642,3938.4
2994,642,3930.6
2995,642,4131.8
2996,642,3707.6
2997,642,4160.6
2998,642,4042.9
2999,642,3974.2
3000,642,3989.8
3001,642,3833.9
3002,642,4120.7
3003,642,3873.2
3004,642,3828.0
3005,642,3859.4
3006,642,3119.0
3007,642,3847.9
3008,642,3201.9
3009,642,3906.2
3010,642,4003.2
3011,642,3965.5
3012,642,3929.3
3013,642,3229.8
3014,642,3831.2
3015,642,3914.5
3016,642,3575.9
3017,642,3525.9
3018,642,4000.7
3019,642,4335.7
3020,642,4062.3
3021,642,3958.4
3022,642,3937.1
3023,642,3779.4
3024,642,4160.7
3025,642,3950.8
3026,642,4194.1
3027,642,3902.9
3028,642,3838.5
3029,642,4086.2
3030,642,5022.5
3031,642,3973.2
3032,642,3832.8
3033,642,3889.6
3034,642,3830.0
3035,642,3457.3
3036,642,4079.8
3037,642,3537.7
3038,642,3993.3
3039,642,4224.6
3040,642,3953.5
3041,642,3849.2
3042,642,3899.6
3043,642,4028.3
3044,642,3980.3
3045,642,4375.4
3046,642,3700.0
3047,642,4008.8
3048,642,3860.3
3049,642,3969.0
3050,642,3220.2
3051,642,4005.5
3052,642,3883.4
3053,642,4206.5
3054,642,3729.1
3055,642,3927.1
3056,642,4032.9
3057,642,3981.6
3058,642,3983.4
3059,642,3942.4
3060,642,3168.6
3061,642,3923.4
3062,642,3898.1
3063,642,3237.5
3064,642,4203.3
3065,642,3926.0
3066,642,4016.3
3067,642,3729.7
3068,642,4138.7
3069,642,4202.4
3070,642,3895.2
3071,642,4971.2
3072,642,3665.5
3073,642,4227.4
3074,642,3896.2
3075,642,4173.2
3076,642,4039.7
3077,642,3963.0
3078,642,3967.2
3079,642,3911.5
3080,642,4089.5
3081,642,3999.5
3082,642,3783.7
3083,642,4193.7
3084,642,3944.5
3085,642,4056.2
3086,642,3782.6
3087,642,4151.6
3088,642,3769.1
3089,642,4277.5
3090,642,3998.9
3091,642,3807.2
3092,642,4128.8
3093,642,4159.3
3094,642,3572.3
3095,642,3879.5
3096,642,3967.3
3097,642,3151.0
3098,642,3902.3
3099,642,3897.8
3100,642,3189.2
3101,642,3816.2
3102,642,3129.5
3103,642,3871.3
3104,642,3191.1
3105,642,3879.2
3106,642,3895.0
3107,642,3146.2
3108,642,3897.4
3109,642,3929.8
3110,642,3213.3
3111,642,3871.0
3112,642,3975.8
3113,642,3932.7
3114,642,3161.3
3115,642,3876.5
3116,642,3912.3
3117,642,3170.5
3118,642,3877.8
3119,642,3929.9
3120,642,3298.0
3121,642,3943.0
3122,642,3804.2
3123,642,4043.6
3124,642,4308.7
3125,642,3697.0
3126,642,3983.4
3127,642,4159.0
3128,642,3938.8
3129,642,3917.7
3130,642,4053.5
3131,642,4185.5
3132,642,3798.4
3133,642,3844.6
3134,642,3933.1
3135,642,3249.1
3136,642,3898.2
3137,642,3874.6
3138,642,4157.0
3139,642,4416.8
3140,642,3826.2
3141,642,3975.6
3142,642,4080.2
3143,642,3905.9
3144,642,3747.8
3145,642,4191.7
3146,642,4024.4
3147,642,3652.7
3148,642,3991.2
3149,642,4242.4
3150,642,4066.8
3151,642,3754.6
3152,642,3956.7
3153,642,4294.0
3154,642,4068.9
3155,642,3906.1
3156,642,3819.2
3157,642,3871.5
3158,642,3942.1
3159,642,4102.0
3160,642,4061.4
3161,642,4125.0
3162,642,4033.1
3163,642,3822.7
3164,642,4112.3
3165,642,3715.8
3166,642,4263.4
3167,642,3690.1
3168,642,3917.6
3169,642,3231.5
3170,642,3896.0
3171,642,4233.4
3172,642,3837.1
3173,642,4142.2
3174,642,4114.3
3175,642,4001.4
3176,642,3648.3
3177,642,3953.6
3178,642,3979.4
3179,642,3911.2
3180,642,4336.8
3181,642,4038.5
3182,642,3996.7
3183,642,3717.6
3184,642,4094.4
3185,642,4143.2
3186,642,3760.0
3187,642,3931.8
3188,642,4009.9
3189,642,4241.3
3190,642,4148.5
3191,642,3654.5
3192,642,4168.9
3193,642,3838.7
3194,642,4228.6
3195,642,3962.2
3196,642,3976.3
3197,642,3994.7
3198,642,3787.2
3199,642,3912.2
3200,642,3960.0
3201,642,3988.1
3202,642,3997.8
3203,642,3985.8
3204,642,4001.2
3205,642,3930.1
3206,642,3140.2
3207,642,3983.8
3208,642,3952.6
3209,642,3943.6
3210,642,4018.2
3211,642,3995.1
3212,642,3912.0
3213,642,3161.6
3214,642,4064.1
3215,642,3789.4
3216,642,3978.3
3217,642,4025.7
3218,642,3950.3
3219,642,3239.4
3220,642,3795.1
3221,642,3912.8
3222,642,3153.7
3223,642,4320.3
3224,642,3974.4
3225,642,3827.1
3226,642,4134.6
3227,642,3691.1
3228,642,4196.5
3229,642,3911.7
3230,642,4325.5
3231,642,3940.2
3232,642,3542.6
3233,642,3929.1
3234,642,3158.0
3235,642,4055.9
3236,642,3858.5
3237,642,3943.2
3238,642,4349.7
3239,642,3771.0
3240,642,3956.3
3241,642,4024.3
3242,642,3860.1
3243,642,4054.5
3244,642,3975.8
3245,642,4000.2
3246,642,4079.9
3247,642,3929.8
3248,642,4391.2
3249,642,3660.0
3250,642,3947.4
3251,642,3900.0
3252,642,3962.7
3253,642,3493.2
3254,642,3929.3
3255,642,3762.0
3256,642,3866.4
3257,642,4079.3
3258,642,4191.8
3259,642,3686.3
3260,642,4285.9
3261,642,4039.5
3262,642,3774.6
3263,642,4159.9
3264,642,4039.3
3265,642,3998.9
3266,642,4009.1
3267,642,4042.7
3268,642,3985.5
3269,642,3738.1
3270,642,4158.2
3271,642,3710.8
3272,642,4257.0
3273,642,4028.4
3274,642,3778.8
3275,642,4177.6
3276,642,3919.1
3277,642,3866.5
3278,642,3933.1
3279,642,4229.0
3280,642,4026.2
3281,642,3786.6
3282,642,4214.3
3283,642,3638.7
3284,642,4234.5
3285,642,3834.6
3286,642,3969.7
3287,642,4226.0
3288,642,3865.0
3289,642,4145.5
3290,642,3722.0
3291,642,3934.8
3292,642,4187.5
3293,642,4294.4
3294,642,3724.2
3295,642,3861.9
3296,642,3894.5
3297,642,4020.3
3298,642,3910.6
3299,642,3394.3
3300,642,3890.1
3301,642,4191.6
3302,642,4011.3
3303,642,3915.4
3304,642,3845.2
3305,642,3834.4
3306,642,4050.3
3307,642,4187.5
3308,642,4004.7
3309,642,3817.3
3310,642,3867.7
3311,642,3983.0
3312,642,4146.1
3313,642,4151.4
3314,642,3970.2
3315,642,3659.9
3316,642,3904.4
3317,642,4552.4
3318,642,3634.9
3319,642,3842.2
3320,642,3137.8
3321,642,4212.0
3322,642,4141.9
3323,642,3909.7
3324,642,3665.9
3325,642,4011.6
3326,642,4235.2
3327,642,3716.2
3328,642,4287.6
3329,642,3741.0
3330,642,4229.5
3331,642,4006.1
3332,642,3834.4
3333,642,4149.8
3334,642,3673.9
3335,642,4215.1
3336,642,3826.0
3337,642,3859.9
3338,642,3217.8
3339,642,4014.6
3340,642,4124.6
3341,642,3651.2
3342,642,3948.4
3343,642,3171.4
3344,642,4195.3
3345,642,3767.5
3346,642,4201.7
3347,642,3694.3
3348,642,3893.4
3349,642,3162.1
3350,642,3889.8
3351,642,3966.2
3352,642,3139.2
3353,642,3845.4
3354,642,3221.1
3355,642,3807.7
3356,642,3959.1
3357,642,3958.0
3358,642,4157.7
3359,642,3883.3
3360,642,3965.8
3361,642,3149.4
3362,642,3822.8
3363,642,3165.8
3364,642,3866.6
3365,642,3952.8
3366,642,3989.9
3367,642,3172.2
3368,642,3852.2
3369,642,3952.8
3370,642,3126.4
3371,642,3906.3
3372,642,3954.8
3373,642,3174.1
3374,642,3842.5
3375,642,4046.5
3376,642,3880.7
3377,642,3214.3
3378,642,3817.5
3379,642,3227.3
3380,642,3793.6
3381,642,3956.1
3382,642,3607.3
3383,642,3818.5
3384,642,3683.7
3385,642,4070.6
3386,642,4014.9
3387,642,3869.4
3388,642,3935.2
3389,642,3954.1
3390,642,3996.7
3391,642,3151.5
3392,642,3839.7
3393,642,3142.7
3394,642,3941.1
3395,642,3936.9
3396,642,4125.1
3397,642,3862.8
3398,642,4251.8
3399,642,4185.1
3400,642,4004.5
3401,642,3777.9
3402,642,3956.1
3403,642,3781.5
3404,642,4029.1
3405,642,3872.8
3406,642,3169.2
3407,642,3892.1
3408,642,4040.9
3409,642,3947.1
3410,642,4278.5
3411,642,4033.2
3412,642,4023.1
3413,642,4069.9
3414,642,3817.9
3415,642,3825.8
3416,642,3910.0
3417,642,3972.2
3418,642,4272.0
3419,642,4074.7
3420,642,4004.8
3421,642,3811.6
3422,642,3784.7
3423,642,3969.8
3424,642,3210.2
3425,642,3901.8
3426,642,3903.2
3427,642,4039.3
3428,642,3990.6
3429,642,4022.5
3430,642,3879.5
3431,642,3501.0
3432,642,3666.5
3433,642,4210.4
3434,642,3671.6
3435,642,3920.5
3436,642,3236.3
3437,642,3878.2
3438,642,3980.7
3439,642,3876.4
3440,642,3225.8
3441,642,3774.7
3442,642,3223.6
3443,642,3787.2
3444,642,3209.7
3445,642,3758.0
3446,642,3148.6
3447,642,3959.9
3448,642,4240.6
3449,642,3784.8
3450,642,4211.3
3451,642,3731.6
3452,642,4332.5
3453,642,3700.3
3454,642,3953.9
3455,642,4225.7
3456,642,4089.3
3457,642,4011.9
3458,642,3936.1
3459,642,4016.0
3460,642,3712.8
3461,642,3953.0
3462,642,4303.0
3463,642,3694.0
3464,642,4131.6
3465,642,4107.0
3466,642,4143.9
3467,642,3881.2
3468,642,3809.3
3469,642,4125.4
3470,642,3995.3
3471,642,3998.7
3472,642,4062.6
3473,642,3746.4
3474,642,4727.7
3475,642,3199.4
3476,642,3874.9
3477,642,3905.6
3478,642,3133.3
3479,642,3928.3
3480,642,3927.7
3481,642,3196.7
3482,642,3852.0
3483,642,3956.2
3484,642,3984.3
3485,642,3989.0
3486,642,3172.0
3487,642,4053.0
3488,642,3809.0
3489,642,3937.2
3490,642,3185.0
3491,642,3862.3
3492,642,3932.4
3493,642,3152.9
3494,642,3878.0
3495,642,4025.4
3496,642,3945.3
3497,642,4017.2
3498,642,4135.4
3499,642,3921.8
3500,642,4117.6
3501,642,3772.0
3502,642,4077.6
3503,642,3974.1
3504,642,3997.4
3505,642,3910.4
3506,642,3757.5
3507,642,3447.5
3508,642,3918.7
3509,642,3865.8
3510,642,3956.5
3511,642,3954.5
3512,642,3180.9
3513,642,3840.6
3514,642,3162.6
3515,642,3883.3
3516,642,3989.7
3517,642,3960.2
3518,642,3132.4
3519,642,3974.4
3520,642,3844.9
3521,642,3197.4
3522,642,3846.5
3523,642,3959.8
3524,642,3150.4
3525,642,3870.3
3526,642,3961.4
3527,642,3157.7
3528,642,3884.4
3529,642,3993.8
3530,642,3916.0
3531,642,3177.3
3532,642,3857.7
3533,642,3214.0
3534,642,3813.3
3535,642,4010.5
3536,642,3906.0
3537,642,3160.2
3538,642,3928.8
3539,642,3909.8
3540,642,3232.4
3541,642,3802.8
3542,642,3951.2
3543,642,3150.8
3544,642,3869.0
3545,642,3922.9
3546,642,3262.4
3547,642,3786.5
3548,642,3140.1
3549,642,3833.7
3550,642,3182.8
3551,642,3805.7
3552,642,3229.9
3553,642,3782.1
3554,642,3959.9
3555,642,3143.7
3556,642,3840.9
3557,642,3162.3
3558,642,3872.6
3559,642,4051.8
3560,642,3974.7
3561,642,4020.6
3562,642,3944.6
3563,642,4284.1
3564,642,3729.6
3565,642,4246.8
3566,642,4081.2
3567,642,4031.4
3568,642,3932.4
3569,642,3919.9
3570,642,4072.6
3571,642,3767.8
3572,642,4195.4
3573,642,4020.4
3574,642,4099.1
3575,642,3911.2
3576,642,3815.1
3577,642,4126.1
3578,642,3809.5
3579,642,4178.7
3580,642,3729.4
3581,642,4238.9
3582,642,4053.6
3583,642,3836.3
3584,642,4113.7
3585,642,4121.0
3586,642,3618.8
3587,642,3957.3
3588,642,3948.9
3589,642,3995.0
3590,642,3923.1
3591,642,4058.9
3592,642,4012.7
3593,642,4206.7
3594,642,3780.7
3595,642,4200.8
3596,642,4087.3
3597,642,3769.7
3598,642,3993.9
3599,642,4074.5
3600,642,4108.4
3601,642,3854.4
3602,642,4022.4
3603,642,4109.6
3604,642,3728.9
3605,642,4241.6
3606,642,3744.8
3607,642,4339.7
3608,642,3919.3
3609,642,3872.1
3610,642,3800.3
3611,642,3945.7
3612,642,3965.1
3613,642,3955.6
3614,642,3214.8
3615,642,3880.0
3616,642,3916.1
3617,642,3155.4
3618,642,3864.1
3619,642,3958.3
3620,642,3176.8
3621,642,3817.0
3622,642,3133.7
3623,642,3866.1
3624,642,3958.3
3625,642,3979.4
3626,642,3195.0
3627,642,3836.4
3628,642,4008.4
3629,642,3925.7
3630,642,3221.1
3631,642,3873.0
3632,642,3929.0
3633,642,3178.4
3634,642,3881.2
3635,642,3877.4
3636,642,3257.8
3637,642,4001.4
3638,642,3783.8
3639,642,3974.3
3640,642,4352.1
3641,642,4030.5
3642,642,3968.9
3643,642,4008.2
3644,642,3843.8
3645,642,3843.4
3646,642,3991.8
3647,642,3982.9
3648,642,4190.6
3649,642,4175.4
3650,642,3584.7
3651,642,4009.6
3652,642,4268.8
3653,642,3821.6
3654,642,4166.1
3655,642,3782.1
3656,642,4106.1
3657,642,4112.5
3658,642,3831.9
3659,642,3899.3
3660,642,4257.6
3661,642,3671.6
3662,642,4226.4
3663,642,4032.6
3664,642,4009.4
3665,642,3745.7
3666,642,4211.8
3667,642,4001.8
3668,642,3993.4
3669,642,3993.5
3670,642,3788.2
3671,642,4175.0
3672,642,3797.0
3673,642,4175.7
3674,642,3840.7
3675,642,3858.9
3676,642,3981.0
3677,642,3931.6
3678,642,4015.9
3679,642,4004.5
3680,642,3945.8
3681,642,3204.7
3682,642,3771.0
3683,642,3139.1
3684,642,3895.4
3685,642,3926.8
3686,642,3300.7
3687,642,3849.4
3688,642,4253.5
3689,642,4171.5
3690,642,3635.4
3691,642,3992.5
3692,642,4159.2
3693,642,3948.1
3694,642,4060.2
3695,642,4012.1
3696,642,4026.3
3697,642,3794.8
3698,642,4306.5
3699,642,3731.3
3700,642,3941.5
3701,642,4116.5
3702,642,3776.9
3703,642,4257.7
3704,642,3694.0
3705,642,4223.3
3706,642,4187.2
3707,642,3877.5
3708,642,3959.7
3709,642,3825.7
3710,642,4144.0
3711,642,3872.8
3712,642,3991.2
3713,642,3851.9
3714,642,4235.0
3715,642,3745.9
3716,642,3889.4
3717,642,3968.3
3718,642,3208.1
3719,642,3810.3
3720,642,3377.9
3721,642,3735.6
3722,642,3903.3
3723,642,4237.2
3724,642,3831.4
3725,642,3846.7
3726,642,3484.6
3727,642,3713.6
3728,642,4139.5
3729,642,3825.3
3730,642,4155.7
3731,642,4028.1
3732,642,3769.1
3733,642,3920.8
3734,642,3999.0
3735,642,3953.3
3736,642,3905.0
3737,642,4080.9
3738,642,4023.3
3739,642,4210.8
3740,642,4074.6
3741,642,3781.1
3742,642,3744.4
3743,642,3321.7
3744,642,4146.4
3745,642,3730.8
3746,642,3924.4
3747,642,3889.2
3748,642,4033.1
3749,642,3975.8
3750,642,3950.0
3751,642,4073.3
3752,642,4057.9
3753,642,3873.9
3754,642,4035.8
3755,642,3960.5
3756,642,4325.9
3757,642,3856.5
3758,642,3875.6
3759,642,4173.0
3760,642,3738.3
3761,642,3946.7
3762,642,3208.4
3763,642,3902.1
3764,642,4252.3
3765,642,3771.5
3766,642,3897.7
3767,642,4281.4
3768,642,4015.2
3769,642,4019.3
3770,642,3901.9
3771,642,3922.0
3772,642,3825.2
3773,642,4074.7
3774,642,4210.5
3775,642,3861.5
3776,642,4125.6
3777,642,3652.1
3778,642,3927.9
3779,642,3275.2
3780,642,3801.6
3781,642,3921.0
3782,642,3182.0
3783,642,3840.0
3784,642,4014.4
3785,642,4410.5
3786,642,3546.2
3787,642,4309.2
3788,642,3744.3
3789,642,3923.7
3790,642,3975.1
3791,642,3157.8
3792,642,3904.9
3793,642,3934.9
3794,642,3189.6
3795,642,3900.9
3796,642,4294.7
3797,642,3643.2
3798,642,3941.4
3799,642,3231.9
3800,642,3778.1
3801,642,4035.1
3802,642,4056.3
3803,642,3946.6
3804,642,3991.5
3805,642,4205.7
3806,642,3811.8
3807,642,4028.8
3808,642,4271.6
3809,642,3641.9
3810,642,3918.0
3811,642,3164.2
3812,642,3850.8
3813,642,3964.1
3814,642,3157.8
3815,642,3863.1
3816,642,3968.7
3817,642,3180.4
3818,642,3820.7
3819,642,3223.3
3820,642,3838.4
3821,642,3910.1
3822,642,3304.1
3823,642,4086.7
3824,642,3902.4
3825,642,4078.6
3826,642,4008.7
3827,642,3994.4
3828,642,4004.9
3829,642,3885.1
3830,642,4042.9
3831,642,3788.4
3832,642,3879.3
3833,642,4035.7
3834,642,4274.6
3835,642,3744.3
3836,642,4020.3
3837,642,3885.8
3838,642,4374.6
3839,642,3998.7
3840,642,3730.4
3841,642,3909.9
3842,642,3920.0
3843,642,3945.9
3844,642,3317.8
3845,642,3833.1
3846,642,3896.3
3847,642,4423.7
3848,642,4040.0
3849,642,3606.9
3850,642,3925.9
3851,642,3995.1
3852,642,3975.9
3853,642,4007.4
3854,642,4249.8
3855,642,3836.9
3856,642,3823.0
3857,642,3947.6
3858,642,3231.7
3859,642,4000.2
3860,642,3878.2
3861,642,3936.4
3862,642,4232.3
3863,642,4091.8
3864,642,4029.7
3865,642,3977.9
3866,642,3848.4
3867,642,3781.2
3868,642,3925.7
3869,642,4011.4
3870,642,3973.2
3871,642,3964.6
3872,642,3208.4
3873,642,3874.1
3874,642,3911.6
3875,642,3150.4
3876,642,3911.0
3877,642,3927.5
3878,642,3990.3
3879,642,3174.6
3880,642,3855.8
3881,642,3974.0
3882,642,3995.0
3883,642,3996.9
3884,642,3918.7
3885,642,3217.0
3886,642,3882.0
3887,642,3961.5
3888,642,3933.9
3889,642,3165.2
3890,642,3922.1
3891,642,3904.1
3892,642,3194.7
3893,642,4075.0
3894,642,3859.9
3895,642,3994.2
3896,642,4100.8
3897,642,3790.4
3898,642,4151.4
3899,642,3868.5
3900,642,3959.0
3901,642,4207.9
3902,642,4005.1
3903,642,3993.2
3904,642,3946.1
3905,642,3923.0
3906,642,4199.5
3907,642,4016.0
3908,642,3749.5
3909,642,4192.4
3910,642,3800.2
3911,642,4009.6
3912,642,4244.8
3913,642,3732.5
3914,642,3912.7
3915,642,3965.4
3916,642,4001.6
3917,642,3990.6
3918,642,3928.3
3919,642,3219.5
3920,642,3799.6
3921,642,3959.5
3922,642,3172.6
3923,642,3842.1
3924,642,4310.0
3925,642,4048.8
3926,642,4011.2
3927,642,3818.4
3928,642,4129.8
3929,642,3725.2
3930,642,4028.7
3931,642,3993.2
3932,642,4359.3
3933,642,3551.3
3934,642,3956.3
3935,642,4063.7
3936,642,4115.0
3937,642,3772.0
3938,642,3190.5
3939,642,3828.8
3940,642,3955.6
3941,642,3179.2
3942,642,3911.8
3943,642,3915.1
3944,642,3953.3
3945,642,3179.9
3946,642,3930.6
3947,642,4006.8
3948,642,3907.1
3949,642,3971.9
3950,642,3131.7
3951,642,3959.1
3952,642,4254.1
3953,642,3710.7
3954,642,3973.8
3955,642,4024.7
3956,642,4042.7
3957,642,4206.8
3958,642,3781.4
3959,642,4220.5
3960,642,3759.1
3961,642,3961.7
3962,642,4233.4
3963,642,3781.4
3964,642,4078.9
3965,642,4237.3
3966,642,3952.0
3967,642,3966.6
3968,642,3797.3
3969,642,4159.6
3970,642,4063.9
3971,642,4023.3
3972,642,3831.8
3973,642,4203.8
3974,642,3861.1
3975,642,3867.8
3976,642,3831.5
3977,642,3912.9
3978,642,4014.8
3979,642,3997.2
3980,642,3958.0
3981,642,3960.8
3982,642,3243.5
3983,642,3785.1
3984,642,4004.4
3985,642,4006.2
3986,642,4215.6
3987,642,4029.1
3988,642,3685.9
3989,642,4048.0
3990,642,4039.4
3991,642,4283.9
3992,642,4025.6
3993,642,3963.8
3994,642,3902.4
3995,642,3723.0
3996,642,3976.0
3997,642,3904.9
3998,642,4009.1
3999,642,4287.2
4000,642,4114.0
4001,642,3661.7
4002,642,4200.9
4003,642,3803.5
4004,642,4271.1
4005,642,3959.7
4006,642,3695.7
4007,642,3936.9
4008,642,4087.5
4009,642,3950.0
4010,642,4102.2
4011,642,3893.8
4012,642,4059.6
4013,642,5184.0
4014,642,3645.3
4015,642,4015.7
4016,642,4255.6
4017,642,4061.3
4018,642,4039.8
4019,642,3652.6
4020,642,4034.1
4021,642,3911.0
4022,642,3979.1
4023,642,3989.3
4024,642,3996.5
4025,642,3993.4
4026,642,3911.2
4027,642,3350.0
4028,642,3664.8
4029,642,3975.5
4030,642,4083.1
4031,642,3967.5
4032,642,3927.9
4033,642,3252.7
4034,642,3854.9
4035,642,3912.2
4036,642,3956.1
4037,642,3095.7
4038,642,3893.4
4039,642,3222.3
4040,642,3898.1
4041,642,3975.4
4042,642,3934.0
4043,642,3905.2
4044,642,3224.1
4045,642,3793.9
4046,642,3207.4
4047,642,3869.5
4048,642,3940.8
4049,642,4061.9
4050,642,3908.0
4051,642,3139.8
4052,642,3956.2
4053,642,3848.1
4054,642,4154.3
4055,642,3921.1
4056,642,4023.2
4057,642,3996.0
4058,642,3992.5
4059,642,3973.4
4060,642,3904.0
4061,642,3179.0
4062,642,3848.4
4063,642,3230.3
4064,642,3779.8
4065,642,3210.5
4066,642,3793.1
4067,642,3958.7
4068,642,3499.2
4069,642,3600.8
4070,642,4013.6
4071,642,4127.3
4072,642,3768.6
4073,642,3944.2
4074,642,3596.3
4075,642,3966.7
4076,642,3714.0
4077,642,3851.6
4078,642,4199.6
4079,642,4065.0
4080,642,3672.5
4081,642,3981.3
4082,642,4180.6
4083,642,4092.1
4084,642,3813.8
4085,642,4153.8
4086,642,3854.7
4087,642,4131.9
4088,642,3767.3
4089,642,3985.4
4090,642,4225.5
4091,642,3701.1
4092,642,4112.5
4093,642,4190.5
4094,642,4017.7
4095,642,4939.2
4096,642,3880.2
4097,642,3906.0
4098,642,3847.1
4099,642,4054.6
4100,642,3976.0
4101,642,3883.4
4102,642,3254.3
4103,642,3810.0
4104,642,3952.9
4105,642,3258.2
4106,642,4121.9
4107,642,3685.3
4108,642,3951.9
4109,642,3954.5
4110,642,3501.9
4111,642,3904.0
4112,642,3611.9
4113,642,3922.5
4114,642,3533.3
4115,642,3908.0
4116,642,3852.2
4117,642,3835.0
4118,642,3945.3
4119,642,3982.4
4120,642,3970.1
4121,642,3924.0
4122,642,3247.6
4123,642,3841.7
4124,642,3913.1
4125,642,3142.3
4126,642,3869.5
4127,642,3978.0
4128,642,3978.2
4129,642,3130.7
4130,642,3884.7
4131,642,3961.5
4132,642,3162.2
4133,642,3849.6
4134,642,3971.6
4135,642,3143.8
4136,642,3904.6
4137,642,3915.2
4138,642,3129.5
4139,642,3861.1
4140,642,3181.7
4141,642,3856.8
4142,642,3985.1
4143,642,3964.1
4144,642,3145.9
4145,642,3823.5
4146,642,3177.3
4147,642,3872.8
4148,642,3931.7
4149,642,3211.1
4150,642,3932.1
4151,642,4227.3
4152,642,3682.0
4153,642,4032.4
4154,642,4339.1
4155,642,3771.2
4156,642,4145.3
4157,642,4099.3
4158,642,3923.3
4159,642,3977.5
4160,642,3847.3
4161,642,3854.0
4162,642,3907.2
4163,642,3956.5
4164,642,3249.8
4165,642,3907.0
4166,642,3939.0
4167,642,3919.5
4168,642,3959.9
4169,642,3259.8
4170,642,3783.2
4171,642,3917.8
4172,642,3261.8
4173,642,3871.9
4174,642,3983.5
4175,642,3968.7
4176,642,3995.5
4177,642,4297.7
4178,642,4152.5
4179,642,3885.6
4180,642,3773.9
4181,642,4137.2
4182,642,3698.9
4183,642,4234.2
4184,642,4088.5
4185,642,4006.0
4186,642,3978.6
4187,642,3761.8
4188,642,4178.3
4189,642,4068.2
4190,642,3947.8
4191,642,4000.2
4192,642,3763.6
4193,642,3924.3
4194,642,4306.7
4195,642,3985.0
4196,642,3975.4
4197,642,3996.7
4198,642,3989.9
4199,642,3801.2
4200,642,3836.3
4201,642,3897.2
4202,642,3155.7
4203,642,3851.1
4204,642,3161.6
4205,642,3934.3
4206,642,3996.0
4207,642,3966.4
4208,642,3917.8
4209,642,3108.5
4210,642,3848.8
4211,642,3143.8
4212,642,3866.7
4213,642,3204.3
4214,642,3807.2
4215,642,3206.2
4216,642,3975.2
4217,642,3911.7
4218,642,3975.0
4219,642,3967.3
4220,642,3997.8
4221,642,3974.2
4222,642,4006.5
4223,642,3963.0
4224,642,4027.2
4225,642,4147.7
4226,642,4159.4
4227,642,4003.5
4228,642,3996.9
4229,642,4026.6
4230,642,3691.1
4231,642,4207.0
4232,642,4035.8
4233,642,3999.1
4234,642,3682.9
4235,642,4091.6
4236,642,4175.1
4237,642,3846.5
4238,642,4149.0
4239,642,3832.9
4240,642,3954.5
4241,642,3949.4
4242,642,4164.8
4243,642,4104.6
4244,642,3737.3
4245,642,4182.7
4246,642,4022.2
4247,642,3999.0
4248,642,3612.4
4249,642,3996.9
4250,642,4312.6
4251,642,3760.8
4252,642,4218.5
4253,642,4113.3
4254,642,3678.3
4255,642,3917.9
4256,642,3956.6
4257,642,3910.8
4258,642,3169.0
4259,642,3986.1
4260,642,3873.3
4261,642,3950.4
4262,642,3174.2
4263,642,4183.1
4264,642,3770.9
4265,642,4236.2
4266,642,4086.3
4267,642,3627.9
4268,642,4255.1
4269,642,4107.1
4270,642,3574.6
4271,642,3970.6
4272,642,3935.1
4273,642,3152.5
4274,642,3889.5
4275,642,4021.0
4276,642,4362.0
4277,642,4031.9
4278,642,3651.3
4279,642,4212.3
4280,642,3762.7
4281,642,4083.2
4282,642,3903.8
4283,642,3905.0
4284,642,4039.6
4285,642,3866.3
4286,642,3271.6
4287,642,3934.0
4288,642,4168.6
4289,642,4039.3
4290,642,3621.8
4291,642,3922.9
4292,642,3269.5
4293,642,4141.1
4294,642,3703.5
4295,642,3928.9
4296,642,3965.6
4297,642,3249.5
4298,642,3808.1
4299,642,4248.4
4300,642,3780.2
4301,642,3930.3
4302,642,4020.7
4303,642,3916.4
4304,642,3235.4
4305,642,3880.8
4306,642,3994.5
4307,642,3985.7
4308,642,3870.0
4309,642,3170.0
4310,642,4036.0
4311,642,3915.7
4312,642,4244.9
4313,642,4039.6
4314,642,3985.9
4315,642,3995.5
4316,642,3994.4
4317,642,3859.5
4318,642,4112.6
4319,642,3645.5
4320,642,4228.0
4321,642,3921.5
4322,642,3805.4
4323,642,4027.4
4324,642,3914.6
4325,642,3157.3
4326,642,3944.7
4327,642,4253.4
4328,642,3898.7
4329,642,3910.9
4330,642,3874.5
4331,642,3924.0
4332,642,3145.2
4333,642,3863.9
4334,642,3078.5
4335,642,3991.1
4336,642,4221.1
4337,642,3848.1
4338,642,4280.8
4339,642,3690.1
4340,642,3928.2
4341,642,4088.9
4342,642,4018.0
4343,642,4093.2
4344,642,3860.9
4345,642,4191.7
4346,642,4016.4
4347,642,3782.7
4348,642,4158.0
4349,642,3874.3
4350,642,4139.3
4351,642,3793.3
4352,642,4073.1
4353,642,4038.3
4354,642,4171.7
4355,642,3898.4
4356,642,3809.2
4357,642,4130.4
4358,642,3877.2
4359,642,4101.8
4360,642,3742.3
4361,642,3968.0
4362,642,3973.6
4363,642,3970.0
4364,642,4011.9
4365,642,3995.2
4366,642,3992.8
4367,642,3927.4
4368,642,3165.7
4369,642,3845.4
4370,642,3090.4
4371,642,3939.1
4372,642,3996.3
4373,642,4148.5
4374,642,3962.3
4375,642,4172.1
4376,642,3787.6
4377,642,4263.3
4378,642,3993.8
4379,642,3799.3
4380,642,4137.0
4381,642,3691.7
4382,642,4033.1
4383,642,3930.2
4384,642,3961.5
4385,642,3987.9
4386,642,3922.1
4387,642,3204.2
4388,642,3866.2
4389,642,3929.6
4390,642,3275.9
4391,642,3783.6
4392,642,3972.4
4393,642,3954.1
4394,642,3143.3
4395,642,3874.3
4396,642,3963.1
4397,642,3146.6
4398,642,3912.8
4399,642,3916.2
4400,642,3173.7
4401,642,3946.8
4402,642,3900.0
4403,642,3960.7
4404,642,4019.8
4405,642,3995.7
4406,642,4014.8
4407,642,4227.7
4408,642,4046.1
4409,642,4050.5
4410,642,3750.5
4411,642,3954.6
4412,642,4012.4
4413,642,4206.5
4414,642,4136.9
4415,642,3710.4
4416,642,4108.0
4417,642,4175.6
4418,642,3905.2
4419,642,3627.6
4420,642,3922.1
4421,642,3119.3
4422,642,3936.2
4423,642,4107.8
4424,642,3870.5
4425,642,4007.1
4426,642,4442.9
4427,642,3636.1
4428,642,4200.0
4429,642,4074.7
4430,642,3962.9
4431,642,3800.1
4432,642,4141.1
4433,642,4161.8
4434,642,3859.1
4435,642,3631.9
4436,642,4219.1
4437,642,4312.4
4438,642,3625.8
4439,642,3983.8
4440,642,4028.4
4441,642,3821.7
4442,642,4259.9
4443,642,3851.9
4444,642,4146.3
4445,642,3767.4
4446,642,4280.2
4447,642,3958.6
4448,642,3978.5
4449,642,4071.8
4450,642,3726.9
4451,642,4211.6
4452,642,3963.4
4453,642,3693.3
4454,642,4368.2
4455,642,3924.8
4456,642,3961.0
4457,642,3687.5
4458,642,4020.7
4459,642,3974.5
4460,642,3904.5
4461,642,3962.2
4462,642,3148.2
4463,642,3952.5
4464,642,4338.3
4465,642,3613.3
4466,642,3916.4
4467,642,3222.1
4468,642,3983.2
4469,642,3804.0
4470,642,3926.1
4471,642,3129.1
4472,642,3915.8
4473,642,4004.8
4474,642,4013.7
4475,642,3910.2
4476,642,3129.6
4477,642,3873.2
4478,642,3221.3
4479,642,4020.2
4480,642,4238.5
4481,642,3646.6
4482,642,4236.1
4483,642,3765.6
4484,642,4225.7
4485,642,4053.7
4486,642,3787.1
4487,642,4121.9
4488,642,3790.5
4489,642,4235.0
4490,642,3627.3
4491,642,4029.6
4492,642,4002.6
4493,642,3893.3
4494,642,3236.1
4495,642,3932.1
4496,642,4056.9
4497,642,4011.9
4498,642,4068.6
4499,642,4065.1
4500,642,4027.3
4501,642,4005.5
4502,642,3789.7
4503,642,3964.8
4504,642,4154.6
4505,642,4226.9
4506,642,3814.7
4507,642,3875.1
4508,642,4004.7
4509,642,3748.6
4510,642,4264.0
4511,642,4038.7
4512,642,4010.7
4513,642,3638.6
4514,642,3949.1
4515,642,3962.0
4516,642,4315.0
4517,642,3789.3
4518,642,4353.6
4519,642,4003.1
4520,642,3952.0
4521,642,3800.0
4522,642,4242.3
4523,642,3556.6
4524,642,4011.2
4525,642,4298.2
4526,642,3715.0
4527,642,3949.3
4528,642,3882.7
4529,642,4309.5
4530,642,3864.8
4531,642,4178.7
4532,642,4015.4
4533,642,3804.4
4534,642,4168.4
4535,642,3785.3
4536,642,3927.0
4537,642,3951.6
4538,642,3911.4
4539,642,3167.7
4540,642,3931.7
4541,642,4099.6
4542,642,3809.1
4543,642,3992.6
4544,642,3988.8
4545,642,4346.4
4546,642,4164.8
4547,642,3894.2
4548,642,3712.7
4549,642,3848.3
4550,642,4055.6
4551,642,4029.2
4552,642,3983.2
4553,642,3892.3
4554,642,3211.2
4555,642,3896.2
4556,642,3983.9
4557,642,3966.8
4558,642,3925.2
4559,642,4015.4
4560,642,4298.6
4561,642,4057.5
4562,642,4003.1
4563,642,4079.2
4564,642,3609.7
4565,642,3956.6
4566,642,3917.1
4567,642,3165.5
4568,642,3940.9
4569,642,3944.0
4570,642,3978.1
4571,642,3968.8
4572,642,3932.2
4573,642,3298.9
4574,642,3770.3
4575,642,3948.6
4576,642,3137.3
4577,642,3946.2
4578,642,3970.7
4579,642,3942.3
4580,642,3971.9
4581,642,3168.2
4582,642,3988.1
4583,642,4221.7
4584,642,4173.5
4585,642,3718.5
4586,642,4188.4
4587,642,3766.2
4588,642,3954.7
4589,642,3890.9
4590,642,3970.2
4591,642,4016.6
4592,642,3941.3
4593,642,3989.7
4594,642,3909.6
4595,642,3523.0
4596,642,3580.2
4597,642,3892.7
4598,642,3229.5
4599,642,3883.8
4600,642,3858.5
4601,642,3246.1
4602,642,3794.0
4603,642,3919.1
4604,642,3258.9
4605,642,3801.8
4606,642,3974.1
4607,642,3981.5
4608,642,3149.4
4609,642,3960.9
4610,642,3975.2
4611,642,3892.2
4612,642,3261.2
4613,642,4228.7
4614,642,3978.8
4615,642,3918.0
4616,642,3817.0
4617,642,3906.1
4618,642,4266.2
4619,642,3965.1
4620,642,3990.4
4621,642,4063.0
4622,642,3584.3
4623,642,3937.3
4624,642,4352.2
4625,642,4033.3
4626,642,3876.3
4627,642,3967.7
4628,642,3881.8
4629,642,4209.2
4630,642,3762.2
4631,642,3971.2
4632,642,4042.7
4633,642,4188.6
4634,642,4015.0
4635,642,3819.0
4636,642,3861.0
4637,642,3974.7
4638,642,3970.8
4639,642,3986.3
4640,642,3946.1
4641,642,4018.7
4642,642,3929.8
4643,642,3180.9
4644,642,3847.0
4645,642,3921.3
4646,642,3249.2
4647,642,3856.3
4648,642,3927.8
4649,642,3986.1
4650,642,4025.6
4651,642,3989.3
4652,642,3965.0
4653,642,3122.1
4654,642,3875.9
4655,642,3999.9
4656,642,3944.3
4657,642,3169.9
4658,642,3865.3
4659,642,4005.3
4660,642,3944.7
4661,642,3175.4
4662,642,3919.7
4663,642,3923.1
4664,642,4064.7
4665,642,4246.0
4666,642,3802.1
4667,642,4186.8
4668,642,3749.5
4669,642,4235.1
4670,642,4201.1
4671,642,3705.4
4672,642,4206.8
4673,642,3753.1
4674,642,4094.8
4675,642,4168.9
4676,642,4086.1
4677,642,3480.8
4678,642,3855.0
4679,642,3251.3
4680,642,3978.9
4681,642,3829.3
4682,642,4361.5
4683,642,4004.0
4684,642,3646.0
4685,642,3971.2
4686,642,3963.7
4687,642,3932.2
4688,642,3286.4
4689,642,3781.5
4690,642,3918.1
4691,642,3187.1
4692,642,3910.6
4693,642,3948.1
4694,642,4027.0
4695,642,4012.1
4696,642,3871.2
4697,642,3247.2
4698,642,3770.9
4699,642,3221.6
4700,642,3983.3
4701,642,3838.7
4702,642,4060.6
4703,642,4277.7
4704,642,3997.4
4705,642,3966.9
4706,642,3746.6
4707,642,3957.8
4708,642,4301.1
4709,642,3799.3
4710,642,4149.7
4711,642,3944.4
4712,642,3979.7
4713,642,4058.2
4714,642,3701.3
4715,642,3918.3
4716,642,3971.9
4717,642,4054.9
4718,642,3998.5
4719,642,3987.8
4720,642,3996.5
4721,642,3959.6
4722,642,4056.6
4723,642,3876.3
4724,642,3156.5
4725,642,3868.2
4726,642,3965.1
4727,642,3239.8
4728,642,3923.4
4729,642,3852.3
4730,642,4009.6
4731,642,4324.3
4732,642,3760.6
4733,642,4211.2
4734,642,3711.9
4735,642,4222.6
4736,642,4059.0
4737,642,3679.1
4738,642,3977.2
4739,642,4025.3
4740,642,4216.6
4741,642,4141.7
4742,642,3996.9
4743,642,3993.5
4744,642,3822.2
4745,642,3850.6
4746,642,4256.8
4747,642,3951.4
4748,642,3723.1
4749,642,4261.3
4750,642,4014.6
4751,642,4087.0
4752,642,3583.4
4753,642,4226.0
4754,642,4092.2
4755,642,3646.8
4756,642,3917.0
4757,642,3207.2
4758,642,4009.2
4759,642,4117.5
4760,642,3727.2
4761,642,4251.8
4762,642,3784.8
4763,642,4221.5
4764,642,4164.2
4765,642,3666.3
4766,642,4173.5
4767,642,4113.7
4768,642,3895.1
4769,642,3838.2
4770,642,4125.8
4771,642,4018.8
4772,642,3748.1
4773,642,4007.9
4774,642,4178.6
4775,642,4006.4
4776,642,3648.5
4777,642,4256.0
4778,642,4079.9
4779,642,3788.4
4780,642,3975.6
4781,642,3993.7
4782,642,3918.4
4783,642,3969.7
4784,642,4209.9
4785,642,3887.8
4786,642,3834.4
4787,642,4024.1
4788,642,4284.2
4789,642,3695.3
4790,642,3999.4
4791,642,3904.9
4792,642,3426.3
4793,642,3642.6
4794,642,4295.4
4795,642,3754.6
4796,642,4248.0
4797,642,3905.3
4798,642,3987.9
4799,642,3956.0
4800,642,3798.5
4801,642,4021.6
4802,642,4309.1
4803,642,3673.8
4804,642,3976.6
4805,642,3918.3
4806,642,3214.2
4807,642,3804.2
4808,642,4046.3
4809,642,3928.6
4810,642,3138.2
4811,642,3891.6
4812,642,4049.2
4813,642,3996.5
4814,642,3990.7
4815,642,3856.7
4816,642,3283.0
4817,642,3864.8
4818,642,3905.4
4819,642,4035.8
4820,642,3918.2
4821,642,3153.4
4822,642,4040.0
4823,642,4178.8
4824,642,4031.9
4825,642,3758.7
4826,642,4116.3
4827,642,3842.5
4828,642,4148.3
4829,642,3807.9
4830,642,4049.9
4831,642,4139.7
4832,642,3764.4
4833,642,3919.1
4834,642,3913.1
4835,642,3229.8
4836,642,3796.2
4837,642,3951.2
4838,642,3169.5
4839,642,3931.1
4840,642,4119.7
4841,642,4151.2
4842,642,4005.6
4843,642,4180.1
4844,642,3633.7
4845,642,3809.2
4846,642,3989.6
4847,642,4024.4
4848,642,3874.6
4849,642,3192.2
4850,642,4331.3
4851,642,3986.7
4852,642,3660.0
4853,642,4208.0
4854,642,3788.5
4855,642,4197.3
4856,642,3702.7
4857,642,4033.6
4858,642,4135.6
4859,642,3861.8
4860,642,3890.4
4861,642,3978.6
4862,642,4005.0
4863,642,4205.2
4864,642,4147.5
4865,642,4053.5
4866,642,3893.8
4867,642,3879.8
4868,642,3887.4
4869,642,3932.2
4870,642,4012.5
4871,642,3993.1
4872,642,4267.6
4873,642,3847.9
4874,642,4130.1
4875,642,3861.8
4876,642,3843.6
4877,642,3902.2
4878,642,3134.4
4879,642,3913.6
4880,642,3902.0
4881,642,3182.2
4882,642,3838.2
4883,642,3188.1
4884,642,3842.4
4885,642,4054.6
4886,642,3967.7
4887,642,3937.0
4888,642,3979.7
4889,642,4053.2
4890,642,3976.0
4891,642,3901.6
4892,642,3178.8
4893,642,3838.3
4894,642,3261.8
4895,642,3883.6
4896,642,3896.7
4897,642,3937.0
4898,642,3190.2
4899,642,3873.6
4900,642,3927.8
4901,642,3164.6
4902,642,3844.3
4903,642,3946.5
4904,642,3175.8
4905,642,3857.5
4906,642,4002.7
4907,642,3988.4
4908,642,3958.0
4909,642,4027.8
4910,642,3959.9
4911,642,3139.1
4912,642,3902.3
4913,642,3944.1
4914,642,3130.2
4915,642,3870.1
4916,642,3140.7
4917,642,3898.8
4918,642,3930.3
4919,642,3182.7
4920,642,3825.2
4921,642,3955.5
4922,642,3241.1
4923,642,4029.9
4924,642,3867.3
4925,642,3943.4
4926,642,3975.7
4927,642,4076.9
4928,642,4198.8
4929,642,3697.9
4930,642,3979.8
4931,642,4247.8
4932,642,4184.5
4933,642,4000.6
4934,642,3627.8
4935,642,3939.6
4936,642,3984.1
4937,642,3912.6
4938,642,4026.2
4939,642,3947.7
4940,642,3151.9
4941,642,3946.8
4942,642,3915.3
4943,642,4044.6
4944,642,3990.9
4945,642,3998.1
4946,642,3993.4
4947,642,4106.0
4948,642,3923.3
4949,642,3972.3
4950,642,3972.1
4951,642,3896.1
4952,642,3749.0
4953,642,3356.1
4954,642,3997.0
4955,642,3982.4
4956,642,3873.6
4957,642,3173.6
4958,642,3907.1
4959,642,4006.1
4960,642,3914.9
4961,642,3156.0
4962,642,3968.3
4963,642,3853.3
4964,642,3109.9
4965,642,3935.2
4966,642,3935.9
4967,642,3201.4
4968,642,3874.7
4969,642,3921.2
4970,642,3135.6
4971,642,3884.9
4972,642,4044.4
4973,642,4007.3
4974,642,3947.2
4975,642,4196.7
4976,642,4127.4
4977,642,3877.0
4978,642,3878.8
4979,642,3929.6
4980,642,4001.3
4981,642,3910.8
4982,642,3988.6
4983,642,3174.2
4984,642,3826.5
4985,642,3966.9
4986,642,3153.9
4987,642,3872.3
4988,642,4044.1
4989,642,3914.6
4990,642,3131.0
4991,642,3930.4
4992,642,3894.5
4993,642,3536.5
4994,642,3894.1
4995,642,3993.8
4996,642,3982.6
4997,642,3784.5
4998,642,3912.7
4999,642,4233.3
5000,642,3700.6
5001,642,3962.1
5002,642,4050.1
5003,642,4204.9
5004,642,3886.1
5005,642,4157.4
5006,642,3750.8
5007,642,3907.7
5008,642,4029.7
5009,642,4250.1
5010,642,4198.2
5011,642,3769.4
5012,642,4119.6
5013,642,4135.8
5014,642,3594.8
5015,642,3903.4
5016,642,4026.0
5017,642,3865.8
5018,642,3136.9
5019,642,3952.8
5020,642,3915.5
5021,642,3954.3
5022,642,3375.3
5023,642,3764.9
5024,642,3951.5
5025,642,3919.6
5026,642,4041.7
5027,642,3897.7
5028,642,3119.8
5029,642,3903.2
5030,642,3168.0
5031,642,3792.7
5032,642,3181.8
5033,642,3991.5
5034,642,3867.1
5035,642,3936.1
5036,642,3260.0
5037,642,5053.5
5038,642,4256.7
5039,642,3839.7
5040,642,3749.0
5041,642,4303.7
5042,642,4042.1
5043,642,3590.5
5044,642,3809.7
5045,642,3263.0
5046,642,3783.9
5047,642,3946.0
5048,642,3195.7
5049,642,3856.3
5050,642,3934.2
5051,642,3120.3
5052,642,3904.9
5053,642,4040.2
5054,642,3973.1
5055,642,3936.8
5056,642,3153.6
5057,642,3960.4
5058,642,4267.4
5059,642,4008.2
5060,642,3796.7
5061,642,3955.3
5062,642,4207.8
5063,642,3617.9
5064,642,3940.3
5065,642,3141.0
5066,642,3929.4
5067,642,4020.1
5068,642,3920.5
5069,642,3370.2
5070,642,3777.7
5071,642,3876.2
5072,642,3946.7
5073,642,3172.9
5074,642,3786.0
5075,642,3324.4
5076,642,4109.4
5077,642,3986.9
5078,642,4900.6
5079,642,4065.4
5080,642,3782.8
5081,642,4179.6
5082,642,4220.2
5083,642,3527.9
5084,642,3924.5
5085,642,3887.4
5086,642,3264.0
5087,642,3817.3
5088,642,3938.1
5089,642,3132.2
5090,642,3816.1
5091,642,3444.9
5092,642,3732.6
5093,642,3868.2
5094,642,3954.7
5095,642,3241.4
5096,642,3986.0
5097,642,3896.3
5098,642,4235.5
5099,642,4129.9
5100,642,3806.1
5101,642,4046.4
5102,642,4016.8
5103,642,4017.0
5104,642,4105.4
5105,642,3627.1
5106,642,3931.6
5107,642,3918.9
5108,642,4020.3
5109,642,3896.8
5110,642,3112.4
5111,642,3851.4
5112,642,3266.0
5113,642,3898.2
5114,642,3899.0
5115,642,3939.6
5116,642,3131.6
5117,642,3931.1
5118,642,3930.9
5119,642,4187.4
5120,642,3931.1
5121,642,3992.3
5122,642,3885.6
5123,642,3159.7
5124,642,3928.4
5125,642,3971.2
5126,642,3966.2
5127,642,3989.5
5128,642,4361.5
5129,642,4080.6
5130,642,3937.1
5131,642,4015.5
5132,642,4004.7
5133,642,3932.1
5134,642,3732.4
5135,642,4210.1
5136,642,4019.1
5137,642,4075.9
5138,642,3914.4
5139,642,3773.3
5140,642,4063.9
5141,642,3877.7
5142,642,3935.1
5143,642,4212.8
5144,642,4054.2
5145,642,4021.3
5146,642,3773.0
5147,642,4201.3
5148,642,3730.3
5149,642,4222.2
5150,642,3756.6
5151,642,3987.9
5152,642,4199.5
5153,642,3847.5
5154,642,3838.3
5155,642,3936.8
5156,642,3142.9
5157,642,3899.3
5158,642,3902.8
5159,642,3200.5
5160,642,3882.8
5161,642,3900.8
5162,642,3177.4
5163,642,3919.5
5164,642,3916.7
5165,642,3149.5
5166,642,3870.3
5167,642,3966.5
5168,642,3161.4
5169,642,3854.6
5170,642,3959.3
5171,642,3228.0
5172,642,3798.0
5173,642,3958.4
5174,642,3163.6
5175,642,3861.7
5176,642,3957.9
5177,642,3157.3
5178,642,3863.7
5179,642,4051.0
5180,642,3977.9
5181,642,4118.3
5182,642,3888.4
5183,642,4010.0
5184,642,3956.2
5185,642,3958.2
5186,642,3935.4
5187,642,3266.7
5188,642,3858.3
5189,642,3995.2
5190,642,3880.8
5191,642,3219.8
5192,642,3786.2
5193,642,4020.3
5194,642,4311.4
5195,642,3772.9
5196,642,3945.0
5197,642,3913.4
5198,642,4034.9
5199,642,3926.3
5200,642,3993.6
5201,642,4054.1
5202,642,4006.5
5203,642,3927.6
5204,642,3227.4
5205,642,3790.4
5206,642,3959.5
5207,642,3132.9
5208,642,3880.3
5209,642,3179.1
5210,642,3840.4
5211,642,4019.5
5212,642,3931.7
5213,642,3945.5
5214,642,3153.9
5215,642,3932.1
5216,642,4005.4
5217,642,4247.2
5218,642,3803.7
5219,642,3990.2
5220,642,3964.2
5221,642,4000.3
5222,642,4258.3
5223,642,3736.9
5224,642,3987.9
5225,642,3979.1
5226,642,3866.3
5227,642,3139.8
5228,642,3882.7
5229,642,3982.9
5230,642,4004.6
5231,642,3912.0
5232,642,3252.7
5233,642,3893.0
5234,642,3998.0
5235,642,4000.5
5236,642,3919.5
5237,642,4024.4
5238,642,4257.7
5239,642,3731.0
5240,642,3878.2
5241,642,3249.5
5242,642,3941.4
5243,642,3848.7
5244,642,3922.8
5245,642,3263.9
5246,642,3959.4
5247,642,3871.2
5248,642,3924.4
5249,642,3989.9
5250,642,4034.9
5251,642,4023.6
5252,642,4000.4
5253,642,3925.3
5254,642,4259.8
5255,642,3748.5
5256,642,4269.3
5257,642,4045.5
5258,642,4013.3
5259,642,3982.2
5260,642,3808.3
5261,642,4180.5
5262,642,3994.4
5263,642,4037.0
5264,642,4070.4
5265,642,3826.9
5266,642,4046.3
5267,642,3883.7
5268,642,4088.2
5269,642,3666.2
5270,642,4142.7
5271,642,4174.8
5272,642,4016.4
5273,642,3973.0
5274,642,3763.1
5275,642,3998.0
5276,642,4297.8
5277,642,3910.5
5278,642,3985.6
5279,642,3803.0
5280,642,3881.3
5281,642,4094.4
5282,642,3887.4
5283,642,4049.2
5284,642,4181.1
5285,642,3693.0
5286,642,3991.5
5287,642,3989.6
5288,642,4067.8
5289,642,3946.8
5290,642,4149.1
5291,642,4144.2
5292,642,3999.3
5293,642,3876.2
5294,642,3981.7
5295,642,3784.7
5296,642,4220.0
5297,642,4078.0
5298,642,3740.6
5299,642,3864.7
5300,642,3979.1
5301,642,3204.9
5302,642,4000.0
5303,642,3796.5
5304,642,3931.7
5305,642,3165.5
5306,642,3866.5
5307,642,3979.7
5308,642,3131.0
5309,642,3964.8
5310,642,3887.8
5311,642,3154.2
5312,642,3942.7
5313,642,3886.7
5314,642,3104.1
5315,642,3918.1
5316,642,3989.0
5317,642,3942.1
5318,642,3146.2
5319,642,3877.7
5320,642,3146.7
5321,642,3858.8
5322,642,4060.5
5323,642,4017.4
5324,642,4040.0
5325,642,3942.5
5326,642,3865.5
5327,642,3182.2
5328,642,3873.0
5329,642,4025.5
5330,642,4000.3
5331,642,3920.3
5332,642,3248.9
5333,642,3859.9
5334,642,3907.3
5335,642,4092.7
5336,642,3969.1
5337,642,3915.8
5338,642,3961.4
5339,642,3150.1
5340,642,3949.2
5341,642,3967.9
5342,642,3920.7
5343,642,3114.6
5344,642,3966.3
5345,642,3947.6
5346,642,3913.1
5347,642,3123.2
5348,642,3933.7
5349,642,4033.9
5350,642,4010.7
5351,642,3980.0
5352,642,3963.2
5353,642,4022.5
5354,642,3968.1
5355,642,4004.7
5356,642,4270.1
5357,642,4109.1
5358,642,3958.9
5359,642,3733.1
5360,642,4220.4
5361,642,4048.0
5362,642,3760.9
5363,642,4007.4
5364,642,3848.9
5365,642,4381.8
5366,642,3960.8
5367,642,4154.8
5368,642,3833.8
5369,642,3836.5
5370,642,4113.9
5371,642,4041.0
5372,642,4025.7
5373,642,3656.7
5374,642,3848.5
5375,642,3971.0
5376,642,3147.9
5377,642,3871.7
5378,642,3093.3
5379,642,3973.3
5380,642,3874.0
5381,642,3269.7
5382,642,4222.1
5383,642,3894.3
5384,642,3723.0
5385,642,4327.8
5386,642,3968.6
5387,642,3736.5
5388,642,4203.1
5389,642,4134.6
5390,642,3899.3
5391,642,3973.1
5392,642,4063.6
5393,642,3592.3
5394,642,3966.6
5395,642,3964.9
5396,642,4023.3
5397,642,4001.5
5398,642,3922.5
5399,642,3153.0
5400,642,3943.0
5401,642,3962.5
5402,642,4025.4
5403,642,3996.7
5404,642,4263.1
5405,642,4049.7
5406,642,4184.8
5407,642,3597.1
5408,642,4011.7
5409,642,4141.1
5410,642,3710.7
5411,642,3942.1
5412,642,4049.0
5413,642,4016.2
5414,642,3994.2
5415,642,3866.5
5416,642,3967.5
5417,642,3211.9
5418,642,3854.7
5419,642,3905.3
5420,642,3147.0
5421,642,3868.2
5422,642,3963.2
5423,642,3162.5
5424,642,3862.1
5425,642,3941.4
5426,642,3212.5
5427,642,3891.4
5428,642,3926.5
5429,642,3954.6
5430,642,3167.5
5431,642,3849.6
5432,642,3184.4
5433,642,3840.1
5434,642,3922.1
5435,642,3157.9
5436,642,3861.2
5437,642,4013.0
5438,642,3993.7
5439,642,3990.7
5440,642,4038.4
5441,642,4117.5
5442,642,4215.5
5443,642,3793.7
5444,642,3838.5
5445,642,3948.3
5446,642,4265.1
5447,642,4038.6
5448,642,3925.3
5449,642,3846.8
5450,642,3911.4
5451,642,4005.1
5452,642,3921.6
5453,642,3200.6
5454,642,3861.0
5455,642,3919.1
5456,642,3100.8
5457,642,3933.1
5458,642,3986.9
5459,642,3935.4
5460,642,3208.6
5461,642,3854.4
5462,642,4018.3
5463,642,3935.8
5464,642,4415.5
5465,642,3719.9
5466,642,3862.6
5467,642,4080.7
5468,642,3985.3
5469,642,3964.5
5470,642,3991.4
5471,642,3973.2
5472,642,4076.3
5473,642,3877.5
5474,642,3083.4
5475,642,3875.4
5476,642,3208.6
5477,642,3803.8
5478,642,3213.9
5479,642,3791.4
5480,642,4014.0
5481,642,4037.6
5482,642,3973.7
5483,642,3996.1
5484,642,3915.9
5485,642,3181.1
5486,642,3926.2
5487,642,3915.1
5488,642,3920.2
5489,642,3145.6
5490,642,3851.3
5491,642,3228.4
5492,642,3839.9
5493,642,4394.3
5494,642,3684.6
5495,642,3956.5
5496,642,3984.0
5497,642,3948.8
5498,642,4366.3
5499,642,3819.2
5500,642,4130.9
5501,642,3987.1
5502,642,4137.7
5503,642,3612.2
5504,642,4051.1
5505,642,3851.1
5506,642,4030.4
5507,642,4223.9
5508,642,3787.6
5509,642,3955.2
5510,642,3917.6
5511,642,3980.8
5512,642,4011.9
5513,642,4045.1
5514,642,4246.8
5515,642,4044.1
5516,642,3981.6
5517,642,4117.7
5518,642,3634.1
5519,642,4205.8
5520,642,3681.5
5521,642,3995.6
5522,642,3920.9
5523,642,3199.5
5524,642,3820.9
5525,642,4009.6
5526,642,3991.2
5527,642,4142.3
5528,642,3845.7
5529,642,3993.7
5530,642,3917.9
5531,642,3250.0
5532,642,3898.7
5533,642,3985.4
5534,642,3879.3
5535,642,3243.2
5536,642,3934.6
5537,642,3827.0
5538,642,3979.6
5539,642,3946.7
5540,642,3234.2
5541,642,3876.0
5542,642,4025.7
5543,642,3913.7
5544,642,4043.2
5545,642,3882.0
5546,642,3286.3
5547,642,3768.5
5548,642,3958.4
5549,642,3133.9
5550,642,3910.9
5551,642,3933.3
5552,642,3158.7
5553,642,3915.5
5554,642,3969.1
5555,642,3994.2
5556,642,3917.6
5557,642,3210.8
5558,642,4134.4
5559,642,4061.8
5560,642,3844.3
5561,642,3905.7
5562,642,3914.5
5563,642,3880.6
5564,642,3179.8
5565,642,3866.9
5566,642,4043.6
5567,642,3906.7
5568,642,3115.6
5569,642,3876.7
5570,642,3192.7
5571,642,3785.4
5572,642,3205.0
5573,642,3801.5
5574,642,3237.0
5575,642,3766.6
5576,642,3100.6
5577,642,3887.9
5578,642,3207.9
5579,642,3807.9
5580,642,4004.3
5581,642,3999.1
5582,642,3995.3
5583,642,4020.7
5584,642,3995.7
5585,642,3994.9
5586,642,3889.0
5587,642,3234.0
5588,642,3805.1
5589,642,3974.8
5590,642,3175.1
5591,642,3912.9
5592,642,3969.6
5593,642,3990.0
5594,642,4007.9
5595,642,4216.9
5596,642,4086.7
5597,642,3797.3
5598,642,3978.3
5599,642,3946.2
5600,642,4208.4
5601,642,3708.6
5602,642,3934.6
5603,642,3265.9
5604,642,3891.3
5605,642,4180.3
5606,642,3756.1
5607,642,4235.3
5608,642,4037.8
5609,642,3953.9
5610,642,4017.8
5611,642,3842.8
5612,642,3790.3
5613,642,3955.9
5614,642,4048.0
5615,642,3918.3
5616,642,3231.5
5617,642,4150.9
5618,642,4060.5
5619,642,3930.5
5620,642,3767.9
5621,642,3919.5
5622,642,4061.3
5623,642,4177.3
5624,642,4088.4
5625,642,3801.8
5626,642,3853.2
5627,642,4081.3
5628,642,4056.0
5629,642,3973.5
5630,642,3917.0
5631,642,3919.2
5632,642,3897.1
5633,642,4046.1
5634,642,3921.9
5635,642,3138.4
5636,642,4288.4
5637,642,4069.0
5638,642,3641.6
5639,642,4194.3
5640,642,4168.7
5641,642,3758.7
5642,642,3811.9
5643,642,4349.1
5644,642,3922.9
5645,642,3986.9
5646,642,3740.6
5647,642,4186.1
5648,642,3826.8
5649,642,4173.6
5650,642,4071.4
5651,642,3985.4
5652,642,4134.8
5653,642,3565.1
5654,642,3938.3
5655,642,3907.8
5656,642,4053.1
5657,642,3929.3
5658,642,3158.3
5659,642,3828.5
5660,642,3623.0
5661,642,3543.9
5662,642,4187.1
5663,642,3779.7
5664,642,4149.1
5665,642,4055.7
5666,642,3803.8
5667,642,4148.4
5668,642,3758.4
5669,642,4164.0
5670,642,3842.0
5671,642,3849.1
5672,642,3237.5
5673,642,3774.7
5674,642,3956.3
5675,642,3148.0
5676,642,3898.4
5677,642,3938.7
5678,642,3982.8
5679,642,3162.1
5680,642,3854.7
5681,642,3972.2
5682,642,3179.7
5683,642,3837.7
5684,642,3973.8
5685,642,4011.2
5686,642,3955.0
5687,642,4027.9
5688,642,3961.3
5689,642,3150.6
5690,642,3861.7
5691,642,4001.6
5692,642,3998.4
5693,642,3942.2
5694,642,3187.8
5695,642,3786.4
5696,642,3190.9
5697,642,3812.5
5698,642,3246.0
5699,642,3901.9
5700,642,3877.6
5701,642,4009.9
5702,642,3945.9
5703,642,4028.3
5704,642,4021.3
5705,642,3966.0
5706,642,3957.9
5707,642,4290.7
5708,642,4159.4
5709,642,3948.2
5710,642,3964.7
5711,642,3603.5
5712,642,3966.9
5713,642,3149.2
5714,642,3834.5
5715,642,3169.4
5716,642,3853.8
5717,642,3968.8
5718,642,3241.8
5719,642,3903.7
5720,642,4263.3
5721,642,3720.8
5722,642,4224.4
5723,642,4045.9
5724,642,4018.0
5725,642,3850.5
5726,642,3901.6
5727,642,4143.6
5728,642,4018.3
5729,642,3993.0
5730,642,4053.9
5731,642,3707.1
5732,642,3948.2
5733,642,3846.4
5734,642,3733.2
5735,642,3428.6
5736,642,3959.3
5737,642,3999.7
5738,642,4001.3
5739,642,3952.9
5740,642,3904.2
5741,642,3962.7
5742,642,3180.8
5743,642,3929.3
5744,642,3946.9
5745,642,4016.3
5746,642,3969.9
5747,642,3988.7
5748,642,4032.6
5749,642,3943.5
5750,642,4276.0
5751,642,4120.6
5752,642,3953.4
5753,642,4071.7
5754,642,4074.4
5755,642,3849.9
5756,642,3792.3
5757,642,3904.5
5758,642,3922.0
5759,642,3934.7
5760,642,4286.4
5761,642,3731.2
5762,642,4004.1
5763,642,3999.4
5764,642,3992.0
5765,642,3995.2
5766,642,3896.9
5767,642,3245.7
5768,642,3882.6
5769,642,3951.4
5770,642,3985.0
5771,642,4069.6
5772,642,3878.2
5773,642,4273.8
5774,642,3720.5
5775,642,4234.1
5776,642,4084.3
5777,642,3731.4
5778,642,4235.5
5779,642,3791.0
5780,642,3922.9
5781,642,4204.1
5782,642,4105.6
5783,642,3707.1
5784,642,3878.6
5785,642,4039.5
5786,642,3891.7
5787,642,3187.2
5788,642,4218.0
5789,642,4021.9
5790,642,4733.1
5791,642,3877.9
5792,642,4277.5
5793,642,4108.2
5794,642,3909.1
5795,642,3977.6
5796,642,3862.6
5797,642,3930.0
5798,642,4016.1
5799,642,3920.7
5800,642,3940.9
5801,642,3940.6
5802,642,3231.7
5803,642,4144.7
5804,642,3752.9
5805,642,3927.9
5806,642,4020.9
5807,642,3958.8
5808,642,4203.8
5809,642,4073.3
5810,642,4061.9
5811,642,3993.2
5812,642,3792.1
5813,642,4131.1
5814,642,4106.5
5815,642,3912.4
5816,642,3767.9
5817,642,3892.4
5818,642,3986.4
5819,642,3925.3
5820,642,4269.4
5821,642,3762.8
5822,642,4004.7
5823,642,4013.1
5824,642,3910.5
5825,642,3162.7
5826,642,3804.1
5827,642,3249.7
5828,642,3773.7
5829,642,3219.5
5830,642,3763.1
5831,642,3211.5
5832,642,3790.8
5833,642,3941.5
5834,642,3150.6
5835,642,4029.0
5836,642,3890.3
5837,642,4028.3
5838,642,4002.1
5839,642,3979.2
5840,642,3923.7
5841,642,3261.9
5842,642,3732.7
5843,642,3129.8
5844,642,3958.1
5845,642,3957.8
5846,642,3925.9
5847,642,3131.8
5848,642,4272.5
5849,642,3978.8
5850,642,3989.7
5851,642,3996.7
5852,642,4041.1
5853,642,3950.3
5854,642,3661.7
5855,642,4219.3
5856,642,3756.3
5857,642,4255.0
5858,642,4104.9
5859,642,3805.1
5860,642,4169.6
5861,642,3680.4
5862,642,3960.4
5863,642,4326.6
5864,642,4092.5
5865,642,3591.5
5866,642,4060.1
5867,642,3909.9
5868,642,4408.9
5869,642,3955.4
5870,642,3677.9
5871,642,3836.8
5872,642,3966.5
5873,642,3953.2
5874,642,4343.7
5875,642,4072.9
5876,642,4134.4
5877,642,3698.1
5878,642,4165.7
5879,642,3992.0
5880,642,3877.7
5881,642,4026.1
5882,642,3980.0
5883,642,3844.3
5884,642,4172.4
5885,642,3795.8
5886,642,3923.6
5887,642,3908.9
5888,642,4057.6
5889,642,3929.5
5890,642,4019.3
5891,642,4038.3
5892,642,3993.3
5893,642,4389.5
5894,642,3706.2
5895,642,4161.9
5896,642,3700.2
5897,642,4282.5
5898,642,3944.1
5899,642,3856.6
5900,642,4207.0
5901,642,3664.8
5902,642,4098.4
5903,642,4159.1
5904,642,3697.3
5905,642,4001.2
5906,642,3955.5
5907,642,4220.6
5908,642,4248.1
5909,642,3895.0
5910,642,3964.1
5911,642,4048.8
5912,642,3962.0
5913,642,3778.6
5914,642,4169.9
5915,642,3673.8
5916,642,4230.3
5917,642,4086.9
5918,642,3898.6
5919,642,4150.8
5920,642,3707.0
5921,642,4177.0
5922,642,3696.6
5923,642,4478.7
5924,642,3602.6
5925,642,3960.8
5926,642,4207.7
5927,642,3758.9
5928,642,3934.8
5929,642,3950.2
5930,642,4000.2
5931,642,3961.1
5932,642,3130.8
5933,642,3916.1
5934,642,3957.0
5935,642,3997.1
5936,642,3990.9
5937,642,3995.1
5938,642,3998.5
5939,642,3990.9
5940,642,3961.1
5941,642,3158.9
5942,642,3891.3
5943,642,3923.0
5944,642,4033.4
5945,642,3990.4
5946,642,3992.7
5947,642,3947.7
5948,642,3205.2
5949,642,3878.1
5950,642,3870.6
5951,642,3199.3
5952,642,3953.4
5953,642,3876.7
5954,642,4043.4
5955,642,3922.0
5956,642,3251.7
5957,642,4282.0
5958,642,3906.1
5959,642,3984.0
5960,642,3797.6
5961,642,3849.9
5962,642,4229.0
5963,642,4068.6
5964,642,3719.3
5965,642,3896.3
5966,642,4260.8
5967,642,3827.8
5968,642,3864.0
5969,642,3929.3
5970,642,3168.7
5971,642,3844.8
5972,642,3137.8
5973,642,3934.1
5974,642,4027.7
5975,642,4011.4
5976,642,3968.6
5977,642,4048.6
5978,642,3884.4
5979,642,3987.7
5980,642,3960.0
5981,642,3139.6
5982,642,3931.9
5983,642,4087.7
5984,642,4283.0
5985,642,3693.0
5986,642,3821.2
5987,642,3237.2
5988,642,3781.3
5989,642,4060.6
5990,642,3988.2
5991,642,3988.0
5992,642,4015.8
5993,642,4305.6
5994,642,3998.5
5995,642,3684.5
5996,642,3982.1
5997,642,3942.5
5998,642,3941.6
5999,642,3242.1
6000,642,3869.4
6001,642,3950.1
6002,642,3963.8
6003,642,3950.1
6004,642,3158.5
6005,642,3813.0
6006,642,3275.0
6007,642,4130.4
6008,642,3755.5
6009,642,4240.9
6010,642,3992.2
6011,642,3861.6
6012,642,4086.1
6013,642,3743.7
6014,642,3933.9
6015,642,3945.3
6016,642,4186.6
6017,642,4172.8
6018,642,4017.1
6019,642,3703.7
6020,642,3869.3
6021,642,3235.1
6022,642,3754.2
6023,642,3209.7
6024,642,3797.9
6025,642,4006.6
6026,642,4131.9
6027,642,4218.0
6028,642,4009.2
6029,642,4053.6
6030,642,3934.1
6031,642,3760.0
6032,642,4198.9
6033,642,3999.5
6034,642,3868.6
6035,642,4116.4
6036,642,4059.8
6037,642,3592.5
6038,642,4013.9
6039,642,3962.4
6040,642,3908.6
6041,642,3166.8
6042,642,4217.9
6043,642,3987.4
6044,642,3996.0
6045,642,3785.4
6046,642,3949.1
6047,642,3974.0
6048,642,3947.9
6049,642,4004.5
6050,642,3915.5
6051,642,3145.6
6052,642,3954.5
6053,642,3966.1
6054,642,3885.8
6055,642,3171.6
6056,642,3844.8
6057,642,3220.9
6058,642,3812.3
6059,642,3938.4
6060,642,3133.5
6061,642,4926.3
6062,642,3996.8
6063,642,3907.6
6064,642,3135.2
6065,642,3979.4
6066,642,3935.3
6067,642,4014.2
6068,642,3934.4
6069,642,3171.9
6070,642,3914.1
6071,642,3890.8
6072,642,3146.6
6073,642,3869.5
6074,642,3958.5
6075,642,3168.3
6076,642,3850.5
6077,642,3971.3
6078,642,3148.5
6079,642,3862.3
6080,642,3970.4
6081,642,3986.4
6082,642,3234.6
6083,642,3745.1
6084,642,3192.5
6085,642,3856.8
6086,642,3948.3
6087,642,3989.1
6088,642,3984.7
6089,642,3961.1
6090,642,3185.0
6091,642,3858.7
6092,642,3993.8
6093,642,3989.5
6094,642,4025.4
6095,642,4135.7
6096,642,4055.8
6097,642,4077.0
6098,642,4048.6
6099,642,3997.8
6100,642,3753.9
6101,642,3960.8
6102,642,4355.7
6103,642,3666.4
6104,642,3966.2
6105,642,3878.4
6106,642,4073.9
6107,642,3957.4
6108,642,4272.7
6109,642,4102.2
6110,642,3727.4
6111,642,4163.0
6112,642,3998.3
6113,642,4013.0
6114,642,3792.9
6115,642,4009.1
6116,642,4156.9
6117,642,4074.1
6118,642,3676.2
6119,642,3999.2
6120,642,3907.6
6121,642,3941.5
6122,642,3950.0
6123,642,3256.1
6124,642,3858.4
6125,642,3971.5
6126,642,3999.5
6127,642,3925.0
6128,642,3948.9
6129,642,3240.4
6130,642,3817.1
6131,642,4006.7
6132,642,4021.9
6133,642,3897.5
6134,642,3153.2
6135,642,3845.6
6136,642,3127.7
6137,642,3890.3
6138,642,4047.2
6139,642,4004.1
6140,642,3994.9
6141,642,3940.8
6142,642,4026.4
6143,642,4083.2
6144,642,4191.6
6145,642,3792.1
6146,642,3842.6
6147,642,3100.6
6148,642,3888.8
6149,642,3151.4
6150,642,3859.2
6151,642,3984.6
6152,642,4023.6
6153,642,4010.2
6154,642,3934.2
6155,642,4067.8
6156,642,3983.9
6157,642,3884.5
6158,642,3600.5
6159,642,3667.5
6160,642,4124.5
6161,642,4144.0
6162,642,3839.1
6163,642,3737.6
6164,642,4225.4
6165,642,4166.0
6166,642,3599.2
6167,642,3957.2
6168,642,3953.4
6169,642,3938.1
6170,642,4074.7
6171,642,4239.7
6172,642,4041.4
6173,642,3855.7
6174,642,4113.1
6175,642,4046.1
6176,642,3981.3
6177,642,3835.5
6178,642,3907.0
6179,642,4174.9
6180,642,4134.0
6181,642,3691.3
6182,642,3920.9
6183,642,4077.7
6184,642,3931.9
6185,642,3981.8
6186,642,3910.3
6187,642,3916.5
6188,642,3172.4
6189,642,3872.4
6190,642,3947.2
6191,642,3175.4
6192,642,3848.3
6193,642,3962.8
6194,642,3152.7
6195,642,3835.4
6196,642,3195.8
6197,642,3809.3
6198,642,3984.9
6199,642,3999.8
6200,642,3151.7
6201,642,3867.1
6202,642,3940.8
6203,642,3179.3
6204,642,3879.8
6205,642,3965.0
6206,642,3995.6
6207,642,3993.2
6208,642,3945.8
6209,642,3202.8
6210,642,3877.9
6211,642,3886.8
6212,642,3545.1
6213,642,3839.3
6214,642,4031.2
6215,642,3661.8
6216,642,3977.3
6217,642,4016.1
6218,642,4182.6
6219,642,3846.4
6220,642,3997.9
6221,642,4303.5
6222,642,3662.2
6223,642,3989.2
6224,642,4036.7
6225,642,4242.8
6226,642,4102.1
6227,642,3809.5
6228,642,4066.1
6229,642,3980.1
6230,642,3973.0
6231,642,3741.1
6232,642,4271.1
6233,642,4083.0
6234,642,3548.6
6235,642,3987.6
6236,642,4050.0
6237,642,3881.1
6238,642,3236.4
6239,642,3878.0
6240,642,3980.9
6241,642,3933.0
6242,642,4031.9
6243,642,4362.7
6244,642,3700.9
6245,642,4309.6
6246,642,4031.4
6247,642,3640.1
6248,642,3971.9
6249,642,4299.2
6250,642,3697.6
6251,642,4216.4
6252,642,3787.6
6253,642,4186.6
6254,642,3660.9
6255,642,3934.2
6256,642,3133.6
6257,642,3961.3
6258,642,3956.9
6259,642,4029.8
6260,642,3989.6
6261,642,3969.1
6262,642,4025.9
6263,642,3973.5
6264,642,4015.6
6265,642,4224.4
6266,642,4090.4
6267,642,3734.2
6268,642,3950.7
6269,642,3921.0
6270,642,3961.2
6271,642,3137.0
6272,642,3959.6
6273,642,3940.9
6274,642,3942.5
6275,642,3189.9
6276,642,4309.2
6277,642,3580.1
6278,642,3957.1
6279,642,4033.9
6280,642,3899.6
6281,642,3198.6
6282,642,3815.9
6283,642,3942.2
6284,642,3236.5
6285,642,3792.9
6286,642,3938.5
6287,642,3130.9
6288,642,3921.8
6289,642,3942.0
6290,642,3159.8
6291,642,3822.1
6292,642,3141.3
6293,642,3837.6
6294,642,3162.4
6295,642,3827.9
6296,642,3141.7
6297,642,3840.0
6298,642,3161.4
6299,642,3906.5
6300,642,3981.2
6301,642,3979.8
6302,642,3132.8
6303,642,3809.6
6304,642,3123.6
6305,642,3847.3
6306,642,3165.9
6307,642,3938.6
6308,642,3918.3
6309,642,3434.2
6310,642,3698.3
6311,642,3943.4
6312,642,3966.6
6313,642,3993.8
6314,642,3997.6
6315,642,3920.6
6316,642,3165.1
6317,642,3871.6
6318,642,3963.9
6319,642,3969.8
6320,642,3351.4
6321,642,4041.9
6322,642,3995.9
6323,642,3983.9
6324,642,3648.2
6325,642,4278.3
6326,642,4070.1
6327,642,3848.8
6328,642,3844.0
6329,642,4216.4
6330,642,4047.2
6331,642,3717.7
6332,642,3997.0
6333,642,4221.6
6334,642,3879.7
6335,642,4138.0
6336,642,3996.5
6337,642,3980.0
6338,642,3717.4
6339,642,3919.3
6340,642,4019.6
6341,642,3893.6
6342,642,3126.4
6343,642,3888.1
6344,642,3119.9
6345,642,3934.7
6346,642,3894.5
6347,642,3240.0
6348,642,3977.1
6349,642,3927.0
6350,642,4263.7
6351,642,3678.4
6352,642,3878.6
6353,642,3248.5
6354,642,3804.3
6355,642,3975.9
6356,642,3160.7
6357,642,3914.7
6358,642,3886.2
6359,642,3169.2
6360,642,3928.4
6361,642,3980.6
6362,642,3997.5
6363,642,3890.6
6364,642,3188.9
6365,642,3855.8
6366,642,3125.4
6367,642,3940.3
6368,642,3972.0
6369,642,3887.4
6370,642,3180.7
6371,642,3882.0
6372,642,3906.9
6373,642,3151.2
6374,642,4255.7
6375,642,3771.1
6376,642,3879.0
6377,642,3932.1
6378,642,3168.1
6379,642,3963.3
6380,642,3902.3
6381,642,3962.4
6382,642,3135.5
6383,642,3919.4
6384,642,3958.0
6385,642,4300.8
6386,642,3835.9
6387,642,3938.6
6388,642,3982.8
6389,642,4221.6
6390,642,3722.6
6391,642,3916.8
6392,642,3159.3
6393,642,3934.0
6394,642,3969.0
6395,642,3994.6
6396,642,3984.5
6397,642,4163.3
6398,642,3981.8
6399,642,4141.5
6400,642,4066.1
6401,642,3887.5
6402,642,4033.4
6403,642,3972.1
6404,642,4042.2
6405,642,3775.7
6406,642,4180.1
6407,642,3730.4
6408,642,4018.0
6409,642,3904.3
6410,642,3912.8
6411,642,3147.8
6412,642,3881.9
6413,642,3978.6
6414,642,3936.6
6415,642,3257.5
6416,642,3830.9
6417,642,3957.5
6418,642,3128.8
6419,642,3875.2
6420,642,3921.0
6421,642,3206.0
6422,642,3810.5
6423,642,3151.5
6424,642,3841.1
6425,642,3211.9
6426,642,3869.1
6427,642,3954.5
6428,642,3915.3
6429,642,3380.7
6430,642,3852.8
6431,642,3823.5
6432,642,3953.4
6433,642,3503.8
6434,642,3899.5
6435,642,3978.6
6436,642,3938.0
6437,642,3979.7
6438,642,3765.9
6439,642,4024.0
6440,642,3995.1
6441,642,4102.3
6442,642,4144.2
6443,642,3998.3
6444,642,3999.7
6445,642,3809.7
6446,642,3849.9
6447,642,3929.8
6448,642,3957.4
6449,642,3190.0
6450,642,3833.7
6451,642,3970.2
6452,642,3152.9
6453,642,3874.5
6454,642,3953.6
6455,642,3150.8
6456,642,3841.9
6457,642,3120.5
6458,642,3889.3
6459,642,3966.8
6460,642,3147.3
6461,642,3851.9
6462,642,3416.2
6463,642,3633.1
6464,642,3932.3
6465,642,3972.2
6466,642,3295.6
6467,642,3753.0
6468,642,3943.3
6469,642,3982.8
6470,642,3133.4
6471,642,4003.1
6472,642,3879.4
6473,642,4092.3
6474,642,3974.3
6475,642,4354.3
6476,642,3675.5
6477,642,3938.3
6478,642,3939.2
6479,642,4021.1
6480,642,3900.5
6481,642,3251.0
6482,642,4006.7
6483,642,3792.5
6484,642,4012.7
6485,642,4200.4
6486,642,3887.5
6487,642,4192.4
6488,642,4002.5
6489,642,3808.1
6490,642,4114.5
6491,642,3772.2
6492,642,3986.8
6493,642,4213.2
6494,642,3800.7
6495,642,3964.2
6496,642,3937.3
6497,642,4020.5
6498,642,3907.6
6499,642,3194.1
6500,642,3909.3
6501,642,3969.4
6502,642,3957.0
6503,642,3930.2
6504,642,3259.2
6505,642,4083.3
6506,642,3731.5
6507,642,3993.6
6508,642,4002.7
6509,642,3997.2
6510,642,3997.9
6511,642,3912.1
6512,642,3100.6
6513,642,3933.6
6514,642,3958.3
6515,642,3111.8
6516,642,3880.8
6517,642,3140.1
6518,642,3851.0
6519,642,3218.4
6520,642,3944.1
6521,642,4240.0
6522,642,3695.0
6523,642,3972.7
6524,642,4197.5
6525,642,4123.3
6526,642,3958.2
6527,642,3738.9
6528,642,4229.1
6529,642,3990.7
6530,642,3995.4
6531,642,3730.5
6532,642,4191.1
6533,642,4041.7
6534,642,3762.4
6535,642,4198.0
6536,642,4072.4
6537,642,3959.1
6538,642,3824.5
6539,642,3808.6
6540,642,3974.8
6541,642,4038.8
6542,642,3901.5
6543,642,3202.2
6544,642,3888.5
6545,642,3926.3
6546,642,3977.0
6547,642,4406.1
6548,642,3640.3
6549,642,3907.9
6550,642,3201.8
6551,642,3913.1
6552,642,3996.1
6553,642,3976.5
6554,642,3896.6
6555,642,3986.6
6556,642,3233.4
6557,642,3880.6
6558,642,3870.8
6559,642,3113.9
6560,642,3941.0
6561,642,3913.6
6562,642,3213.1
6563,642,3852.6
6564,642,4010.3
6565,642,3996.1
6566,642,3994.9
6567,642,3976.2
6568,642,3978.4
6569,642,4029.4
6570,642,3895.7
6571,642,3253.5
6572,642,3814.1
6573,642,3920.8
6574,642,3178.5
6575,642,3868.4
6576,642,3956.9
6577,642,3151.6
6578,642,3869.3
6579,642,4023.2
6580,642,3981.5
6581,642,4128.6
6582,642,3807.1
6583,642,3194.8
6584,642,3900.8
6585,642,3979.2
6586,642,3998.9
6587,642,3958.7
6588,642,4249.8
6589,642,4140.9
6590,642,3765.8
6591,642,4179.9
6592,642,3975.6
6593,642,4000.8
6594,642,4138.7
6595,642,3934.8
6596,642,3646.4
6597,642,3888.4
6598,642,4019.8
6599,642,3923.8
6600,642,3981.5
6601,642,3167.8
6602,642,3929.9
6603,642,3988.7
6604,642,3881.6
6605,642,3163.0
6606,642,3842.4
6607,642,3166.9
6608,642,3828.1
6609,642,3176.8
6610,642,3798.1
6611,642,3249.4
6612,642,3796.3
6613,642,3942.0
6614,642,3134.6
6615,642,3962.1
6616,642,3984.6
6617,642,3978.8
6618,642,3975.9
6619,642,3913.6
6620,642,3218.6
6621,642,3883.9
6622,642,3949.3
6623,642,3959.3
6624,642,3253.1
6625,642,3790.3
6626,642,4010.1
6627,642,3967.5
6628,642,3955.1
6629,642,4288.6
6630,642,4092.5
6631,642,3825.6
6632,642,3926.8
6633,642,3919.0
6634,642,4243.1
6635,642,4258.8
6636,642,3889.0
6637,642,3720.6
6638,642,3879.1
6639,642,3873.5
6640,642,4294.1
6641,642,3765.4
6642,642,4221.3
6643,642,4031.6
6644,642,3838.8
6645,642,3879.4
6646,642,4337.7
6647,642,3952.0
6648,642,3734.4
6649,642,4195.5
6650,642,3777.1
6651,642,3860.1
6652,642,4075.0
6653,642,4263.4
6654,642,3930.6
6655,642,3978.8
6656,642,4295.1
6657,642,3602.7
6658,642,3969.4
6659,642,3839.0
6660,642,3976.8
6661,642,3966.0
6662,642,3143.9
6663,642,3947.2
6664,642,3881.6
6665,642,3193.5
6666,642,3913.7
6667,642,3893.9
6668,642,3164.7
6669,642,3814.7
6670,642,3238.8
6671,642,3772.3
6672,642,3215.2
6673,642,3773.4
6674,642,4057.7
6675,642,3903.4
6676,642,3202.8
6677,642,3882.9
6678,642,3876.3
6679,642,3240.2
6680,642,3870.7
6681,642,3928.0
6682,642,3188.2
6683,642,3834.8
6684,642,3947.7
6685,642,3215.4
6686,642,3819.3
6687,642,3998.6
6688,642,3941.2
6689,642,3162.4
6690,642,3879.3
6691,642,4056.0
6692,642,3893.1
6693,642,3226.0
6694,642,3810.7
6695,642,4018.0
6696,642,3998.8
6697,642,3896.9
6698,642,3250.7
6699,642,3766.9
6700,642,3226.4
6701,642,4022.1
6702,642,3783.3
6703,642,3989.3
6704,642,4009.9
6705,642,4011.6
6706,642,4215.7
6707,642,3809.6
6708,642,3991.1
6709,642,3860.3
6710,642,3184.6
6711,642,3840.4
6712,642,3953.0
6713,642,3152.3
6714,642,3869.9
6715,642,3949.0
6716,642,3165.6
6717,642,3850.5
6718,642,3973.9
6719,642,3131.5
6720,642,3904.6
6721,642,3914.1
6722,642,3156.1
6723,642,3882.7
6724,642,3179.2
6725,642,3893.9
6726,642,3891.8
6727,642,3149.6
6728,642,3876.1
6729,642,3973.7
6730,642,3977.5
6731,642,3153.4
6732,642,3807.9
6733,642,3209.1
6734,642,3877.8
6735,642,4000.9
6736,642,3932.7
6737,642,3915.7
6738,642,3146.5
6739,642,3913.5
6740,642,3178.3
6741,642,3873.1
6742,642,3912.8
6743,642,3200.2
6744,642,3811.0
6745,642,4034.3
6746,642,3992.7
6747,642,4007.7
6748,642,3926.5
6749,642,3146.8
6750,642,3868.9
6751,642,3960.0
6752,642,3116.0
6753,642,3970.0
6754,642,3929.4
6755,642,4063.2
6756,642,4251.3
6757,642,3885.4
6758,642,3818.2
6759,642,4206.0
6760,642,4260.6
6761,642,3947.1
6762,642,3649.1
6763,642,4173.9
6764,642,3771.5
6765,642,4282.2
6766,642,3997.5
6767,642,4010.7
6768,642,3960.9
6769,642,4057.6
6770,642,3946.3
6771,642,3701.6
6772,642,4229.7
6773,642,3755.8
6774,642,3973.7
6775,642,4290.5
6776,642,3845.3
6777,642,4098.7
6778,642,4013.1
6779,642,4225.4
6780,642,3545.8
6781,642,3914.9
6782,642,3935.5
6783,642,3943.4
6784,642,3150.2
6785,642,4222.8
6786,642,3782.1
6787,642,3851.6
6788,642,4062.8
6789,642,4266.6
6790,642,3774.8
6791,642,3884.4
6792,642,4252.4
6793,642,4077.3
6794,642,3724.5
6795,642,4081.2
6796,642,4151.3
6797,642,3772.0
6798,642,4272.0
6799,642,3745.3
6800,642,3928.5
6801,642,3879.5
6802,642,3943.1
6803,642,3229.5
6804,642,3805.2
6805,642,3214.8
6806,642,3815.1
6807,642,4011.6
6808,642,4277.7
6809,642,4043.9
6810,642,3802.5
6811,642,4247.7
6812,642,3588.9
6813,642,3887.7
6814,642,3504.5
6815,642,3753.4
6816,642,4178.8
6817,642,3970.9
6818,642,3781.2
6819,642,4177.3
6820,642,4098.2
6821,642,3991.2
6822,642,3614.3
6823,642,3900.5
6824,642,3157.7
6825,642,3916.9
6826,642,3988.3
6827,642,4212.1
6828,642,4088.1
6829,642,3645.5
6830,642,4033.4
6831,642,4021.0
6832,642,4467.0
6833,642,3493.4
6834,642,4026.3
6835,642,4215.2
6836,642,3754.3
6837,642,4188.5
6838,642,4473.5
6839,642,3400.6
6840,642,4174.6
6841,642,4012.0
6842,642,3709.4
6843,642,4165.4
6844,642,4071.2
6845,642,3772.2
6846,642,4131.2
6847,642,3800.1
6848,642,4011.5
6849,642,4059.7
6850,642,3850.0
6851,642,3964.0
6852,642,3974.8
6853,642,3975.9
6854,642,3226.4
6855,642,3806.1
6856,642,3993.2
6857,642,3961.2
6858,642,3102.3
6859,642,3880.3
6860,642,3505.3
6861,642,3828.7
6862,642,4068.8
6863,642,3738.1
6864,642,3974.0
6865,642,3876.7
6866,642,4008.6
6867,642,3999.0
6868,642,3930.5
6869,642,3168.2
6870,642,3874.9
6871,642,4030.4
6872,642,3994.7
6873,642,3914.8
6874,642,3146.6
6875,642,3951.0
6876,642,3891.0
6877,642,3230.8
6878,642,3881.4
6879,642,3960.5
6880,642,3909.8
6881,642,3377.9
6882,642,3756.9
6883,642,4007.2
6884,642,3826.9
6885,642,3189.4
6886,642,3918.8
6887,642,3944.0
6888,642,4054.4
6889,642,3943.4
6890,642,3948.6
6891,642,4080.9
6892,642,3871.2
6893,642,3210.6
6894,642,3932.4
6895,642,4248.1
6896,642,4088.4
6897,642,3677.5
6898,642,4311.8
6899,642,3808.6
6900,642,3812.2
6901,642,3952.6
6902,642,4237.4
6903,642,4118.8
6904,642,4108.0
6905,642,3504.8
6906,642,3900.5
6907,642,3236.8
6908,642,3783.2
6909,642,4074.0
6910,642,3944.5
6911,642,3941.4
6912,642,3138.8
6913,642,3953.6
6914,642,3937.1
6915,642,3997.4
6916,642,3899.6
6917,642,3194.4
6918,642,3926.8
6919,642,4027.5
6920,642,4332.8
6921,642,3676.5
6922,642,4266.7
6923,642,3617.1
6924,642,3989.8
6925,642,4014.3
6926,642,3970.5
6927,642,3944.3
6928,642,3137.7
6929,642,3873.2
6930,642,3984.0
6931,642,3992.4
6932,642,3166.8
6933,642,3853.2
6934,642,3916.1
6935,642,3212.9
6936,642,3877.5
6937,642,3932.1
6938,642,3151.3
6939,642,3847.4
6940,642,3224.7
6941,642,3867.8
6942,642,4251.8
6943,642,4057.3
6944,642,3947.0
6945,642,3751.4
6946,642,4228.5
6947,642,4019.1
6948,642,3795.1
6949,642,3815.9
6950,642,3954.5
6951,642,3112.5
6952,642,3928.0
6953,642,3968.2
6954,642,4053.7
6955,642,3963.0
6956,642,3994.7
6957,642,3930.0
6958,642,3269.1
6959,642,3767.7
6960,642,3957.3
6961,642,3286.1
6962,642,4106.4
6963,642,4020.9
6964,642,4056.2
6965,642,3939.4
6966,642,3767.7
6967,642,4158.6
6968,642,3904.1
6969,642,3758.9
6970,642,3902.7
6971,642,3217.3
6972,642,3882.7
6973,642,3955.4
6974,642,3953.5
6975,642,3128.6
6976,642,3832.5
6977,642,3158.6
6978,642,3878.9
6979,642,3969.2
6980,642,3986.4
6981,642,3188.8
6982,642,3838.4
6983,642,3938.3
6984,642,3150.6
6985,642,3847.3
6986,642,3149.3
6987,642,3883.4
6988,642,3951.9
6989,642,3147.8
6990,642,3873.0
6991,642,3933.3
6992,642,3170.4
6993,642,3863.9
6994,642,3969.6
6995,642,3171.7
6996,642,4035.6
6997,642,3783.2
6998,642,3152.9
6999,642,3933.9
7000,642,3929.4
7001,642,3953.4
7002,642,3131.3
7003,642,3823.6
7004,642,3233.6
7005,642,3842.9
7006,642,3931.9
7007,642,3166.0
7008,642,3852.6
7009,642,3146.9
7010,642,3934.6
7011,642,3889.3
7012,642,3232.4
7013,642,3876.5
7014,642,3918.0
7015,642,3933.3
7016,642,3209.1
7017,642,3817.8
7018,642,3203.7
7019,642,3826.1
7020,642,3931.5
7021,642,3173.7
7022,642,3923.2
7023,642,3986.7
7024,642,3954.8
7025,642,4009.7
7026,642,3933.3
7027,642,3231.2
7028,642,3797.6
7029,642,3940.2
7030,642,3136.7
7031,642,4370.1
7032,642,3588.4
7033,642,3994.7
7034,642,3991.3
7035,642,4180.8
7036,642,3828.3
7037,642,3879.1
7038,642,4033.8
7039,642,4404.2
7040,642,3724.6
7041,642,4191.7
7042,642,4008.8
7043,642,3989.2
7044,642,3928.8
7045,642,4060.2
7046,642,4086.9
7047,642,3925.9
7048,642,3753.1
7049,642,4047.7
7050,642,4113.0
7051,642,3861.6
7052,642,4132.0
7053,642,4004.7
7054,642,3917.0
7055,642,4057.6
7056,642,3963.5
7057,642,4035.0
7058,642,3797.2
7059,642,4001.4
7060,642,4142.7
7061,642,4028.2
7062,642,3642.4
7063,642,3873.2
7064,642,3250.9
7065,642,3803.9
7066,642,3226.3
7067,642,3768.9
7068,642,3111.8
7069,642,3986.8
7070,642,4229.7
7071,642,4082.6
7072,642,3691.8
7073,642,4219.7
7074,642,4067.7
7075,642,3965.5
7076,642,3815.5
7077,642,4099.4
7078,642,4035.1
7079,642,3999.7
7080,642,3648.7
7081,642,3911.8
7082,642,3159.2
7083,642,3939.6
7084,642,3898.2
7085,642,4068.4
7086,642,3985.1
7087,642,3999.0
7088,642,4038.3
7089,642,3987.9
7090,642,4018.7
7091,642,4149.8
7092,642,3847.0
7093,642,3972.2
7094,642,4240.0
7095,642,4106.1
7096,642,3594.1
7097,642,3997.4
7098,642,4272.7
7099,642,3876.3
7100,642,4187.4
7101,642,3973.3
7102,642,3973.0
7103,642,4131.0
7104,642,3691.8
7105,642,4042.7
7106,642,4156.0
7107,642,3936.3
7108,642,4116.7
7109,642,3660.1
7110,642,4151.0
7111,642,3722.5
7112,642,4262.4
7113,642,4096.8
7114,642,3703.1
7115,642,4234.6
7116,642,4032.9
7117,642,3937.5
7118,642,3841.3
7119,642,4141.8
7120,642,4047.5
7121,642,3787.2
7122,642,4102.5
7123,642,3981.8
7124,642,4050.9
7125,642,3737.0
7126,642,3893.6
7127,642,3950.2
7128,642,4050.6
7129,642,3907.0
7130,642,3514.5
7131,642,3651.0
7132,642,3969.9
7133,642,3937.9
7134,642,4310.0
7135,642,3670.5
7136,642,3948.0
7137,642,4033.1
7138,642,4083.2
7139,642,3820.0
7140,642,3264.7
7141,642,3777.8
7142,642,4011.1
7143,642,4044.5
7144,642,3968.6
7145,642,3923.1
7146,642,3910.6
7147,642,3127.6
7148,642,3968.8
7149,642,4087.9
7150,642,3948.2
7151,642,4041.9
7152,642,3941.6
7153,642,4253.2
7154,642,4055.9
7155,642,3834.7
7156,642,3872.4
7157,642,3948.2
7158,642,4272.0
7159,642,4028.1
7160,642,4021.7
7161,642,3975.9
7162,642,3806.8
7163,642,4122.1
7164,642,4137.2
7165,642,3891.8
7166,642,3644.7
7167,642,3998.9
7168,642,3988.2
7169,642,3907.4
7170,642,3243.7
7171,642,3778.7
7172,642,4031.0
7173,642,4264.8
7174,642,4082.8
7175,642,3744.6
7176,642,4153.4
7177,642,4050.8
7178,642,3845.0
7179,642,4026.8
7180,642,3966.8
7181,642,4205.3
7182,642,3673.4
7183,642,3987.7
7184,642,3952.7
7185,642,4043.0
7186,642,4192.9
7187,642,3719.5
7188,642,3944.2
7189,642,3943.7
7190,642,3172.7
7191,642,3814.1
7192,642,3186.9
7193,642,3850.5
7194,642,3917.4
7195,642,3188.8
7196,642,3863.5
7197,642,3135.3
7198,642,3834.7
7199,642,3156.3
7200,642,3820.3
7201,642,3246.0
7202,642,3806.5
7203,642,3946.3
7204,642,3188.5
7205,642,3840.6
7206,642,4118.7
7207,642,4196.9
7208,642,5121.3
7209,642,3674.5
7210,642,4223.0
7211,642,4056.7
7212,642,3632.5
7213,642,4239.8
7214,642,4050.1
7215,642,3882.1
7216,642,3863.9
7217,642,4195.0
7218,642,4101.9
7219,642,3681.6
7220,642,4006.6
7221,642,3985.9
7222,642,4185.6
7223,642,3823.7
7224,642,4154.0
7225,642,4120.2
7226,642,3904.3
7227,642,3687.4
7228,642,3882.7
7229,642,4013.0
7230,642,3987.0
7231,642,3966.1
7232,642,3130.3
7233,642,3851.9
7234,642,3132.1
7235,642,3845.4
7236,642,3182.9
7237,642,3880.8
7238,642,3930.5
7239,642,3190.6
7240,642,3819.2
7241,642,3923.3
7242,642,3224.4
7243,642,3871.6
7244,642,3901.5
7245,642,3228.5
7246,642,3862.5
7247,642,3896.6
7248,642,3210.8
7249,642,3925.6
7250,642,3906.9
7251,642,3919.2
7252,642,3188.7
7253,642,3954.9
7254,642,4135.3
7255,642,4003.1
7256,642,3761.4
7257,642,4086.4
7258,642,3940.3
7259,642,3954.0
7260,642,4021.2
7261,642,4009.0
7262,642,3991.0
7263,642,3952.5
7264,642,4029.6
7265,642,3929.9
7266,642,3951.8
7267,642,3201.1
7268,642,3808.7
7269,642,3157.1
7270,642,3938.4
7271,642,3964.6
7272,642,4002.6
7273,642,4250.4
7274,642,3877.5
7275,642,4377.1
7276,642,3642.7
7277,642,3867.7
7278,642,4223.8
7279,642,3840.6
7280,642,4125.0
7281,642,3855.9
7282,642,4164.8
7283,642,4012.6
7284,642,3711.8
7285,642,4203.8
7286,642,3810.5
7287,642,3854.0
7288,642,3979.8
7289,642,4300.3
7290,642,3965.5
7291,642,4071.0
7292,642,3711.7
7293,642,3958.3
7294,642,4291.2
7295,642,4257.3
7296,642,3811.0
7297,642,3793.6
7298,642,4149.3
7299,642,4034.5
7300,642,3722.4
7301,642,4048.2
7302,642,4147.6
7303,642,3989.1
7304,642,3885.8
7305,642,4157.6
7306,642,4015.6
7307,642,3768.0
7308,642,4037.2
7309,642,3985.1
7310,642,3887.7
7311,642,3962.8
7312,642,3835.8
7313,642,3294.6
7314,642,3771.9
7315,642,4001.4
7316,642,3979.6
7317,642,3996.6
7318,642,3899.4
7319,642,3212.7
7320,642,3813.2
7321,642,3152.5
7322,642,3938.2
7323,642,3977.3
7324,642,3908.0
7325,642,3187.9
7326,642,3847.6
7327,642,3936.4
7328,642,3243.4
7329,642,3808.8
7330,642,4017.9
7331,642,4324.3
7332,642,4007.5
7333,642,3961.2
7334,642,4210.1
7335,642,3564.4
7336,642,3805.3
7337,642,3132.9
7338,642,3969.6
7339,642,4288.6
7340,642,3699.2
7341,642,4237.9
7342,642,4076.0
7343,642,3993.4
7344,642,3839.2
7345,642,3890.8
7346,642,4232.0
7347,642,4044.5
7348,642,3912.5
7349,642,4088.8
7350,642,3789.0
7351,642,6156.6
7352,642,3596.9
7353,642,3951.1
7354,642,4301.5
7355,642,5511.0
7356,642,3589.5
7357,642,3679.4
7358,642,3988.2
7359,642,3910.7
7360,642,3976.7
7361,642,3930.1
7362,642,3262.0
7363,642,3851.3
7364,642,3978.7
7365,642,3989.3
7366,642,3963.8
7367,642,3907.0
7368,642,3276.3
7369,642,3907.0
7370,642,3962.2
7371,642,3869.1
7372,642,4443.8
7373,642,3953.3
7374,642,3868.2
7375,642,4085.4
7376,642,3793.6
7377,642,4174.6
7378,642,4034.3
7379,642,3698.4
7380,642,3965.7
7381,642,4022.9
7382,642,3891.8
7383,642,3937.3
7384,642,3120.6
7385,642,3897.2
7386,642,3208.0
7387,642,3880.8
7388,642,3915.3
7389,642,4296.8
7390,642,4109.9
7391,642,3937.7
7392,642,3860.4
7393,642,4118.2
7394,642,3804.5
7395,642,4279.5
7396,642,3658.3
7397,642,4105.8
7398,642,4008.7
7399,642,3888.1
7400,642,3987.4
7401,642,4194.3
7402,642,3734.1
7403,642,4244.7
7404,642,4064.3
7405,642,3975.4
7406,642,3649.1
7407,642,4286.6
7408,642,4022.1
7409,642,3999.4
7410,642,3981.7
7411,642,3750.1
7412,642,4198.0
7413,642,3858.6
7414,642,3865.9
7415,642,3978.3
7416,642,3992.3
7417,642,3891.8
7418,642,3233.9
7419,642,3877.2
7420,642,3887.4
7421,642,3979.5
7422,642,3133.2
7423,642,3965.8
7424,642,3979.3
7425,642,3951.4
7426,642,3977.4
7427,642,3901.5
7428,642,3152.1
7429,642,3864.3
7430,642,3218.3
7431,642,3912.1
7432,642,3971.9
7433,642,3926.5
7434,642,3139.3
7435,642,3885.8
7436,642,3992.0
7437,642,3980.9
7438,642,4271.4
7439,642,3814.2
7440,642,4260.0
7441,642,3689.2
7442,642,3873.1
7443,642,3241.1
7444,642,3901.7
7445,642,4233.0
7446,642,3790.9
7447,642,3863.3
7448,642,4010.7
7449,642,3929.9
7450,642,3271.9
7451,642,3752.4
7452,642,3136.6
7453,642,3859.4
7454,642,4173.8
7455,642,3842.1
7456,642,4024.3
7457,642,3964.0
7458,642,4098.1
7459,642,3985.1
7460,642,3916.7
7461,642,4234.3
7462,642,3688.2
7463,642,4040.9
7464,642,3976.1
7465,642,3953.2
7466,642,4018.4
7467,642,3919.8
7468,642,3218.2
7469,642,3890.3
7470,642,4128.4
7471,642,3974.9
7472,642,4005.7
7473,642,4112.7
7474,642,3777.7
7475,642,4219.2
7476,642,3725.6
7477,642,4284.4
7478,642,3683.2
7479,642,4318.7
7480,642,3956.1
7481,642,3865.1
7482,642,3834.0
7483,642,3975.9
7484,642,3949.4
7485,642,3932.6
7486,642,3125.5
7487,642,3889.1
7488,642,4027.4
7489,642,3926.5
7490,642,3219.2
7491,642,3854.4
7492,642,3889.4
7493,642,3209.5
7494,642,3840.2
7495,642,4133.9
7496,642,3847.9
7497,642,3990.0
7498,642,3960.3
7499,642,3147.2
7500,642,3854.9
7501,642,3143.5
7502,642,3876.5
7503,642,3962.1
7504,642,3139.3
7505,642,3878.6
7506,642,3977.9
7507,642,3944.0
7508,642,3202.0
7509,642,3841.3
7510,642,4157.7
7511,642,3795.7
7512,642,3148.2
7513,642,3816.8
7514,642,3116.7
7515,642,3934.2
7516,642,4023.0
7517,642,3995.8
7518,642,3927.2
7519,642,3155.1
7520,642,3833.8
7521,642,3093.9
7522,642,3889.4
7523,642,3219.9
7524,642,3953.5
7525,642,4313.8
7526,642,3648.6
7527,642,4243.5
7528,642,3818.3
7529,642,3968.7
7530,642,4157.4
7531,642,3982.7
7532,642,4091.1
7533,642,3930.8
7534,642,3972.0
7535,642,3743.8
7536,642,4566.5
7537,642,3728.5
7538,642,3780.4
7539,642,3795.8
7540,642,4254.2
7541,642,4081.8
7542,642,4231.8
7543,642,3679.0
7544,642,4062.9
7545,642,3727.3
7546,642,4211.2
7547,642,4060.2
7548,642,3986.4
7549,642,3709.4
7550,642,3849.2
7551,642,3133.4
7552,642,3892.4
7553,642,4029.2
7554,642,3921.7
7555,642,3159.4
7556,642,3863.8
7557,642,4035.4
7558,642,3996.6
7559,642,3962.3
7560,642,3996.6
7561,642,3940.1
7562,642,3239.1
7563,642,3924.2
7564,642,3855.9
7565,642,4046.3
7566,642,3915.8
7567,642,3166.7
7568,642,3900.8
7569,642,3997.6
7570,642,3919.0
7571,642,3158.6
7572,642,3814.9
7573,642,3175.4
7574,642,3850.2
7575,642,4047.7
7576,642,3912.4
7577,642,3159.0
7578,642,3871.8
7579,642,3921.7
7580,642,3141.0
7581,642,3844.3
7582,642,3146.9
7583,642,3932.8
7584,642,4024.5
7585,642,3970.5
7586,642,4036.3
7587,642,3870.7
7588,642,3252.3
7589,642,3882.8
7590,642,3875.4
7591,642,3163.3
7592,642,3916.4
7593,642,3871.0
7594,642,3171.3
7595,642,3854.0
7596,642,3195.2
7597,642,3865.5
7598,642,3951.2
7599,642,3951.3
7600,642,3260.5
7601,642,3853.3
7602,642,3956.1
7603,642,3996.0
7604,642,3932.5
7605,642,4357.3
7606,642,4005.5
7607,642,4002.8
7608,642,4010.9
7609,642,4058.8
7610,642,3688.0
7611,642,3897.4
7612,642,4048.7
7613,642,3874.8
7614,642,4423.0
7615,642,3933.8
7616,642,3724.9
7617,642,4034.5
7618,642,4285.6
7619,642,3928.5
7620,642,4003.0
7621,642,3639.2
7622,642,3908.0
7623,642,3256.7
7624,642,3861.5
7625,642,4069.3
7626,642,3940.4
7627,642,4214.6
7628,642,4046.1
7629,642,3738.7
7630,642,4085.0
7631,642,4232.4
7632,642,3637.8
7633,642,3898.2
7634,642,4252.6
7635,642,4072.3
7636,642,3682.1
7637,642,3909.3
7638,642,3143.4
7639,642,3816.3
7640,642,3251.9
7641,642,3828.5
7642,642,3922.8
7643,642,3147.5
7644,642,3821.2
7645,642,3162.0
7646,642,3909.8
7647,642,3936.4
7648,642,3198.6
7649,642,3832.6
7650,642,4032.4
7651,642,3994.5
7652,642,4271.8
7653,642,3773.3
7654,642,3857.3
7655,642,3223.3
7656,642,3783.0
7657,642,4038.8
7658,642,3925.3
7659,642,3189.9
7660,642,3892.7
7661,642,3943.0
7662,642,3979.2
7663,642,3928.8
7664,642,3229.4
7665,642,3875.6
7666,642,3969.5
7667,642,3914.7
7668,642,3263.5
7669,642,3826.1
7670,642,3924.0
7671,642,3175.3
7672,642,3920.7
7673,642,4214.1
7674,642,3873.9
7675,642,3911.2
7676,642,3938.7
7677,642,3983.8
7678,642,4032.7
7679,642,3972.6
7680,642,4018.9
7681,642,3931.1
7682,642,3917.6
7683,642,3502.5
7684,642,3947.9
7685,642,3792.5
7686,642,3788.1
7687,642,3997.6
7688,642,4139.0
7689,642,3879.6
7690,642,3954.6
7691,642,3900.2
7692,642,3179.6
7693,642,3871.5
7694,642,3973.9
7695,642,3946.5
7696,642,3288.7
7697,642,3718.4
7698,642,3160.2
7699,642,3863.5
7700,642,3948.7
7701,642,3186.4
7702,642,3825.7
7703,642,3153.2
7704,642,3877.2
7705,642,3939.9
7706,642,3229.5
7707,642,3787.1
7708,642,3945.1
7709,642,3136.8
7710,642,3872.7
7711,642,3468.2
7712,642,3603.5
7713,642,3917.9
7714,642,3959.3
7715,642,3222.4
7716,642,3861.7
7717,642,3949.4
7718,642,3921.5
7719,642,3200.9
7720,642,3856.6
7721,642,3964.8
7722,642,3957.4
7723,642,3233.8
7724,642,3757.2
7725,642,3218.5
7726,642,3820.4
7727,642,3929.8
7728,642,3185.7
7729,642,3880.0
7730,642,4034.4
7731,642,3927.9
7732,642,3885.0
7733,642,3181.6
7734,642,3861.9
7735,642,3989.9
7736,642,3993.1
7737,642,3938.4
7738,642,3204.9
7739,642,3814.8
7740,642,3174.1
7741,642,3825.2
7742,642,4000.8
7743,642,3928.2
7744,642,3176.4
7745,642,3907.0
7746,642,3964.1
7747,642,4000.6
7748,642,3977.3
7749,642,3958.6
7750,642,3196.6
7751,642,3876.5
7752,642,3899.2
7753,642,3194.4
7754,642,3821.1
7755,642,3940.6
7756,642,3309.0
7757,642,3804.7
7758,642,3960.6
7759,642,3984.6
7760,642,3941.3
7761,642,3975.1
7762,642,3314.0
7763,642,3729.9
7764,642,3968.0
7765,642,3941.2
7766,642,3993.2
7767,642,3992.3
7768,642,3939.6
7769,642,3159.7
7770,642,3880.1
7771,642,3988.1
7772,642,3933.2
7773,642,3207.4
7774,642,3818.7
7775,642,4027.7
7776,642,4024.2
7777,642,3896.2
7778,642,3221.6
7779,642,3887.8
7780,642,3856.6
7781,642,3119.4
7782,642,3838.1
7783,642,3219.3
7784,642,3802.1
7785,642,3229.4
7786,642,4032.4
7787,642,4014.9
7788,642,3977.8
7789,642,3897.9
7790,642,4201.7
7791,642,3792.6
7792,642,4270.2
7793,642,3691.9
7794,642,3875.0
7795,642,4045.4
7796,642,3908.7
7797,642,3226.4
7798,642,3829.7
7799,642,3927.7
7800,642,3176.6
7801,642,3930.6
7802,642,3959.3
7803,642,3968.0
7804,642,3991.4
7805,642,4128.5
7806,642,4194.8
7807,642,3770.3
7808,642,4192.2
7809,642,3754.1
7810,642,4239.2
7811,642,3657.1
7812,642,3937.2
7813,642,3146.6
7814,642,3987.1
7815,642,3978.7
7816,642,4319.0
7817,642,3969.0
7818,642,4093.5
7819,642,3925.1
7820,642,3971.9
7821,642,3805.6
7822,642,3994.6
7823,642,3952.2
7824,642,4097.6
7825,642,4158.0
7826,642,4019.2
7827,642,3908.9
7828,642,3804.6
7829,642,4229.4
7830,642,3596.5
7831,642,4032.6
7832,642,4234.9
7833,642,4077.9
7834,642,3981.1
7835,642,3731.5
7836,642,4243.8
7837,642,3985.3
7838,642,3993.1
7839,642,4005.8
7840,642,3821.9
7841,642,3882.9
7842,642,3903.6
7843,642,3962.0
7844,642,3948.1
7845,642,3549.7
7846,642,3856.6
7847,642,3754.1
7848,642,4178.8
7849,642,3899.2
7850,642,4120.9
7851,642,3988.0
7852,642,4070.1
7853,642,3544.6
7854,642,4114.2
7855,642,3934.6
7856,642,4076.9
7857,642,4005.2
7858,642,4179.2
7859,642,4004.7
7860,642,3998.1
7861,642,4040.2
7862,642,3931.9
7863,642,3756.5
7864,642,3870.4
7865,642,3929.5
7866,642,3224.8
7867,642,3825.6
7868,642,4262.4
7869,642,4140.3
7870,642,3860.6
7871,642,4133.8
7872,642,3687.6
7873,642,4038.3
7874,642,3844.1
7875,642,4048.9
7876,642,3975.5
7877,642,3880.1
7878,642,3311.3
7879,642,3852.5
7880,642,4401.5
7881,642,3882.2
7882,642,3792.3
7883,642,3866.8
7884,642,3909.7
7885,642,3963.8
7886,642,3939.2
7887,642,3177.5
7888,642,3923.0
7889,642,3862.3
7890,642,3283.2
7891,642,4139.3
7892,642,4066.2
7893,642,3758.6
7894,642,3935.3
7895,642,4002.0
7896,642,4266.0
7897,642,3797.9
7898,642,3829.7
7899,642,4263.4
7900,642,4041.1
7901,642,3703.2
7902,642,4047.6
7903,642,3939.0
7904,642,3922.1
7905,642,4337.7
7906,642,4000.9
7907,642,3960.5
7908,642,3735.3
7909,642,3944.0
7910,642,3858.9
7911,642,3216.7
7912,642,3870.2
7913,642,3945.4
7914,642,3076.3
7915,642,3992.4
7916,642,3976.2
7917,642,3996.3
7918,642,3994.4
7919,642,4000.5
7920,642,3937.3
7921,642,3991.2
7922,642,3944.0
7923,642,3250.8
7924,642,3899.2
7925,642,3978.8
7926,642,3964.2
7927,642,4042.3
7928,642,3967.3
7929,642,3921.1
7930,642,4034.8
7931,642,3968.7
7932,642,3987.3
7933,642,3945.2
7934,642,3156.9
7935,642,3845.6
7936,642,3955.4
7937,642,3177.7
7938,642,3867.0
7939,642,4047.2
7940,642,3991.8
7941,642,3992.2
7942,642,3999.3
7943,642,3990.1
7944,642,3886.1
7945,642,3127.9
7946,642,3945.1
7947,642,3900.2
7948,642,3244.2
7949,642,3833.7
7950,642,3983.5
7951,642,4046.4
7952,642,3914.2
7953,642,3250.3
7954,642,3842.5
7955,642,3894.6
7956,642,3285.0
7957,642,3762.9
7958,642,4270.3
7959,642,4072.1
7960,642,3794.7
7961,642,4141.5
7962,642,4127.1
7963,642,3910.0
7964,642,4068.4
7965,642,3814.2
7966,642,4065.0
7967,642,3692.8
7968,642,3980.4
7969,642,3980.7
7970,642,4003.2
7971,642,3995.7
7972,642,3966.5
7973,642,3914.3
7974,642,3199.9
7975,642,3835.7
7976,642,3932.3
7977,642,3127.2
7978,642,3972.0
7979,642,3952.0
7980,642,4066.7
7981,642,3976.3
7982,642,3966.2
7983,642,3919.7
7984,642,3161.0
7985,642,3833.1
7986,642,3198.0
7987,642,3839.7
7988,642,3992.7
7989,642,3904.3
7990,642,3175.7
7991,642,3956.2
7992,642,3992.1
7993,642,3971.3
7994,642,3879.1
7995,642,3178.7
7996,642,3984.8
7997,642,3891.0
7998,642,3972.2
7999,642,4016.3
8000,642,3995.5
8001,642,3919.8
8002,642,3188.7
8003,642,3860.7
8004,642,3964.8
8005,642,3181.2
8006,642,3845.0
8007,642,3922.4
8008,642,3175.0
8009,642,3907.8
8010,642,3930.5
8011,642,3240.7
8012,642,3782.6
8013,642,3934.0
8014,642,3165.3
8015,642,3865.3
8016,642,3963.9
8017,642,3162.0
8018,642,3820.5
8019,642,3168.8
8020,642,3850.8
8021,642,3971.1
8022,642,3166.3
8023,642,3892.9
8024,642,3959.6
8025,642,3997.2
8026,642,3932.3
8027,642,3190.4
8028,642,3892.5
8029,642,3916.6
8030,642,3183.9
8031,642,3866.1
8032,642,4009.6
8033,642,4219.1
8034,642,3795.6
8035,642,4007.3
8036,642,3897.1
8037,642,4365.4
8038,642,3851.5
8039,642,3943.1
8040,642,4009.9
8041,642,4142.7
8042,642,3669.0
8043,642,4246.2
8044,642,3885.1
8045,642,3963.9
8046,642,3842.7
8047,642,3958.3
8048,642,3238.1
8049,642,3877.3
8050,642,3980.5
8051,642,3967.9
8052,642,3992.7
8053,642,3997.9
8054,642,3906.9
8055,642,3241.0
8056,642,3881.8
8057,642,3977.8
8058,642,3937.8
8059,642,4021.9
8060,642,4012.0
8061,642,3975.6
8062,642,3924.6
8063,642,3221.8
8064,642,3885.2
8065,642,3887.5
8066,642,3147.8
8067,642,3933.3
8068,642,3971.8
8069,642,3927.0
8070,642,3147.1
8071,642,3835.1
8072,642,3104.1
8073,642,3912.6
8074,642,4289.7
8075,642,3822.8
8076,642,3938.5
8077,642,3949.0
8078,642,4011.4
8079,642,3996.4
8080,642,3911.4
8081,642,3238.4
8082,642,3997.8
8083,642,4137.1
8084,642,4020.6
8085,642,3993.8
8086,642,3638.3
8087,642,4250.2
8088,642,4076.2
8089,642,3810.6
8090,642,3869.1
8091,642,3919.0
8092,642,4028.0
8093,642,3922.4
8094,642,3150.1
8095,642,3901.4
8096,642,3887.7
8097,642,3190.4
8098,642,4075.8
8099,642,3886.1
8100,642,3925.1
8101,642,4304.5
8102,642,4019.0
8103,642,4046.1
8104,642,3632.4
8105,642,3970.0
8106,642,3879.8
8107,642,3206.3
8108,642,4183.9
8109,642,4835.3
8110,642,3835.9
8111,642,3942.2
8112,642,3230.2
8113,642,3886.2
8114,642,3881.5
8115,642,3976.6
8116,642,3243.9
8117,642,3874.9
8118,642,3978.0
8119,642,3899.3
8120,642,3213.5
8121,642,3891.3
8122,642,3969.8
8123,642,3937.0
8124,642,4029.9
8125,642,4007.3
8126,642,3929.1
8127,642,3969.4
8128,642,3221.3
8129,642,3991.9
8130,642,3945.0
8131,642,3930.4
8132,642,3865.1
8133,642,3240.4
8134,642,4015.2
8135,642,3930.6
8136,642,3890.7
8137,642,4342.6
8138,642,3975.6
8139,642,3982.1
8140,642,3987.6
8141,642,3830.0
8142,642,4215.1
8143,642,4042.8
8144,642,3629.2
8145,642,4207.2
8146,642,4099.3
8147,642,3938.6
8148,642,3819.6
8149,642,4132.5
8150,642,4876.2
8151,642,4151.2
8152,642,3962.5
8153,642,3776.8
8154,642,4166.9
8155,642,4153.1
8156,642,3643.9
8157,642,3886.3
8158,642,3911.4
8159,642,3230.4
8160,642,3751.1
8161,642,3247.4
8162,642,3798.9
8163,642,3899.5
8164,642,3252.6
8165,642,3769.4
8166,642,3165.1
8167,642,3854.8
8168,642,4002.9
8169,642,3990.2
8170,642,3958.6
8171,642,3160.8
8172,642,3856.8
8173,642,3925.3
8174,642,3179.8
8175,642,3875.1
8176,642,3969.3
8177,642,3150.4
8178,642,3866.3
8179,642,3969.8
8180,642,3373.7
8181,642,3823.4
8182,642,4048.8
8183,642,3986.9
8184,642,3995.3
8185,642,3771.5
8186,642,4021.5
8187,642,3957.5
8188,642,3958.6
8189,642,3130.1
8190,642,3889.5
8191,642,4037.2
8192,642,3883.3
8193,642,3119.4
8194,642,3868.5
8195,642,3184.6
8196,642,3896.0
8197,642,3990.9
8198,642,4008.8
8199,642,3908.4
8200,642,3257.7
8201,642,3792.9
8202,642,4034.9
8203,642,3881.7
8204,642,3187.7
8205,642,3945.9
8206,642,3953.6
8207,642,4008.6
8208,642,3923.7
8209,642,3145.6
8210,642,3940.8
8211,642,3926.8
8212,642,3950.5
8213,642,3188.5
8214,642,3856.1
8215,642,3905.4
8216,642,3258.8
8217,642,3880.8
8218,642,4247.9
8219,642,4031.7
8220,642,3995.9
8221,642,4008.2
8222,642,3984.8
8223,642,3748.5
8224,642,3923.6
8225,642,4265.8
8226,642,3725.4
8227,642,3986.4
8228,642,4022.7
8229,642,4237.5
8230,642,3897.8
8231,642,3827.0
8232,642,3991.6
8233,642,4250.6
8234,642,3693.1
8235,642,3891.9
8236,642,3208.3
8237,642,3824.5
8238,642,4054.5
8239,642,3982.1
8240,642,3990.4
8241,642,3954.1
8242,642,3989.8
8243,642,3968.9
8244,642,3642.0
8245,642,3530.9
8246,642,3905.6
8247,642,3960.5
8248,642,3973.8
8249,642,4002.9
8250,642,3994.1
8251,642,4301.3
8252,642,3695.9
8253,642,3877.4
8254,642,3260.4
8255,642,3912.3
8256,642,4215.1
8257,642,4055.3
8258,642,3720.6
8259,642,4252.3
8260,642,3851.3
8261,642,4105.4
8262,642,3724.9
8263,642,3964.2
8264,642,3972.3
8265,642,3985.5
8266,642,3923.6
8267,642,3124.6
8268,642,3846.0
8269,642,3295.8
8270,642,3776.5
8271,642,3943.8
8272,642,3979.4
8273,642,4060.2
8274,642,3919.0
8275,642,3133.1
8276,642,3881.0
8277,642,3966.5
8278,642,3151.3
8279,642,3839.0
8280,642,3150.5
8281,642,3862.7
8282,642,3996.1
8283,642,3970.8
8284,642,3150.8
8285,642,3852.1
8286,642,3981.9
8287,642,4009.7
8288,642,3969.4
8289,642,3145.5
8290,642,3866.0
8291,642,3993.6
8292,642,4036.6
8293,642,3870.8
8294,642,3203.4
8295,642,3819.7
8296,642,3201.0
8297,642,3821.2
8298,642,4254.8
8299,642,3902.9
8300,642,3905.4
8301,642,3897.6
8302,642,3219.6
8303,642,3881.4
8304,642,4002.1
8305,642,4206.2
8306,642,3832.7
8307,642,4193.7
8308,642,3699.1
8309,642,4352.8
8310,642,3960.6
8311,642,4037.4
8312,642,3757.5
8313,642,3768.3
8314,642,4483.7
8315,642,3978.5
8316,642,3978.6
8317,642,3941.0
8318,642,3987.4
8319,642,3828.1
8320,642,3845.5
8321,642,4249.8
8322,642,4035.2
8323,642,3987.3
8324,642,4077.0
8325,642,3747.2
8326,642,3908.4
8327,642,3928.5
8328,642,4284.4
8329,642,4027.7
8330,642,4009.4
8331,642,3698.8
8332,642,3987.9
8333,642,3953.7
8334,642,4324.6
8335,642,3777.2
8336,642,3895.7
8337,642,4240.5
8338,642,4037.7
8339,642,4338.2
8340,642,3621.7
8341,642,3951.3
8342,642,4061.2
8343,642,3764.7
8344,642,4227.5
8345,642,3999.8
8346,642,3787.3
8347,642,3851.0
8348,642,4257.2
8349,642,4037.9
8350,642,4009.2
8351,642,4008.7
8352,642,3986.8
8353,642,3738.9
8354,642,4088.4
8355,642,4158.9
8356,642,3975.5
8357,642,3816.3
8358,642,3911.0
8359,642,4208.6
8360,642,3843.0
8361,642,4159.4
8362,642,3697.0
8363,642,4256.8
8364,642,4123.1
8365,642,3751.0
8366,642,4219.2
8367,642,4033.8
8368,642,3880.9
8369,642,3752.1
8370,642,3930.2
8371,642,3979.6
8372,642,3871.4
8373,642,3246.6
8374,642,3907.2
8375,642,4190.4
8376,642,4122.3
8377,642,3703.2
8378,642,3955.3
8379,642,4213.9
8380,642,4032.5
8381,642,3723.3
8382,642,3851.1
8383,642,3202.4
8384,642,4188.9
8385,642,3889.5
8386,642,3824.6
8387,642,4307.0
8388,642,3893.2
8389,642,4045.8
8390,642,3715.6
8391,642,4041.5
8392,642,4255.2
8393,642,3981.2
8394,642,3698.3
8395,642,4002.2
8396,642,4313.1
8397,642,4064.8
8398,642,3917.5
8399,642,3562.4
8400,642,4271.2
8401,642,4075.0
8402,642,3809.5
8403,642,4136.3
8404,642,4032.3
8405,642,4001.1
8406,642,3706.4
8407,642,4326.5
8408,642,3940.3
8409,642,3836.9
8410,642,3780.2
8411,642,3932.4
8412,642,3231.8
8413,642,3901.1
8414,642,4348.7
8415,642,3657.6
8416,642,4029.8
8417,642,4167.7
8418,642,3720.6
8419,642,4070.4
8420,642,4180.4
8421,642,3871.2
8422,642,4142.9
8423,642,3760.7
8424,642,4207.8
8425,642,3672.3
8426,642,4177.7
8427,642,4175.5
8428,642,3975.9
8429,642,3699.7
8430,642,3892.9
8431,642,4035.0
8432,642,3997.2
8433,642,3919.0
8434,642,3231.4
8435,642,3801.3
8436,642,3953.0
8437,642,4089.8
8438,642,3976.4
8439,642,3928.5
8440,642,3208.3
8441,642,3834.9
8442,642,4025.1
8443,642,3911.6
8444,642,3982.6
8445,642,3164.2
8446,642,3871.8
8447,642,3999.7
8448,642,4009.1
8449,642,3965.5
8450,642,4010.3
8451,642,4029.7
8452,642,3965.4
8453,642,4335.0
8454,642,3750.5
8455,642,3998.3
8456,642,4196.5
8457,642,3822.4
8458,642,4259.0
8459,642,3667.0
8460,642,4209.5
8461,642,3788.9
8462,642,3832.3
8463,642,3498.3
8464,642,3696.5
8465,642,3942.1
8466,642,4173.8
8467,642,4036.5
8468,642,3802.2
8469,642,4189.9
8470,642,3994.4
8471,642,3836.8
8472,642,4153.2
8473,642,4058.2
8474,642,3700.5
8475,642,3955.7
8476,642,4309.8
8477,642,3944.5
8478,642,3806.7
8479,642,3941.0
8480,642,3919.8
8481,642,3995.2
8482,642,3978.2
8483,642,3871.0
8484,642,3255.6
8485,642,3772.4
8486,642,3976.3
8487,642,3169.5
8488,642,3845.0
8489,642,3939.1
8490,642,3555.4
8491,642,3576.2
8492,642,3906.5
8493,642,3941.8
8494,642,3192.7
8495,642,3832.5
8496,642,3227.3
8497,642,3961.9
8498,642,4173.1
8499,642,3746.1
8500,642,3866.1
8501,642,4042.7
8502,642,4019.7
8503,642,3999.3
8504,642,3968.2
8505,642,3991.9
8506,642,4012.8
8507,642,4017.6
8508,642,4253.6
8509,642,3744.4
8510,642,3903.6
8511,642,4030.3
8512,642,4166.9
8513,642,3824.7
8514,642,4046.9
8515,642,4227.1
8516,642,4037.0
8517,642,3698.0
8518,642,3955.2
8519,642,4176.0
8520,642,3769.7
8521,642,4031.3
8522,642,3909.7
8523,642,3183.6
8524,642,3849.0
8525,642,3966.3
8526,642,3989.8
8527,642,3159.1
8528,642,3875.9
8529,642,3932.1
8530,642,3192.7
8531,642,3839.8
8532,642,3942.7
8533,642,3192.8
8534,642,3923.8
8535,642,3934.3
8536,642,3932.0
8537,642,3183.7
8538,642,3833.3
8539,642,3923.4
8540,642,3182.7
8541,642,3831.3
8542,642,3166.3
8543,642,3858.0
8544,642,3956.7
8545,642,3159.7
8546,642,3871.7
8547,642,3940.8
8548,642,3514.6
8549,642,3734.5
8550,642,4130.5
8551,642,3735.4
8552,642,3886.1
8553,642,3210.7
8554,642,3842.6
8555,642,3911.5
8556,642,3176.8
8557,642,3843.2
8558,642,4042.7
8559,642,3900.8
8560,642,3111.3
8561,642,3870.6
8562,642,3123.3
8563,642,3937.7
8564,642,3900.9
8565,642,3219.2
8566,642,3856.8
8567,642,4011.4
8568,642,3935.4
8569,642,3229.6
8570,642,3898.3
8571,642,3967.4
8572,642,3885.2
8573,642,3338.9
8574,642,3787.4
8575,642,3934.0
8576,642,3998.1
8577,642,3925.1
8578,642,3221.3
8579,642,3827.3
8580,642,3972.3
8581,642,3995.8
8582,642,3896.5
8583,642,3247.9
8584,642,3902.0
8585,642,3915.6
8586,642,3936.1
8587,642,3188.8
8588,642,3841.7
8589,642,3177.5
8590,642,3859.8
8591,642,3898.9
8592,642,3152.5
8593,642,3852.2
8594,642,3155.1
8595,642,4008.9
8596,642,3963.7
8597,642,3979.3
8598,642,3970.6
8599,642,3991.8
8600,642,3985.4
8601,642,3946.1
8602,642,4307.9
8603,642,4042.7
8604,642,3756.3
8605,642,3865.6
8606,642,3080.0
8607,642,3936.8
8608,642,4196.9
8609,642,3776.7
8610,642,3985.3
8611,642,4127.3
8612,642,4183.2
8613,642,3769.0
8614,642,4176.3
8615,642,3921.8
8616,642,3861.6
8617,642,3893.5
8618,642,4235.4
8619,642,4199.5
8620,642,3688.3
8621,642,3827.7
8622,642,4039.9
8623,642,3986.5
8624,642,4093.0
8625,642,4183.3
8626,642,4188.8
8627,642,3656.1
8628,642,4266.0
8629,642,3590.1
8630,642,4267.4
8631,642,3695.5
8632,642,3871.6
8633,642,3158.6
8634,642,3846.4
8635,642,3176.6
8636,642,3911.6
8637,642,4239.4
8638,642,4125.8
8639,642,3959.7
8640,642,3725.9
8641,642,3913.5
8642,642,3981.6
8643,642,4255.5
8644,642,3786.3
8645,642,4125.4
8646,642,3876.0
8647,642,3974.4
8648,642,4217.3
8649,642,3784.9
8650,642,4236.1
8651,642,3990.8
8652,642,3875.4
8653,642,4116.5
8654,642,3705.2
8655,642,4250.5
8656,642,4169.2
8657,642,3648.6
8658,642,4151.2
8659,642,3946.5
8660,642,4128.6
8661,642,3749.5
8662,642,4167.0
8663,642,4012.8
8664,642,3742.9
8665,642,3951.3
8666,642,3953.1
8667,642,4321.9
8668,642,3999.0
8669,642,3992.0
8670,642,3738.9
8671,642,4286.3
8672,642,3617.8
8673,642,3887.8
8674,642,3176.6
8675,642,3960.4
8676,642,3902.1
8677,642,3943.8
8678,642,3174.2
8679,642,4473.7
8680,642,3541.7
8681,642,3927.5
8682,642,3870.5
8683,642,3271.2
8684,642,3764.0
8685,642,4025.0
8686,642,3941.4
8687,642,3976.0
8688,642,3122.4
8689,642,3835.8
8690,642,3130.3
8691,642,3851.6
8692,642,3206.9
8693,642,3812.6
8694,642,3174.3
8695,642,3847.4
8696,642,3966.4
8697,642,3985.5
8698,642,3156.7
8699,642,3860.2
8700,642,3967.1
8701,642,3187.3
8702,642,3871.4
8703,642,3952.6
8704,642,3982.2
8705,642,3973.1
8706,642,3137.2
8707,642,3868.4
8708,642,3958.9
8709,642,3205.3
8710,642,3868.1
8711,642,4309.9
8712,642,3773.4
8713,642,4182.7
8714,642,3766.0
8715,642,4215.7
8716,642,4046.1
8717,642,3810.2
8718,642,4156.7
8719,642,3808.7
8720,642,4004.8
8721,642,3817.7
8722,642,4261.8
8723,642,3840.1
8724,642,3869.2
8725,642,3958.4
8726,642,3983.7
8727,642,4055.4
8728,642,4013.0
8729,642,3899.1
8730,642,3167.5
8731,642,3917.9
8732,642,3940.9
8733,642,3955.5
8734,642,3572.1
8735,642,3908.1
8736,642,3923.7
8737,642,3751.2
8738,642,3926.6
8739,642,3986.8
8740,642,3984.9
8741,642,3971.1
8742,642,3881.7
8743,642,3123.9
8744,642,3961.3
8745,642,3993.0
8746,642,3967.1
8747,642,3921.6
8748,642,3237.6
8749,642,3905.9
8750,642,3888.9
8751,642,3224.4
8752,642,3750.2
8753,642,3097.5
8754,642,3922.3
8755,642,3965.6
8756,642,3250.6
8757,642,3918.6
8758,642,4183.2
8759,642,3813.2
8760,642,4220.9
8761,642,3707.8
8762,642,3899.0
8763,642,3960.9
8764,642,3145.3
8765,642,3842.4
8766,642,3148.1
8767,642,3942.7
8768,642,3962.1
8769,642,3994.4
8770,642,3930.0
8771,642,4063.9
8772,642,3927.9
8773,642,4051.8
8774,642,3902.9
8775,642,3173.2
8776,642,3943.9
8777,642,3854.8
8778,642,3250.3
8779,642,3998.0
8780,642,4151.7
8781,642,3722.5
8782,642,4284.8
8783,642,3786.2
8784,642,3818.6
8785,642,3999.6
8786,642,3962.5
8787,642,3969.3
8788,642,3144.2
8789,642,3871.5
8790,642,3974.3
8791,642,3976.4
8792,642,3151.7
8793,642,3914.6
8794,642,3959.1
8795,642,3927.5
8796,642,3131.5
8797,642,3947.3
8798,642,3893.5
8799,642,3138.4
8800,642,3916.2
8801,642,3967.7
8802,642,3185.7
8803,642,3841.2
8804,642,3950.5
8805,642,3190.8
8806,642,3840.7
8807,642,3953.6
8808,642,3986.2
8809,642,3163.1
8810,642,3853.6
8811,642,4016.1
8812,642,3938.3
8813,642,3536.7
8814,642,3896.4
8815,642,3961.8
8816,642,3788.9
8817,642,4166.1
8818,642,3772.7
8819,642,3931.8
8820,642,3972.2
8821,642,3899.5
8822,642,3162.2
8823,642,3854.6
8824,642,3252.7
8825,642,3890.0
8826,642,4203.6
8827,642,3776.8
8828,642,3948.3
8829,642,4331.3
8830,642,3794.8
8831,642,4136.7
8832,642,3743.2
8833,642,4214.1
8834,642,3882.0
8835,642,3760.8
8836,642,4011.2
8837,642,3968.0
8838,642,4039.9
8839,642,3978.7
8840,642,4216.7
8841,642,3937.1
8842,642,4135.8
8843,642,3758.1
8844,642,3944.6
8845,642,4033.6
8846,642,3971.0
8847,642,4245.7
8848,642,4180.1
8849,642,3672.9
8850,642,4199.9
8851,642,3827.6
8852,642,3885.2
8853,642,4288.9
8854,642,3615.5
8855,642,3991.0
8856,642,3975.9
8857,642,3983.3
8858,642,3882.7
8859,642,3124.6
8860,642,3882.6
8861,642,3124.6
8862,642,3912.9
8863,642,3996.8
8864,642,4001.8
8865,642,3916.6
8866,642,3301.2
8867,642,3774.6
8868,642,3913.3
8869,642,3109.7
8870,642,3968.6
8871,642,3912.0
8872,642,3239.6
8873,642,3828.8
8874,642,4008.6
8875,642,3945.7
8876,642,4051.6
8877,642,4010.8
8878,642,3966.6
8879,642,3998.9
8880,642,3939.9
8881,642,3147.5
8882,642,3924.5
8883,642,3930.0
8884,642,4011.1
8885,642,3903.1
8886,642,3237.8
8887,642,3918.0
8888,642,4225.7
8889,642,3661.7
8890,642,4003.1
8891,642,3976.5
8892,642,4050.0
8893,642,4028.8
8894,642,3990.4
8895,642,3863.2
8896,642,3149.8
8897,642,3980.0
8898,642,3957.8
8899,642,3883.9
8900,642,3152.5
8901,642,3862.0
8902,642,3186.1
8903,642,3868.9
8904,642,3942.1
8905,642,4266.1
8906,642,4115.9
8907,642,3998.0
8908,642,3658.8
8909,642,3903.2
8910,642,3540.8
8911,642,3751.3
8912,642,3875.7
8913,642,3983.4
8914,642,3979.5
8915,642,4321.0
8916,642,3663.4
8917,642,3892.2
8918,642,4007.8
8919,642,4020.8
8920,642,3995.6
8921,642,4069.8
8922,642,3920.7
8923,642,4293.3
8924,642,4002.3
8925,642,3787.9
8926,642,4162.1
8927,642,4039.3
8928,642,3959.0
8929,642,4086.7
8930,642,3741.4
8931,642,3908.4
8932,642,3898.2
8933,642,4246.4
8934,642,4114.7
8935,642,3984.8
8936,642,3822.2
8937,642,3856.5
8938,642,4247.8
8939,642,3804.7
8940,642,3987.7
8941,642,3958.6
8942,642,4086.9
8943,642,4305.3
8944,642,3659.3
8945,642,4152.4
8946,642,3700.5
8947,642,3914.0
8948,642,4057.4
8949,642,3905.5
8950,642,3140.5
8951,642,3911.5
8952,642,3967.0
8953,642,3936.0
8954,642,3305.1
8955,642,3880.1
8956,642,4107.0
8957,642,4284.6
8958,642,3846.5
8959,642,3964.7
8960,642,4094.2
8961,642,3667.6
8962,642,3963.1
8963,642,4213.8
8964,642,4056.9
8965,642,3969.1
8966,642,3720.3
8967,642,4045.7
8968,642,4227.1
8969,642,3744.8
8970,642,4023.2
8971,642,4138.1
8972,642,4033.4
8973,642,3987.9
8974,642,3816.5
8975,642,4220.0
8976,642,3634.0
8977,642,4310.0
8978,642,4008.1
8979,642,4050.3
8980,642,3916.2
8981,642,3726.3
8982,642,4293.6
8983,642,3603.5
8984,642,4020.8
8985,642,3978.7
8986,642,4030.3
8987,642,3911.6
8988,642,3943.8
8989,642,3256.7
8990,642,3855.2
8991,642,4205.0
8992,642,4086.4
8993,642,4002.3
8994,642,4028.4
8995,642,4185.8
8996,642,3777.8
8997,642,3724.5
8998,642,4201.1
8999,642,3701.1
9000,642,4206.5
9001,642,3821.5
9002,642,4000.6
9003,642,3982.3
9004,642,3901.9
9005,642,3924.8
9006,642,3131.4
9007,642,3920.0
9008,642,3930.3
9009,642,3226.2
9010,642,3803.1
9011,642,3107.8
9012,642,3923.9
9013,642,3925.1
9014,642,3219.9
9015,642,3909.5
9016,642,3907.6
9017,642,3958.1
9018,642,3241.4
9019,642,3795.3
9020,642,4029.6
9021,642,3918.0
9022,642,3106.6
9023,642,3865.6
9024,642,3136.8
9025,642,3978.0
9026,642,3990.6
9027,642,3890.7
9028,642,3200.3
9029,642,3882.8
9030,642,3863.8
9031,642,3253.5
9032,642,3798.5
9033,642,3213.6
9034,642,3773.0
9035,642,3981.1
9036,642,3110.1
9037,642,3877.5
9038,642,3137.5
9039,642,3966.3
9040,642,4060.9
9041,642,3867.5
9042,642,4032.6
9043,642,3900.1
9044,642,3164.2
9045,642,3831.3
9046,642,3134.5
9047,642,3850.6
9048,642,3154.3
9049,642,3857.9
9050,642,3966.9
9051,642,3147.9
9052,642,3808.8
9053,642,3166.2
9054,642,3891.3
9055,642,3957.3
9056,642,3986.5
9057,642,3230.0
9058,642,3778.6
9059,642,3973.8
9060,642,3967.9
9061,642,3180.9
9062,642,3858.4
9063,642,3963.7
9064,642,3986.3
9065,642,3166.5
9066,642,3836.6
9067,642,3190.1
9068,642,4092.2
9069,642,4080.4
9070,642,3722.4
9071,642,4271.0
9072,642,3781.0
9073,642,4187.1
9074,642,4005.5
9075,642,3907.7
9076,642,4088.7
9077,642,3848.2
9078,642,4065.3
9079,642,3743.4
9080,642,3885.6
9081,642,3212.7
9082,642,3968.9
9083,642,3841.7
9084,642,3934.4
9085,642,3129.2
9086,642,3871.6
9087,642,3245.2
9088,642,3792.3
9089,642,4037.4
9090,642,3979.5
9091,642,3903.6
9092,642,3257.9
9093,642,3895.0
9094,642,4018.1
9095,642,4401.8
9096,642,3945.2
9097,642,3629.3
9098,642,4197.3
9099,642,3835.6
9100,642,4168.4
9101,642,4005.2
9102,642,3845.1
9103,642,3843.9
9104,642,4033.0
9105,642,3984.3
9106,642,4324.6
9107,642,4106.0
9108,642,3585.5
9109,642,3952.5
9110,642,3887.4
9111,642,4011.3
9112,642,3975.0
9113,642,4077.3
9114,642,3949.3
9115,642,3926.1
9116,642,3962.4
9117,642,3243.2
9118,642,3988.1
9119,642,4034.9
9120,642,3772.7
9121,642,4001.1
9122,642,3989.7
9123,642,4099.5
9124,642,3875.1
9125,642,3951.1
9126,642,3223.9
9127,642,4057.1
9128,642,3753.3
9129,642,3934.6
9130,642,3154.7
9131,642,3819.9
9132,642,3209.9
9133,642,4847.1
9134,642,3905.7
9135,642,3183.6
9136,642,3868.4
9137,642,3972.0
9138,642,3139.2
9139,642,3909.5
9140,642,3952.7
9141,642,4121.1
9142,642,4238.0
9143,642,4027.3
9144,642,4018.0
9145,642,3802.1
9146,642,4129.7
9147,642,4045.3
9148,642,3857.8
9149,642,3966.4
9150,642,4151.0
9151,642,3610.3
9152,642,3950.6
9153,642,3929.2
9154,642,3160.6
9155,642,3941.2
9156,642,3966.4
9157,642,3995.5
9158,642,3997.2
9159,642,3978.7
9160,642,4038.7
9161,642,4049.6
9162,642,4239.4
9163,642,4021.2
9164,642,3987.7
9165,642,3741.3
9166,642,3837.5
9167,642,3257.3
9168,642,3779.1
9169,642,3950.7
9170,642,3370.3
9171,642,4028.0
9172,642,3985.3
9173,642,4098.1
9174,642,4583.8
9175,642,4039.0
9176,642,3871.7
9177,642,4056.6
9178,642,4192.5
9179,642,3736.9
9180,642,4289.3
9181,642,3770.3
9182,642,4011.6
9183,642,4311.3
9184,642,4025.6
9185,642,3954.0
9186,642,3690.1
9187,642,4234.1
9188,642,3746.6
9189,642,4010.6
9190,642,4211.1
9191,642,3765.2
9192,642,4201.6
9193,642,4021.0
9194,642,3878.5
9195,642,4238.8
9196,642,3641.0
9197,642,4186.4
9198,642,4085.9
9199,642,3683.3
9200,642,4225.4
9201,642,3820.5
9202,642,4297.5
9203,642,3587.8
9204,642,4251.0
9205,642,4045.8
9206,642,3851.0
9207,642,4069.2
9208,642,3956.0
9209,642,4081.1
9210,642,3805.5
9211,642,3882.6
9212,642,3979.0
9213,642,4231.4
9214,642,3818.6
9215,642,3887.5
9216,642,3922.8
9217,642,3174.3
9218,642,3826.5
9219,642,3129.7
9220,642,3821.2
9221,642,3315.0
9222,642,3838.5
9223,642,3885.1
9224,642,4049.2
9225,642,4013.1
9226,642,4108.1
9227,642,3902.7
9228,642,3898.1
9229,642,4009.7
9230,642,4027.0
9231,642,3913.4
9232,642,3094.1
9233,642,3943.0
9234,642,3917.4
9235,642,3129.5
9236,642,4031.3
9237,642,3878.7
9238,642,4018.4
9239,642,3951.9
9240,642,3099.8
9241,642,3895.9
9242,642,4034.8
9243,642,4319.2
9244,642,4072.9
9245,642,3785.9
9246,642,3900.0
9247,642,3914.5
9248,642,4233.3
9249,642,4057.9
9250,642,3985.9
9251,642,4077.0
9252,642,3601.9
9253,642,3905.9
9254,642,3244.8
9255,642,3863.6
9256,642,4242.0
9257,642,3744.1
9258,642,3903.4
9259,642,3922.3
9260,642,3138.8
9261,642,3934.1
9262,642,3928.6
9263,642,3187.4
9264,642,3822.8
9265,642,3248.8
9266,642,3752.4
9267,642,3215.4
9268,642,3807.1
9269,642,4025.5
9270,642,4016.7
9271,642,3863.9
9272,642,3142.4
9273,642,3890.7
9274,642,3203.0
9275,642,3899.8
9276,642,4050.9
9277,642,3918.1
9278,642,3999.6
9279,642,3929.8
9280,642,4025.1
9281,642,3924.7
9282,642,3099.6
9283,642,3838.5
9284,642,3242.4
9285,642,3859.6
9286,642,3980.3
9287,642,4035.8
9288,642,3895.3
9289,642,3161.2
9290,642,3857.3
9291,642,3967.0
9292,642,3154.6
9293,642,4204.4
9294,642,3810.3
9295,642,4166.0
9296,642,3960.1
9297,642,4279.4
9298,642,3828.7
9299,642,3798.5
9300,642,3866.0
9301,642,3970.4
9302,642,3899.0
9303,642,3148.7
9304,642,3840.3
9305,642,3977.5
9306,642,3152.8
9307,642,3864.4
9308,642,3960.6
9309,642,3136.3
9310,642,3853.0
9311,642,3126.5
9312,642,3886.8
9313,642,3971.3
9314,642,3175.4
9315,642,3889.9
9316,642,3931.1
9317,642,3952.5
9318,642,3209.5
9319,642,3840.8
9320,642,3988.1
9321,642,3988.0
9322,642,3938.9
9323,642,3173.1
9324,642,3865.1
9325,642,3931.9
9326,642,3163.4
9327,642,3837.5
9328,642,3164.7
9329,642,3838.2
9330,642,3226.1
9331,642,3942.3
9332,642,3935.1
9333,642,4018.8
9334,642,3896.5
9335,642,4012.8
9336,642,4241.1
9337,642,3804.6
9338,642,3932.5
9339,642,3889.6
9340,642,3208.9
9341,642,3852.0
9342,642,4002.7
9343,642,4023.0
9344,642,3991.4
9345,642,3996.7
9346,642,3997.4
9347,642,3899.1
9348,642,3166.7
9349,642,4055.4
9350,642,3897.5
9351,642,3951.2
9352,642,4009.2
9353,642,3980.0
9354,642,3940.7
9355,642,3204.6
9356,642,3790.0
9357,642,3994.0
9358,642,4049.3
9359,642,3978.4
9360,642,4018.7
9361,642,3972.8
9362,642,4023.9
9363,642,3863.8
9364,642,3304.4
9365,642,3929.4
9366,642,3952.5
9367,642,3907.7
9368,642,3905.0
9369,642,3160.6
9370,642,3861.8
9371,642,3932.9
9372,642,3141.0
9373,642,3863.9
9374,642,3134.8
9375,642,3985.4
9376,642,4251.6
9377,642,4037.3
9378,642,3769.3
9379,642,4291.5
9380,642,3734.6
9381,642,4146.9
9382,642,3761.3
9383,642,4212.9
9384,642,4010.4
9385,642,3814.3
9386,642,4158.1
9387,642,3727.2
9388,642,3989.2
9389,642,4240.8
9390,642,3914.1
9391,642,4129.0
9392,642,3697.1
9393,642,4278.1
9394,642,3736.0
9395,642,4197.7
9396,642,4033.1
9397,642,3771.5
9398,642,3926.7
9399,642,3922.1
9400,642,4272.7
9401,642,4222.9
9402,642,3520.2
9403,642,3871.0
9404,642,3134.7
9405,642,3943.8
9406,642,3910.9
9407,642,3202.8
9408,642,3813.5
9409,642,3203.9
9410,642,3837.1
9411,642,3989.8
9412,642,4074.5
9413,642,3966.6
9414,642,3974.8
9415,642,3979.6
9416,642,3997.5
9417,642,3934.9
9418,642,4082.7
9419,642,4272.5
9420,642,3832.7
9421,642,3813.7
9422,642,4170.0
9423,642,4159.9
9424,642,3790.1
9425,642,4092.1
9426,642,3887.2
9427,642,4205.8
9428,642,3764.9
9429,642,4000.2
9430,642,4042.6
9431,642,3899.2
9432,642,4273.7
9433,642,3674.0
9434,642,4272.0
9435,642,4015.2
9436,642,3738.9
9437,642,5800.5
9438,642,3211.4
9439,642,3954.8
9440,642,4228.2
9441,642,3693.7
9442,642,4224.7
9443,642,4082.1
9444,642,4040.5
9445,642,3981.4
9446,642,4071.6
9447,642,3918.3
9448,642,3737.5
9449,642,4181.2
9450,642,3779.1
9451,642,4206.8
9452,642,4045.3
9453,642,3832.3
9454,642,4045.0
9455,642,3703.9
9456,642,3893.6
9457,642,3242.9
9458,642,3857.7
9459,642,3965.3
9460,642,3887.7
9461,642,4145.5
9462,642,3915.4
9463,642,4070.5
9464,642,4006.5
9465,642,4011.3
9466,642,3967.1
9467,642,4331.4
9468,642,3641.8
9469,642,4057.7
9470,642,4197.6
9471,642,4021.9
9472,642,3909.1
9473,642,4057.1
9474,642,4065.0
9475,642,3687.5
9476,642,3876.2
9477,642,4031.4
9478,642,4166.5
9479,642,4074.3
9480,642,4063.6
9481,642,3982.4
9482,642,3852.0
9483,642,3894.1
9484,642,4194.6
9485,642,4037.3
9486,642,3994.8
9487,642,3825.5
9488,642,3928.4
9489,642,3935.4
9490,642,3912.3
9491,642,4278.0
9492,642,3714.1
9493,642,4069.6
9494,642,3884.8
9495,642,4070.7
9496,642,3907.2
9497,642,4448.8
9498,642,3739.8
9499,642,3784.1
9500,642,3222.9
9501,642,3855.1
9502,642,4118.9
9503,642,3815.6
9504,642,3963.6
9505,642,3952.9
9506,642,3169.4
9507,642,3982.4
9508,642,3939.1
9509,642,4241.4
9510,642,3818.1
9511,642,4196.5
9512,642,4033.3
9513,642,3835.8
9514,642,4131.2
9515,642,4089.1
9516,642,3927.4
9517,642,3984.8
9518,642,3724.1
9519,642,4255.2
9520,642,3757.5
9521,642,3999.0
9522,642,3911.1
9523,642,3983.1
9524,642,3898.0
9525,642,3232.5
9526,642,3824.5
9527,642,3941.1
9528,642,3110.6
9529,642,3906.9
9530,642,3918.1
9531,642,3212.1
9532,642,3853.8
9533,642,4044.5
9534,642,3981.2
9535,642,3952.8
9536,642,3960.0
9537,642,3103.8
9538,642,3914.7
9539,642,4042.0
9540,642,3930.3
9541,642,3979.3
9542,642,3175.7
9543,642,3909.1
9544,642,3869.3
9545,642,3221.0
9546,642,3888.9
9547,642,3869.8
9548,642,3149.7
9549,642,3940.1
9550,642,3909.4
9551,642,3238.7
9552,642,3785.1
9553,642,3104.7
9554,642,3848.8
9555,642,3137.9
9556,642,3874.3
9557,642,3115.0
9558,642,3891.8
9559,642,3953.9
9560,642,3129.6
9561,642,3922.0
9562,642,3921.5
9563,642,3201.0
9564,642,3856.7
9565,642,3951.2
9566,642,3980.3
9567,642,3162.1
9568,642,3858.9
9569,642,3940.5
9570,642,3185.6
9571,642,3859.5
9572,642,3928.4
9573,642,3187.3
9574,642,3821.0
9575,642,3164.2
9576,642,3862.8
9577,642,3999.7
9578,642,3929.0
9579,642,3198.0
9580,642,3873.6
9581,642,3933.6
9582,642,3552.5
9583,642,3514.6
9584,642,4075.6
9585,642,3865.3
9586,642,4043.1
9587,642,3921.2
9588,642,3638.0
9589,642,3710.6
9590,642,4099.8
9591,642,3693.0
9592,642,3913.3
9593,642,3905.1
9594,642,4182.8
9595,642,4015.9
9596,642,3951.8
9597,642,4236.4
9598,642,3718.6
9599,642,3875.5
9600,642,3998.4
9601,642,3984.5
9602,642,3947.5
9603,642,3126.9
9604,642,3901.8
9605,642,4074.1
9606,642,3990.0
9607,642,3949.7
9608,642,3936.9
9609,642,3181.1
9610,642,3910.0
9611,642,3887.2
9612,642,3127.6
9613,642,3933.6
9614,642,3929.6
9615,642,3174.7
9616,642,3806.7
9617,642,3167.1
9618,642,4014.8
9619,642,3876.8
9620,642,3988.9
9621,642,4004.9
9622,642,3996.3
9623,642,3994.3
9624,642,3996.4
9625,642,3876.1
9626,642,3263.0
9627,642,3920.8
9628,642,3955.1
9629,642,3989.2
9630,642,3983.6
9631,642,3996.6
9632,642,4248.9
9633,642,3778.3
9634,642,3948.0
9635,642,4015.4
9636,642,4226.0
9637,642,3998.8
9638,642,4026.2
9639,642,4056.3
9640,642,3961.3
9641,642,3835.7
9642,642,4131.7
9643,642,3768.8
9644,642,4264.6
9645,642,4002.2
9646,642,4120.7
9647,642,3828.8
9648,642,3694.0
9649,642,4277.6
9650,642,4046.7
9651,642,3937.6
9652,642,3968.3
9653,642,3780.9
9654,642,3833.9
9655,642,3950.8
9656,642,3218.9
9657,642,3810.8
9658,642,4261.4
9659,642,4079.1
9660,642,3994.3
9661,642,3761.2
9662,642,4113.5
9663,642,3764.0
9664,642,3901.3
9665,642,3152.0
9666,642,3996.6
9667,642,4036.9
9668,642,4178.6
9669,642,4086.2
9670,642,3632.2
9671,642,3914.0
9672,642,3963.1
9673,642,3306.5
9674,642,3802.8
9675,642,4258.7
9676,642,3817.1
9677,642,4181.5
9678,642,3948.8
9679,642,3984.3
9680,642,3739.6
9681,642,4071.5
9682,642,4196.6
9683,642,3956.2
9684,642,3990.2
9685,642,3853.5
9686,642,3954.0
9687,642,4054.7
9688,642,4163.3
9689,642,4027.3
9690,642,3974.7
9691,642,3734.2
9692,642,3974.0
9693,642,3962.5
9694,642,4014.1
9695,642,3978.7
9696,642,3964.6
9697,642,3995.2
9698,642,3917.1
9699,642,3256.3
9700,642,3780.4
9701,642,4042.3
9702,642,3864.4
9703,642,3165.7
9704,642,3927.2
9705,642,4267.2
9706,642,3685.6
9707,642,3927.2
9708,642,3756.8
9709,642,3468.1
9710,642,3905.8
9711,642,4212.9
9712,642,3806.5
9713,642,4066.8
9714,642,4148.8
9715,642,4039.8
9716,642,4104.0
9717,642,3740.4
9718,642,4108.4
9719,642,3718.6
9720,642,4229.8
9721,642,3766.3
9722,642,3990.5
9723,642,3864.1
9724,642,3957.7
9725,642,3270.1
9726,642,3774.5
9727,642,3911.9
9728,642,3173.3
9729,642,3932.3
9730,642,3907.4
9731,642,3209.4
9732,642,3898.1
9733,642,3974.4
9734,642,3920.1
9735,642,3236.9
9736,642,3871.6
9737,642,3939.8
9738,642,3976.6
9739,642,4032.5
9740,642,3953.0
9741,642,4002.8
9742,642,3910.7
9743,642,3148.1
9744,642,3978.2
9745,642,4014.5
9746,642,3882.6
9747,642,3255.5
9748,642,3899.2
9749,642,4195.1
9750,642,3883.5
9751,642,3811.0
9752,642,4035.3
9753,642,4236.8
9754,642,3743.1
9755,642,3869.3
9756,642,3145.3
9757,642,3890.7
9758,642,3906.2
9759,642,3166.0
9760,642,3928.6
9761,642,3983.5
9762,642,3996.7
9763,642,4241.4
9764,642,4141.1
9765,642,3950.0
9766,642,3848.5
9767,642,4112.2
9768,642,4012.5
9769,642,4003.9
9770,642,3843.4
9771,642,4106.9
9772,642,3745.3
9773,642,3996.7
9774,642,4223.2
9775,642,4017.3
9776,642,3999.5
9777,642,4006.5
9778,642,3836.3
9779,642,3898.7
9780,642,3882.0
9781,642,4250.5
9782,642,4186.8
9783,642,3895.0
9784,642,3624.7
9785,642,4053.8
9786,642,4303.1
9787,642,4053.7
9788,642,3718.9
9789,642,3803.7
9790,642,3995.5
9791,642,3962.8
9792,642,3231.2
9793,642,3797.1
9794,642,3927.4
9795,642,3130.5
9796,642,3926.2
9797,642,4029.8
9798,642,3946.3
9799,642,4027.2
9800,642,4021.5
9801,642,3968.2
9802,642,3997.8
9803,642,3940.9
9804,642,3209.1
9805,642,4258.6
9806,642,3745.6
9807,642,3746.3
9808,642,3194.6
9809,642,3924.0
9810,642,4232.8
9811,642,3723.2
9812,642,3885.3
9813,642,3162.2
9814,642,3862.1
9815,642,4045.4
9816,642,4009.4
9817,642,3927.9
9818,642,4036.6
9819,642,4004.2
9820,642,3895.9
9821,642,3201.7
9822,642,3846.5
9823,642,3923.9
9824,642,3175.9
9825,642,3873.2
9826,642,3946.9
9827,642,3233.3
9828,642,3799.0
9829,642,3953.8
9830,642,3244.4
9831,642,3787.0
9832,642,3941.2
9833,642,3170.6
9834,642,3806.8
9835,642,3212.4
9836,642,3834.2
9837,642,3953.3
9838,642,3147.8
9839,642,3868.4
9840,642,3982.6
9841,642,3966.2
9842,642,3138.7
9843,642,3880.1
9844,642,3977.9
9845,642,4053.0
9846,642,4289.9
9847,642,3690.6
9848,642,3893.0
9849,642,3624.5
9850,642,3829.1
9851,642,3779.0
9852,642,4227.0
9853,642,4065.2
9854,642,3896.7
9855,642,3978.6
9856,642,4133.9
9857,642,3527.3
9858,642,3908.4
9859,642,4031.8
9860,642,4022.2
9861,642,3986.4
9862,642,3996.6
9863,642,3994.3
9864,642,3997.1
9865,642,3926.6
9866,642,4044.9
9867,642,4012.4
9868,642,3992.9
9869,642,3968.0
9870,642,3969.4
9871,642,3301.0
9872,642,3701.0
9873,642,4272.2
9874,642,3819.5
9875,642,4230.6
9876,642,4062.4
9877,642,4108.7
9878,642,3905.2
9879,642,3630.4
9880,642,4021.8
9881,642,3922.8
9882,642,3977.5
9883,642,4013.1
9884,642,3975.3
9885,642,3992.6
9886,642,3933.5
9887,642,3987.9
9888,642,3184.9
9889,642,3895.1
9890,642,3973.6
9891,642,3983.2
9892,642,3977.5
9893,642,4009.1
9894,642,4040.6
9895,642,3970.7
9896,642,3975.4
9897,642,3964.7
9898,642,4019.7
9899,642,3923.7
9900,642,3220.1
9901,642,3870.2
9902,642,3884.4
9903,642,3222.9
9904,642,3842.4
9905,642,3997.6
9906,642,4022.2
9907,642,3992.0
9908,642,4005.7
9909,642,3950.1
9910,642,3924.7
9911,642,3216.8
9912,642,3782.5
9913,642,3188.5
9914,642,3890.7
9915,642,3910.2
9916,642,4061.8
9917,642,3912.8
9918,642,3167.0
9919,642,3864.4
9920,642,4045.9
9921,642,3852.8
9922,642,3179.5
9923,642,3850.5
9924,642,3145.1
9925,642,3846.9
9926,642,3106.2
9927,642,3895.3
9928,642,3947.3
9929,642,3180.3
9930,642,3855.3
9931,642,3961.8
9932,642,3283.6
9933,642,3820.8
9934,642,4006.0
9935,642,3960.9
9936,642,3887.3
9937,642,3220.9
9938,642,3810.0
9939,642,3935.1
9940,642,3187.0
9941,642,3923.8
9942,642,3963.1
9943,642,3901.7
9944,642,3262.7
9945,642,3803.3
9946,642,3992.1
9947,642,3933.0
9948,642,4029.7
9949,642,3980.6
9950,642,3942.7
9951,642,3217.5
9952,642,3888.3
9953,642,4015.5
9954,642,3926.6
9955,642,3995.5
9956,642,3932.9
9957,642,3925.0
9958,642,3244.9
9959,642,3905.7
9960,642,3957.5
9961,642,3913.2
9962,642,3216.1
9963,642,3882.5
9964,642,3966.1
9965,642,3998.1
9966,642,3993.5
9967,642,3986.4
9968,642,3981.7
9969,642,3912.2
9970,642,3247.5
9971,642,3773.3
9972,642,3126.1
9973,642,3938.4
9974,642,3888.8
9975,642,3236.4
9976,642,3783.7
9977,642,4037.8
9978,642,3928.1
9979,642,4015.1
9980,642,4011.4
9981,642,4012.1
9982,642,3995.2
9983,642,3923.9
9984,642,3129.8
9985,642,3924.1
9986,642,3912.7
9987,642,3297.1
9988,642,3739.1
9989,642,3948.2
9990,642,3215.1
9991,642,3829.7
9992,642,4016.0
9993,642,3991.5
9994,642,3989.3
9995,642,3995.8
9996,642,3972.9
9997,642,4012.1
9998,642,4003.3
9999,642,3978.4
